transaction_id,transaction_date,store_id,customer_id,product_id,quantity,unit_price,discount_pct,payment_method,cashier_id
TXN-000001,2024-07-31,107,5388,1039,1,659.19,0,Cash,EMP-069
TXN-000002,2024-06-25,137,5248,1225,5,829.1,25,Credit Card,EMP-023
TXN-000003,2024-05-21,126,5355,1104,1,351.62,20,Cash,EMP-031
TXN-000004,2024-01-26,102,5190,1191,3,326.11,10,Cash,EMP-036
TXN-000005,2024-09-08,115,,1220,2,1023.64,10,Mobile Pay,EMP-042
TXN-000006,2024-05-17,129,5096,1187,2,503.21,20,Mobile Pay,EMP-067
TXN-000007,2024-07-10,120,5033,1211,5,318.63,20,Debit Card,EMP-068
TXN-000008,2024-10-18,154,5102,1008,1,321.7,5,Credit Card,EMP-059
TXN-000009,2024-01-26,153,5188,1236,4,133.42,20,Credit Card,EMP-004
TXN-000010,2024-05-03,131,5491,1096,5,400.55,15,Cash,EMP-021
TXN-000011,2024-05-12,102,,1192,4,210.09,0,Debit Card,EMP-074
TXN-000012,2024-04-19,118,5105,1220,4,666.99,0,Credit Card,EMP-061
TXN-000013,2024-03-08,117,5114,1166,5,552.75,10,Cash,EMP-055
TXN-000014,2024-07-11,120,5238,1219,5,430.66,20,Gift Card,EMP-014
TXN-000015,2024-01-04,124,5429,1131,5,956.52,10,Cash,EMP-014
TXN-000016,2024-09-03,118,5166,1017,3,120.58,10,Debit Card,EMP-020
TXN-000017,2024-09-21,155,,1196,5,165.3,20,Cash,EMP-018
TXN-000018,2024-01-14,127,5464,1168,4,409.98,20,Credit Card,EMP-075
TXN-000019,2024-12-28,115,5365,1147,5,1181.36,25,Cash,EMP-065
TXN-000020,2024-06-02,112,5285,1217,3,167.03,0,Mobile Pay,EMP-017
TXN-000021,2024-05-12,144,5093,1186,3,594.38,0,Debit Card,EMP-046
TXN-000022,2024-04-24,122,5454,1191,3,439.26,10,Gift Card,EMP-038
TXN-000023,2024-08-25,141,,1218,5,291.95,0,Mobile Pay,EMP-025
TXN-000024,2024-09-13,127,5152,1031,1,326.91,0,Debit Card,EMP-026
TXN-000025,2024-06-24,110,5234,1105,3,98.72,0,Credit Card,EMP-063
TXN-000026,2024-06-19,101,5029,1162,4,1398.46,10,Debit Card,EMP-022
TXN-000027,2024-10-22,106,5399,1196,2,150.37,20,Mobile Pay,EMP-052
TXN-000028,2024-08-07,135,,1248,2,976.41,15,Credit Card,EMP-042
TXN-000029,2024-09-28,147,,1049,2,545.85,5,Cash,EMP-040
TXN-000030,2024-03-07,105,5085,1027,1,691.73,10,Cash,EMP-059
TXN-000031,2024-09-23,109,5351,1153,3,293.8,25,Cash,EMP-025
TXN-000032,2024-03-25,115,5009,1243,2,87.18,0,Debit Card,EMP-003
TXN-000033,2024-10-28,151,5333,1130,1,541.83,20,Cash,EMP-069
TXN-000034,2024-11-15,107,,1013,1,126.14,0,Credit Card,EMP-054
TXN-000035,2024-08-15,110,5359,1098,2,207.97,0,Cash,EMP-054
TXN-000036,2024-12-04,145,5310,1026,2,763.94,20,Credit Card,EMP-066
TXN-000037,2024-11-12,113,5254,1031,5,202.3,5,Cash,EMP-067
TXN-000038,2024-04-13,136,5020,1092,4,74.08,5,Mobile Pay,EMP-043
TXN-000039,2024-04-30,108,,1001,5,73.51,25,Debit Card,EMP-012
TXN-000040,2024-09-18,117,,1020,2,69.27,25,Cash,EMP-034
TXN-000041,2024-08-25,155,5020,1013,3,76.7,15,Cash,EMP-055
TXN-000042,2024-02-29,155,5004,1025,2,920.06,0,Cash,EMP-046
TXN-000043,2024-08-12,124,5047,1245,3,1101.78,0,Credit Card,EMP-052
TXN-000044,2024-07-23,155,5353,1247,4,484.03,20,Debit Card,EMP-015
TXN-000045,2024-03-08,111,5432,1179,1,837.87,20,Gift Card,EMP-062
TXN-000046,2024-10-18,123,5398,1174,5,318.97,0,Debit Card,EMP-062
TXN-000047,2024-09-06,117,5032,1029,3,966.99,0,Gift Card,EMP-074
TXN-000048,2024-10-16,134,5173,1058,5,1411.96,0,Mobile Pay,EMP-032
TXN-000049,2024-09-03,154,5076,1089,5,178.14,0,Credit Card,EMP-021
TXN-000050,2024-09-15,105,5084,1218,4,422.77,15,Debit Card,EMP-043
TXN-000051,2024-05-22,126,5193,1013,2,117.43,0,Mobile Pay,EMP-057
TXN-000052,2024-10-20,108,5161,1115,4,440.84,0,Credit Card,EMP-052
TXN-000053,2024-07-30,106,,1010,5,838.42,10,Gift Card,EMP-072
TXN-000054,2024-04-15,153,5186,1168,1,471.3,5,Mobile Pay,EMP-043
TXN-000055,2024-10-13,124,5336,1197,4,469.67,0,Credit Card,EMP-029
TXN-000056,2024-01-02,119,5409,1088,5,183.63,15,Credit Card,EMP-006
TXN-000057,2024-03-25,127,5369,1127,1,90.28,10,Gift Card,EMP-026
TXN-000058,2024-04-06,153,5234,1031,2,340.27,15,Credit Card,EMP-054
TXN-000059,2024-01-24,150,5063,1238,4,256.84,25,Gift Card,EMP-065
TXN-000060,2024-03-09,136,5024,1247,4,502.26,25,Gift Card,EMP-023
TXN-000061,2024-12-20,125,5053,1149,5,654.91,15,Gift Card,EMP-050
TXN-000062,2024-08-02,118,5127,1251,4,827.98,15,Cash,EMP-058
TXN-000063,2024-03-09,133,5383,1036,3,147.12,15,Gift Card,EMP-028
TXN-000064,2024-04-12,144,5176,1054,2,1061.26,0,Gift Card,EMP-070
TXN-000065,2024-12-21,123,,1164,5,520.54,25,Gift Card,EMP-074
TXN-000066,2024-12-07,135,5430,1182,3,539.05,20,Credit Card,EMP-067
TXN-000067,2024-02-24,104,,1007,2,195.01,10,Debit Card,EMP-037
TXN-000068,2024-12-15,151,,1065,3,485.29,5,Gift Card,EMP-005
TXN-000069,2024-07-02,148,5345,1209,5,458.9,5,Gift Card,EMP-050
TXN-000070,2024-05-01,145,5147,1131,1,833.02,20,Mobile Pay,EMP-054
TXN-000071,2024-12-16,148,,1081,3,1189.24,5,Gift Card,EMP-057
TXN-000072,2024-04-25,149,5188,1234,5,665.66,5,Debit Card,EMP-038
TXN-000073,2024-08-17,112,,1046,5,384.49,0,Mobile Pay,EMP-006
TXN-000074,2024-08-07,138,,1072,3,142.9,0,Cash,EMP-060
TXN-000075,2024-12-29,139,5165,1240,1,557.81,10,Mobile Pay,EMP-074
TXN-000076,2024-10-08,115,5269,1092,2,39.99,0,Gift Card,EMP-021
TXN-000077,2024-07-31,115,,1140,2,49.46,15,Cash,EMP-047
TXN-000078,2024-05-30,136,5243,1056,1,301.13,0,Cash,EMP-058
TXN-000079,2024-05-03,103,5124,1232,3,1084.2,20,Credit Card,EMP-050
TXN-000080,2024-05-11,134,,1139,3,151.14,25,Mobile Pay,EMP-006
TXN-000081,2024-05-31,107,5042,1230,2,406.64,0,Credit Card,EMP-027
TXN-000082,2024-12-09,154,5217,1162,1,1218.24,5,Gift Card,EMP-056
TXN-000083,2024-11-27,102,5078,1210,4,411.38,15,Credit Card,EMP-012
TXN-000084,2024-02-07,137,5036,1014,2,277.76,10,Mobile Pay,EMP-050
TXN-000085,2024-08-18,144,5199,1162,1,906.01,0,Gift Card,EMP-009
TXN-000086,2024-10-26,133,,1012,1,201.75,10,Cash,EMP-078
TXN-000087,2024-02-14,153,5202,1073,1,444.23,25,Debit Card,EMP-069
TXN-000088,2024-04-22,135,5434,1035,3,510.97,0,Cash,EMP-048
TXN-000089,2024-01-06,103,,1142,1,604.14,20,Gift Card,EMP-071
TXN-000090,2024-02-13,123,5371,1079,2,429.12,20,Gift Card,EMP-019
TXN-000091,2024-03-23,108,5099,1048,2,545.9,0,Gift Card,EMP-060
TXN-000092,2024-11-26,107,5128,1141,2,390.63,25,Cash,EMP-046
TXN-000093,2024-03-06,140,,1172,1,440.96,5,Cash,EMP-063
TXN-000094,2024-08-18,110,5299,1085,5,758.55,15,Cash,EMP-055
TXN-000095,2024-03-27,148,5364,1002,4,222.63,10,Cash,EMP-018
TXN-000096,2024-12-13,123,5228,1188,3,84.4,25,Gift Card,EMP-014
TXN-000097,2024-03-30,153,5439,1166,2,838.0,5,Cash,EMP-010
TXN-000098,2024-02-08,153,5015,1229,5,302.7,20,Gift Card,EMP-028
TXN-000099,2024-01-19,131,5276,1142,2,363.43,15,Mobile Pay,EMP-029
TXN-000100,2024-10-28,133,,1188,5,128.83,0,Mobile Pay,EMP-047
TXN-000101,2024-09-14,140,5412,1003,2,884.27,0,Mobile Pay,EMP-021
TXN-000102,2024-04-01,110,5495,1145,4,373.7,15,Credit Card,EMP-029
TXN-000103,2024-09-06,143,5021,1060,2,79.27,15,Mobile Pay,EMP-061
TXN-000104,2024-08-20,107,5165,1226,5,481.37,10,Cash,EMP-075
TXN-000105,2024-10-05,138,5187,1146,1,272.43,10,Mobile Pay,EMP-029
TXN-000106,2024-09-21,151,5249,1104,4,442.31,0,Gift Card,EMP-018
TXN-000107,2024-08-13,114,5143,1043,2,135.88,0,Debit Card,EMP-047
TXN-000108,2024-11-04,152,5212,1184,3,1052.05,0,Mobile Pay,EMP-062
TXN-000109,2024-09-02,102,5210,1054,2,1033.82,0,Debit Card,EMP-074
TXN-000110,2024-10-30,137,5456,1042,2,622.08,0,Debit Card,EMP-034
TXN-000111,2024-04-02,141,5288,1133,1,1325.36,10,Credit Card,EMP-028
TXN-000112,2024-08-17,115,5087,1156,4,466.18,0,Gift Card,EMP-024
TXN-000113,2024-11-15,122,5351,1169,4,277.84,0,Debit Card,EMP-049
TXN-000114,2024-07-16,133,5440,1034,4,224.34,0,Gift Card,EMP-013
TXN-000115,2024-03-31,151,5449,1122,5,234.53,0,Credit Card,EMP-062
TXN-000116,2024-12-03,150,5000,1034,4,453.95,20,Cash,EMP-006
TXN-000117,2024-12-23,151,5246,1136,4,966.34,15,Gift Card,EMP-074
TXN-000118,2024-02-20,155,5119,1109,1,182.83,10,Gift Card,EMP-070
TXN-000119,2024-07-28,101,5404,1066,5,133.6,0,Gift Card,EMP-001
TXN-000120,2024-07-11,124,5209,1168,1,307.15,0,Mobile Pay,EMP-075
TXN-000121,2024-05-09,140,5187,1067,3,587.37,20,Debit Card,EMP-053
TXN-000122,2024-10-09,136,5286,1201,4,65.8,10,Cash,EMP-074
TXN-000123,2024-06-25,143,5437,1199,1,964.05,5,Mobile Pay,EMP-021
TXN-000124,2024-02-21,136,5410,1055,5,891.76,0,Debit Card,EMP-050
TXN-000125,2024-11-21,139,5241,1002,4,334.21,0,Credit Card,EMP-034
TXN-000126,2024-04-23,125,,1095,4,581.98,10,Gift Card,EMP-008
TXN-000127,2024-03-30,155,,1164,5,611.06,10,Debit Card,EMP-005
TXN-000128,2024-11-02,144,5086,1131,1,678.87,15,Debit Card,EMP-001
TXN-000129,2024-03-21,143,5180,1023,4,687.01,20,Gift Card,EMP-026
TXN-000130,2024-09-22,106,,1004,5,751.09,10,Gift Card,EMP-075
TXN-000131,2024-06-27,113,5310,1089,4,218.25,20,Gift Card,EMP-001
TXN-000132,2024-05-13,105,,1045,5,374.78,10,Cash,EMP-015
TXN-000133,2024-09-19,137,5406,1245,3,790.43,25,Mobile Pay,EMP-073
TXN-000134,2024-09-04,130,5397,1198,4,540.09,0,Mobile Pay,EMP-015
TXN-000135,2024-05-12,144,5112,1018,2,525.58,15,Mobile Pay,EMP-046
TXN-000136,2024-09-21,119,5127,1138,1,431.37,20,Cash,EMP-010
TXN-000137,2024-10-10,137,5111,1239,3,261.75,0,Debit Card,EMP-064
TXN-000138,2024-04-12,115,5105,1061,2,311.76,5,Gift Card,EMP-046
TXN-000139,2024-03-20,143,5346,1200,4,561.03,0,Gift Card,EMP-006
TXN-000140,2024-09-03,137,5451,1096,3,446.27,25,Debit Card,EMP-066
TXN-000141,2024-05-23,134,5027,1102,4,437.36,25,Gift Card,EMP-005
TXN-000142,2024-09-14,130,5089,1089,1,141.99,25,Cash,EMP-002
TXN-000143,2024-01-07,124,5166,1173,5,749.7,10,Debit Card,EMP-071
TXN-000144,2024-05-14,124,5175,1061,2,208.14,25,Mobile Pay,EMP-027
TXN-000145,2024-08-02,118,5205,1180,4,869.03,0,Gift Card,EMP-017
TXN-000146,2024-10-21,118,,1176,2,412.57,20,Mobile Pay,EMP-026
TXN-000147,2024-03-15,152,,1205,1,474.26,0,Mobile Pay,EMP-064
TXN-000148,2024-03-09,121,5368,1229,4,669.65,10,Cash,EMP-072
TXN-000149,2024-10-17,114,5030,1013,3,106.57,25,Credit Card,EMP-058
TXN-000150,2024-06-20,152,5477,1067,3,396.67,15,Credit Card,EMP-053
TXN-000151,2024-03-03,137,5101,1090,5,394.53,0,Cash,EMP-046
TXN-000152,2024-06-15,106,5228,1173,4,1005.77,10,Mobile Pay,EMP-019
TXN-000153,2024-03-26,140,5323,1164,5,775.97,20,Credit Card,EMP-011
TXN-000154,2024-03-23,146,5149,1088,3,160.82,20,Cash,EMP-057
TXN-000155,2024-07-04,111,5211,1192,2,175.87,0,Debit Card,EMP-031
TXN-000156,2024-12-04,114,5040,1065,2,959.19,20,Credit Card,EMP-013
TXN-000157,2024-02-02,150,5013,1240,4,1049.35,0,Credit Card,EMP-034
TXN-000158,2024-11-12,120,5199,1040,2,153.51,5,Cash,EMP-057
TXN-000159,2024-11-16,103,5014,1033,3,157.19,15,Mobile Pay,EMP-060
TXN-000160,2024-10-03,145,5496,1240,5,637.67,0,Gift Card,EMP-077
TXN-000161,2024-08-21,134,5222,1162,5,1197.38,10,Cash,EMP-062
TXN-000162,2024-10-03,127,5187,1059,3,798.46,0,Cash,EMP-002
TXN-000163,2024-01-01,119,5176,1134,4,850.91,0,Mobile Pay,EMP-062
TXN-000164,2024-06-02,115,5305,1003,1,952.91,15,Debit Card,EMP-053
TXN-000165,2024-10-14,142,5377,1112,4,308.75,20,Debit Card,EMP-034
TXN-000166,2024-02-10,140,5409,1109,3,295.07,10,Gift Card,EMP-035
TXN-000167,2024-07-30,108,5148,1049,4,1212.08,25,Cash,EMP-080
TXN-000168,2024-09-08,135,5496,1049,1,787.23,0,Credit Card,EMP-037
TXN-000169,2024-05-17,106,5119,1033,2,272.22,0,Mobile Pay,EMP-028
TXN-000170,2024-06-24,130,5190,1108,1,360.74,15,Credit Card,EMP-019
TXN-000171,2024-01-29,131,,1069,2,929.2,5,Cash,EMP-049
TXN-000172,2024-01-07,150,5197,1032,4,601.43,5,Credit Card,EMP-026
TXN-000173,2024-08-23,131,5106,1189,4,863.31,10,Cash,EMP-021
TXN-000174,2024-11-18,108,5266,1187,3,329.23,25,Cash,EMP-026
TXN-000175,2024-07-03,108,5498,1228,2,319.13,20,Cash,EMP-002
TXN-000176,2024-03-26,151,,1204,2,569.25,0,Credit Card,EMP-075
TXN-000177,2024-12-19,106,5394,1122,2,202.64,0,Mobile Pay,EMP-012
TXN-000178,2024-12-17,141,5388,1159,1,874.93,0,Cash,EMP-020
TXN-000179,2024-12-25,115,,1138,3,929.94,15,Mobile Pay,EMP-025
TXN-000180,2024-01-11,103,5128,1177,4,383.87,25,Gift Card,EMP-038
TXN-000181,2024-10-04,123,5278,1179,3,695.73,25,Cash,EMP-077
TXN-000182,2024-10-10,153,5151,1042,3,570.97,15,Mobile Pay,EMP-001
TXN-000183,2024-11-22,140,5009,1130,3,678.03,5,Cash,EMP-009
TXN-000184,2024-12-03,144,5268,1248,4,1028.94,0,Gift Card,EMP-037
TXN-000185,2024-06-14,134,,1105,1,78.05,0,Debit Card,EMP-023
TXN-000186,2024-01-17,137,5016,1052,4,319.75,25,Gift Card,EMP-080
TXN-000187,2024-12-25,146,5310,1152,1,667.78,0,Debit Card,EMP-063
TXN-000188,2024-02-10,136,,1120,4,360.0,15,Credit Card,EMP-079
TXN-000189,2024-05-16,120,,1136,1,623.86,5,Gift Card,EMP-013
TXN-000190,2024-02-21,134,5098,1186,2,361.74,0,Gift Card,EMP-072
TXN-000191,2024-07-31,144,5183,1192,4,108.33,20,Credit Card,EMP-022
TXN-000192,2024-04-02,135,5080,1141,5,564.04,25,Cash,EMP-041
TXN-000193,2024-10-08,128,5324,1084,3,1176.99,5,Gift Card,EMP-070
TXN-000194,2024-04-19,124,5130,1097,4,1195.37,25,Mobile Pay,EMP-001
TXN-000195,2024-01-18,109,,1252,3,826.14,0,Cash,EMP-029
TXN-000196,2024-04-19,145,5482,1220,3,737.26,0,Credit Card,EMP-005
TXN-000197,2024-08-23,138,5455,1092,2,44.49,5,Cash,EMP-039
TXN-000198,2024-02-17,105,5375,1147,3,849.73,25,Debit Card,EMP-063
TXN-000199,2024-12-19,142,5304,1180,3,761.26,0,Gift Card,EMP-049
TXN-000200,2024-02-10,153,5178,1200,4,524.21,20,Credit Card,EMP-030
TXN-000201,2024-11-30,150,,1218,4,472.27,0,Cash,EMP-068
TXN-000202,2024-01-22,133,,1082,2,112.26,0,Credit Card,EMP-051
TXN-000203,2024-08-16,128,5113,1193,3,286.63,20,Debit Card,EMP-017
TXN-000204,2024-06-21,126,5280,1022,3,892.35,0,Mobile Pay,EMP-065
TXN-000205,2024-08-10,136,5246,1199,2,958.69,25,Mobile Pay,EMP-074
TXN-000206,2024-04-10,116,5126,1144,1,1038.89,10,Mobile Pay,EMP-042
TXN-000207,2024-12-16,127,,1237,4,66.86,15,Cash,EMP-025
TXN-000208,2024-06-13,120,,1089,2,168.79,15,Gift Card,EMP-057
TXN-000209,2024-11-15,113,5119,1038,3,746.85,0,Credit Card,EMP-015
TXN-000210,2024-01-28,154,5444,1063,3,1068.11,0,Cash,EMP-015
TXN-000211,2024-06-05,135,5378,1116,2,330.8,5,Gift Card,EMP-067
TXN-000212,2024-05-12,145,5072,1141,1,607.05,20,Gift Card,EMP-068
TXN-000213,2024-01-23,145,5404,1066,5,130.68,10,Credit Card,EMP-060
TXN-000214,2024-12-01,143,5138,1242,3,17.73,0,Credit Card,EMP-038
TXN-000215,2024-11-28,107,5363,1099,3,582.78,25,Gift Card,EMP-069
TXN-000216,2024-02-15,146,5287,1048,1,532.42,0,Debit Card,EMP-068
TXN-000217,2024-06-05,123,5009,1086,3,72.87,15,Cash,EMP-031
TXN-000218,2024-09-13,125,5449,1071,1,1198.46,10,Debit Card,EMP-020
TXN-000219,2024-06-23,147,,1230,4,326.84,5,Mobile Pay,EMP-031
TXN-000220,2024-10-20,122,5309,1040,4,223.44,0,Debit Card,EMP-018
TXN-000221,2024-10-24,120,5070,1139,5,146.8,0,Mobile Pay,EMP-019
TXN-000222,2024-12-01,136,5034,1239,5,381.41,0,Debit Card,EMP-041
TXN-000223,2024-03-15,127,5498,1187,4,323.33,10,Mobile Pay,EMP-036
TXN-000224,2024-03-18,102,,1200,5,619.97,10,Gift Card,EMP-073
TXN-000225,2024-11-09,123,5013,1060,1,137.25,25,Debit Card,EMP-065
TXN-000226,2024-11-05,125,5436,1121,4,1092.51,25,Debit Card,EMP-021
TXN-000227,2024-04-08,118,5007,1058,4,600.05,5,Debit Card,EMP-027
TXN-000228,2024-02-03,140,5443,1046,4,371.36,15,Mobile Pay,EMP-032
TXN-000229,2024-08-06,125,5422,1104,3,625.95,20,Gift Card,EMP-074
TXN-000230,2024-10-31,103,5402,1138,5,760.14,0,Mobile Pay,EMP-059
TXN-000231,2024-01-22,148,5202,1225,1,1279.18,20,Gift Card,EMP-007
TXN-000232,2024-04-07,153,5396,1075,3,17.04,25,Debit Card,EMP-055
TXN-000233,2024-05-30,110,5462,1157,4,329.24,25,Credit Card,EMP-065
TXN-000234,2024-02-27,135,5356,1047,2,1121.57,20,Mobile Pay,EMP-042
TXN-000235,2024-08-18,113,5364,1007,4,157.4,0,Cash,EMP-042
TXN-000236,2024-12-20,147,5367,1167,1,626.1,0,Credit Card,EMP-058
TXN-000237,2024-11-20,151,5372,1093,5,656.0,0,Mobile Pay,EMP-071
TXN-000238,2024-07-13,143,5289,1012,2,211.69,0,Debit Card,EMP-023
TXN-000239,2024-12-30,129,5393,1014,3,357.2,0,Credit Card,EMP-017
TXN-000240,2024-04-13,132,5234,1001,4,139.49,0,Gift Card,EMP-064
TXN-000241,2024-05-01,129,5209,1056,1,233.81,0,Debit Card,EMP-071
TXN-000242,2024-05-22,104,5106,1159,2,1127.56,0,Credit Card,EMP-045
TXN-000243,2024-01-19,139,5429,1038,3,1025.71,15,Credit Card,EMP-007
TXN-000244,2024-02-25,140,5145,1107,5,115.48,0,Mobile Pay,EMP-075
TXN-000245,2024-07-03,124,5165,1239,4,217.57,0,Mobile Pay,EMP-071
TXN-000246,2024-02-03,118,,1075,3,17.53,20,Gift Card,EMP-027
TXN-000247,2024-12-22,147,,1054,5,1051.3,0,Mobile Pay,EMP-078
TXN-000248,2024-12-27,134,5132,1074,5,234.1,15,Debit Card,EMP-079
TXN-000249,2024-10-15,152,5252,1128,2,795.46,5,Cash,EMP-025
TXN-000250,2024-01-01,148,5060,1031,2,147.17,20,Mobile Pay,EMP-006
TXN-000251,2024-06-19,141,5005,1090,2,315.59,10,Cash,EMP-009
TXN-000252,2024-06-06,108,5003,1077,3,84.63,15,Mobile Pay,EMP-073
TXN-000253,2024-11-11,154,5169,1246,3,391.45,25,Mobile Pay,EMP-005
TXN-000254,2024-11-26,135,5456,1035,3,415.07,25,Mobile Pay,EMP-008
TXN-000255,2024-09-23,135,5284,1077,1,88.83,5,Gift Card,EMP-043
TXN-000256,2024-06-30,122,5015,1017,4,196.72,0,Gift Card,EMP-078
TXN-000257,2024-07-18,120,5384,1048,3,776.21,0,Cash,EMP-053
TXN-000258,2024-02-14,120,5424,1128,2,1035.06,10,Debit Card,EMP-015
TXN-000259,2024-07-10,129,5047,1201,5,37.84,0,Mobile Pay,EMP-065
TXN-000260,2024-03-19,134,5447,1049,3,802.75,15,Debit Card,EMP-013
TXN-000261,2024-09-21,130,5018,1174,4,479.07,0,Credit Card,EMP-040
TXN-000262,2024-01-23,130,5170,1176,1,698.1,0,Gift Card,EMP-040
TXN-000263,2024-01-12,121,5107,1148,2,964.52,5,Cash,EMP-036
TXN-000264,2024-09-29,110,5139,1082,2,133.93,10,Credit Card,EMP-002
TXN-000265,2024-11-14,136,5179,1144,3,956.33,10,Debit Card,EMP-037
TXN-000266,2024-10-20,122,5456,1063,5,553.98,25,Credit Card,EMP-017
TXN-000267,2024-01-15,125,,1121,1,1244.09,0,Mobile Pay,EMP-051
TXN-000268,2024-04-01,145,5428,1181,4,651.7,15,Cash,EMP-043
TXN-000269,2024-04-11,149,5040,1183,4,398.67,0,Credit Card,EMP-060
TXN-000270,2024-02-19,130,5392,1117,4,16.9,5,Debit Card,EMP-019
TXN-000271,2024-11-11,143,5358,1067,3,609.71,15,Mobile Pay,EMP-063
TXN-000272,2024-01-16,155,5236,1017,2,137.29,10,Cash,EMP-078
TXN-000273,2024-10-21,151,5365,1033,1,231.39,15,Gift Card,EMP-010
TXN-000274,2024-06-03,140,5122,1137,2,754.89,0,Mobile Pay,EMP-050
TXN-000275,2024-02-03,151,5220,1088,4,157.23,15,Gift Card,EMP-031
TXN-000276,2024-03-29,137,5364,1170,4,631.05,0,Gift Card,EMP-077
TXN-000277,2024-08-25,120,5090,1084,4,951.36,0,Gift Card,EMP-014
TXN-000278,2024-12-16,132,5167,1209,1,517.86,0,Debit Card,EMP-018
TXN-000279,2024-10-24,110,5387,1232,2,1177.57,25,Gift Card,EMP-038
TXN-000280,2024-07-18,121,5348,1158,3,375.22,10,Mobile Pay,EMP-045
TXN-000281,2024-02-15,155,5206,1150,2,536.01,10,Credit Card,EMP-048
TXN-000282,2024-10-08,123,5420,1248,1,614.31,10,Credit Card,EMP-031
TXN-000283,2024-08-09,125,5364,1180,4,769.79,20,Mobile Pay,EMP-070
TXN-000284,2024-04-18,136,,1170,4,396.72,15,Mobile Pay,EMP-020
TXN-000285,2024-05-27,105,,1224,1,367.68,0,Mobile Pay,EMP-056
TXN-000286,2024-03-10,130,5440,1022,5,627.87,20,Gift Card,EMP-024
TXN-000287,2024-08-20,123,5196,1131,2,626.23,0,Mobile Pay,EMP-078
TXN-000288,2024-01-04,133,5364,1148,3,788.33,20,Gift Card,EMP-074
TXN-000289,2024-07-06,124,5360,1009,1,422.51,25,Credit Card,EMP-019
TXN-000290,2024-09-26,130,5143,1252,5,1325.46,0,Gift Card,EMP-079
TXN-000291,2024-02-15,143,5491,1063,1,753.1,10,Gift Card,EMP-007
TXN-000292,2024-06-24,131,5262,1137,5,967.47,15,Mobile Pay,EMP-046
TXN-000293,2024-05-30,148,5305,1075,3,12.85,10,Credit Card,EMP-061
TXN-000294,2024-10-23,152,5149,1044,5,669.84,0,Cash,EMP-063
TXN-000295,2024-02-12,117,5142,1033,2,230.93,10,Cash,EMP-033
TXN-000296,2024-01-08,148,5302,1190,2,239.42,25,Cash,EMP-023
TXN-000297,2024-05-13,134,5409,1201,1,73.5,15,Credit Card,EMP-019
TXN-000298,2024-10-31,127,5385,1240,4,1010.66,5,Mobile Pay,EMP-022
TXN-000299,2024-04-17,117,5328,1148,1,948.19,0,Debit Card,EMP-060
TXN-000300,2024-07-23,135,5385,1122,2,144.76,20,Mobile Pay,EMP-061
TXN-000301,2024-05-14,152,5147,1038,4,807.55,20,Cash,EMP-068
TXN-000302,2024-12-15,123,5326,1245,4,605.15,10,Cash,EMP-035
TXN-000303,2024-05-16,130,5200,1206,2,424.44,5,Gift Card,EMP-044
TXN-000304,2024-12-12,144,5005,1177,1,610.08,0,Credit Card,EMP-053
TXN-000305,2024-02-20,147,5112,1135,3,9.38,10,Debit Card,EMP-005
TXN-000306,2024-01-13,154,5336,1159,2,660.37,0,Credit Card,EMP-012
TXN-000307,2024-11-05,137,5331,1034,2,301.72,0,Debit Card,EMP-033
TXN-000308,2024-05-30,130,,1120,3,325.53,20,Cash,EMP-033
TXN-000309,2024-03-23,125,5195,1200,3,537.32,0,Cash,EMP-034
TXN-000310,2024-04-01,140,5102,1113,4,140.59,0,Mobile Pay,EMP-014
TXN-000311,2024-03-14,107,5329,1139,4,156.0,10,Credit Card,EMP-005
TXN-000312,2024-02-07,102,5228,1019,4,648.0,0,Credit Card,EMP-005
TXN-000313,2024-12-06,126,5463,1100,5,166.28,0,Gift Card,EMP-063
TXN-000314,2024-09-01,151,5415,1112,1,311.41,5,Credit Card,EMP-050
TXN-000315,2024-12-18,135,,1210,3,370.43,15,Cash,EMP-052
TXN-000316,2024-01-29,135,5187,1162,3,1407.24,0,Mobile Pay,EMP-038
TXN-000317,2024-11-27,125,,1052,2,348.5,10,Mobile Pay,EMP-014
TXN-000318,2024-11-18,141,,1177,4,377.07,5,Debit Card,EMP-005
TXN-000319,2024-04-08,125,5250,1007,1,258.09,10,Mobile Pay,EMP-069
TXN-000320,2024-08-18,104,,1248,3,1418.86,0,Mobile Pay,EMP-016
TXN-000321,2024-04-18,144,5481,1207,5,513.99,0,Gift Card,EMP-030
TXN-000322,2024-02-06,131,5009,1010,5,960.59,0,Debit Card,EMP-017
TXN-000323,2024-01-08,151,5420,1045,1,453.49,25,Gift Card,EMP-022
TXN-000324,2024-10-29,132,,1017,5,178.47,5,Credit Card,EMP-026
TXN-000325,2024-08-06,126,5347,1087,3,1067.73,0,Gift Card,EMP-070
TXN-000326,2024-03-11,103,5391,1083,5,580.8,0,Cash,EMP-009
TXN-000327,2024-03-02,124,5356,1071,5,654.85,0,Mobile Pay,EMP-032
TXN-000328,2024-10-24,140,5323,1011,4,504.86,0,Credit Card,EMP-063
TXN-000329,2024-02-11,142,5361,1002,5,153.11,10,Mobile Pay,EMP-061
TXN-000330,2024-12-20,129,5267,1033,4,171.94,5,Debit Card,EMP-079
TXN-000331,2024-12-20,106,5313,1010,3,865.24,15,Mobile Pay,EMP-001
TXN-000332,2024-10-12,140,5048,1061,3,190.91,5,Mobile Pay,EMP-027
TXN-000333,2024-05-21,155,5350,1014,4,282.93,25,Debit Card,EMP-021
TXN-000334,2024-12-09,114,5145,1237,4,38.19,10,Cash,EMP-079
TXN-000335,2024-08-20,135,,1012,2,113.76,0,Credit Card,EMP-063
TXN-000336,2024-09-20,138,5227,1030,5,456.52,15,Mobile Pay,EMP-026
TXN-000337,2024-12-12,115,5166,1230,1,306.12,5,Mobile Pay,EMP-026
TXN-000338,2024-07-11,104,5248,1229,4,391.94,0,Debit Card,EMP-079
TXN-000339,2024-08-20,147,,1046,2,245.59,15,Cash,EMP-026
TXN-000340,2024-06-20,109,5143,1033,1,137.65,25,Mobile Pay,EMP-054
TXN-000341,2024-03-28,111,5309,1195,5,419.02,0,Gift Card,EMP-071
TXN-000342,2024-04-27,114,5441,1023,5,445.36,25,Mobile Pay,EMP-036
TXN-000343,2024-01-08,121,5126,1187,4,508.47,5,Gift Card,EMP-020
TXN-000344,2024-10-20,131,5020,1230,5,207.22,0,Mobile Pay,EMP-068
TXN-000345,2024-07-20,129,5050,1123,4,938.76,5,Credit Card,EMP-072
TXN-000346,2024-01-07,123,5067,1178,3,703.39,5,Credit Card,EMP-003
TXN-000347,2024-09-02,137,5439,1172,5,324.02,0,Mobile Pay,EMP-060
TXN-000348,2024-03-11,124,5446,1224,4,376.77,0,Credit Card,EMP-050
TXN-000349,2024-12-19,118,5385,1086,5,75.45,5,Credit Card,EMP-080
TXN-000350,2024-06-20,144,5465,1189,3,960.14,0,Credit Card,EMP-050
TXN-000351,2024-07-06,142,5089,1120,5,315.39,0,Gift Card,EMP-027
TXN-000352,2024-03-11,131,5332,1252,5,869.96,5,Debit Card,EMP-042
TXN-000353,2024-06-29,104,5141,1230,1,288.13,15,Cash,EMP-058
TXN-000354,2024-09-05,146,,1129,5,310.33,10,Mobile Pay,EMP-080
TXN-000355,2024-07-07,105,5481,1205,2,390.88,25,Credit Card,EMP-011
TXN-000356,2024-07-19,107,5039,1230,2,260.82,10,Credit Card,EMP-019
TXN-000357,2024-09-11,102,5321,1039,3,1247.13,20,Gift Card,EMP-017
TXN-000358,2024-08-30,119,5010,1089,2,145.52,0,Credit Card,EMP-030
TXN-000359,2024-09-23,142,5335,1166,3,659.81,25,Gift Card,EMP-068
TXN-000360,2024-10-07,151,5459,1114,3,276.29,0,Cash,EMP-030
TXN-000361,2024-09-04,110,5024,1096,3,567.62,10,Mobile Pay,EMP-022
TXN-000362,2024-11-12,112,5093,1237,2,44.52,0,Debit Card,EMP-015
TXN-000363,2024-01-22,112,5189,1082,2,115.48,0,Cash,EMP-045
TXN-000364,2024-03-16,120,5273,1096,1,386.56,0,Mobile Pay,EMP-064
TXN-000365,2024-03-15,148,5002,1243,5,62.31,15,Cash,EMP-061
TXN-000366,2024-05-28,143,5293,1249,2,1018.32,25,Cash,EMP-015
TXN-000367,2024-09-02,120,5059,1231,1,110.3,20,Gift Card,EMP-029
TXN-000368,2024-08-16,142,,1092,2,41.05,5,Cash,EMP-026
TXN-000369,2024-01-12,106,5343,1022,5,941.21,20,Debit Card,EMP-063
TXN-000370,2024-06-11,143,5465,1155,3,263.48,20,Debit Card,EMP-055
TXN-000371,2024-07-08,120,5179,1099,4,674.74,0,Debit Card,EMP-057
TXN-000372,2024-07-31,128,5372,1206,4,615.44,0,Gift Card,EMP-077
TXN-000373,2024-02-14,134,5444,1037,3,588.32,0,Gift Card,EMP-049
TXN-000374,2024-02-15,112,5212,1002,5,244.49,25,Gift Card,EMP-018
TXN-000375,2024-04-12,103,5251,1048,3,922.05,10,Mobile Pay,EMP-072
TXN-000376,2024-08-25,117,,1058,3,595.42,25,Credit Card,EMP-037
TXN-000377,2024-08-01,102,5125,1046,1,269.95,10,Mobile Pay,EMP-009
TXN-000378,2024-11-02,117,5223,1191,4,293.71,0,Cash,EMP-066
TXN-000379,2024-10-21,110,5029,1005,3,139.83,25,Debit Card,EMP-046
TXN-000380,2024-03-24,123,5466,1014,1,308.89,10,Cash,EMP-068
TXN-000381,2024-11-23,112,5321,1240,1,504.86,0,Gift Card,EMP-042
TXN-000382,2024-06-10,144,5138,1212,3,383.47,0,Gift Card,EMP-075
TXN-000383,2024-06-29,119,,1211,3,357.2,25,Mobile Pay,EMP-044
TXN-000384,2024-03-24,113,5425,1027,5,582.61,0,Mobile Pay,EMP-059
TXN-000385,2024-02-09,123,5245,1030,3,919.51,15,Debit Card,EMP-057
TXN-000386,2024-11-01,120,5363,1134,1,821.18,0,Debit Card,EMP-017
TXN-000387,2024-12-21,109,5107,1037,1,911.43,20,Credit Card,EMP-010
TXN-000388,2024-01-10,107,5100,1199,1,808.61,0,Mobile Pay,EMP-016
TXN-000389,2024-05-09,107,5386,1012,1,108.13,5,Gift Card,EMP-026
TXN-000390,2024-04-04,155,,1172,3,339.59,15,Cash,EMP-021
TXN-000391,2024-09-13,105,5291,1200,1,1012.17,0,Gift Card,EMP-028
TXN-000392,2024-04-08,101,5275,1247,1,408.75,5,Gift Card,EMP-061
TXN-000393,2024-07-06,107,5490,1179,2,755.45,15,Mobile Pay,EMP-055
TXN-000394,2024-04-19,121,,1132,1,410.74,25,Credit Card,EMP-067
TXN-000395,2024-03-10,147,5285,1127,1,159.83,0,Cash,EMP-064
TXN-000396,2024-02-29,144,5159,1099,4,616.82,5,Gift Card,EMP-053
TXN-000397,2024-05-28,154,5035,1253,4,798.47,15,Debit Card,EMP-002
TXN-000398,2024-12-11,143,5267,1126,1,1132.04,0,Debit Card,EMP-051
TXN-000399,2024-07-24,111,,1178,1,632.35,15,Debit Card,EMP-044
TXN-000400,2024-04-12,154,5119,1153,4,372.73,25,Cash,EMP-075
TXN-000401,2024-10-30,126,5482,1070,3,836.77,25,Gift Card,EMP-052
TXN-000402,2024-09-05,108,5055,1131,3,542.85,25,Mobile Pay,EMP-030
TXN-000403,2024-11-17,104,,1242,1,21.04,25,Credit Card,EMP-023
TXN-000404,2024-07-14,140,5318,1155,1,278.84,0,Gift Card,EMP-064
TXN-000405,2024-08-26,117,5258,1052,5,396.83,15,Gift Card,EMP-070
TXN-000406,2024-01-10,108,5450,1244,4,841.61,25,Cash,EMP-049
TXN-000407,2024-08-14,150,5337,1118,3,629.94,0,Mobile Pay,EMP-056
TXN-000408,2024-03-09,137,5056,1080,4,594.63,25,Mobile Pay,EMP-072
TXN-000409,2024-03-21,125,5302,1130,5,468.4,15,Cash,EMP-042
TXN-000410,2024-02-01,124,,1008,3,481.21,0,Cash,EMP-049
TXN-000411,2024-02-19,104,5179,1110,2,567.49,5,Debit Card,EMP-040
TXN-000412,2024-10-30,120,,1022,1,1231.74,15,Debit Card,EMP-003
TXN-000413,2024-10-02,137,5216,1084,5,548.23,20,Cash,EMP-003
TXN-000414,2024-12-22,137,5193,1121,4,994.23,15,Gift Card,EMP-013
TXN-000415,2024-09-07,133,5254,1026,3,780.25,0,Gift Card,EMP-039
TXN-000416,2024-07-05,151,5433,1249,1,697.14,5,Cash,EMP-034
TXN-000417,2024-01-25,140,5115,1077,1,119.94,0,Gift Card,EMP-044
TXN-000418,2024-05-19,114,5218,1018,3,617.62,0,Cash,EMP-065
TXN-000419,2024-06-02,126,5212,1111,3,703.71,25,Gift Card,EMP-024
TXN-000420,2024-01-10,132,5295,1161,2,841.79,25,Cash,EMP-069
TXN-000421,2024-11-10,147,5289,1219,1,608.97,5,Cash,EMP-060
TXN-000422,2024-03-16,155,5153,1062,4,646.6,20,Cash,EMP-009
TXN-000423,2024-11-20,142,5146,1053,2,1040.55,10,Gift Card,EMP-031
TXN-000424,2024-07-26,152,5125,1062,3,617.39,25,Mobile Pay,EMP-072
TXN-000425,2024-08-11,111,,1109,3,300.0,0,Credit Card,EMP-034
TXN-000426,2024-05-22,147,5021,1169,4,287.25,0,Credit Card,EMP-011
TXN-000427,2024-06-09,127,,1155,3,199.86,0,Mobile Pay,EMP-018
TXN-000428,2024-04-30,134,5061,1029,5,770.0,10,Mobile Pay,EMP-012
TXN-000429,2024-05-01,154,5168,1154,5,620.19,20,Debit Card,EMP-055
TXN-000430,2024-04-21,129,5140,1037,4,520.39,10,Gift Card,EMP-008
TXN-000431,2024-09-08,135,5162,1137,4,697.13,25,Debit Card,EMP-036
TXN-000432,2024-03-15,102,5157,1093,5,996.15,0,Credit Card,EMP-031
TXN-000433,2024-05-09,124,5358,1142,1,412.06,5,Mobile Pay,EMP-050
TXN-000434,2024-01-05,117,5469,1233,3,789.14,0,Debit Card,EMP-039
TXN-000435,2024-04-17,121,5323,1221,4,1326.4,0,Cash,EMP-011
TXN-000436,2024-09-08,146,5170,1121,4,1112.26,0,Debit Card,EMP-034
TXN-000437,2024-09-16,136,5416,1017,3,122.45,25,Credit Card,EMP-007
TXN-000438,2024-11-24,109,5328,1165,1,89.79,20,Debit Card,EMP-040
TXN-000439,2024-06-09,146,5264,1148,2,506.84,20,Cash,EMP-058
TXN-000440,2024-09-01,138,5351,1224,3,385.59,10,Debit Card,EMP-011
TXN-000441,2024-07-31,154,5483,1095,5,661.36,5,Credit Card,EMP-003
TXN-000442,2024-10-12,130,5045,1166,2,841.54,10,Debit Card,EMP-007
TXN-000443,2024-07-24,124,5045,1159,2,953.69,0,Credit Card,EMP-068
TXN-000444,2024-08-10,132,5344,1198,1,941.76,5,Debit Card,EMP-025
TXN-000445,2024-05-16,155,5220,1074,2,302.46,5,Cash,EMP-025
TXN-000446,2024-08-02,119,,1047,3,834.31,5,Gift Card,EMP-058
TXN-000447,2024-05-07,101,5043,1095,4,973.91,0,Cash,EMP-051
TXN-000448,2024-12-17,139,5376,1055,3,1047.33,0,Credit Card,EMP-072
TXN-000449,2024-01-31,123,5465,1014,5,328.69,0,Credit Card,EMP-033
TXN-000450,2024-09-15,124,5343,1159,2,911.94,0,Gift Card,EMP-023
TXN-000451,2024-05-13,130,5449,1044,2,632.49,0,Cash,EMP-068
TXN-000452,2024-08-09,132,5065,1037,3,623.72,15,Mobile Pay,EMP-037
TXN-000453,2024-05-14,121,5264,1157,4,310.67,0,Cash,EMP-063
TXN-000454,2024-03-18,129,5408,1143,1,507.43,5,Debit Card,EMP-007
TXN-000455,2024-04-27,130,5361,1047,4,545.14,0,Mobile Pay,EMP-006
TXN-000456,2024-08-14,132,5234,1092,1,89.52,0,Credit Card,EMP-045
TXN-000457,2024-02-17,148,5086,1053,5,1055.83,10,Gift Card,EMP-075
TXN-000458,2024-04-18,150,,1150,5,1322.31,0,Mobile Pay,EMP-010
TXN-000459,2024-05-06,122,,1197,1,425.25,10,Credit Card,EMP-051
TXN-000460,2024-07-10,121,,1152,2,1155.05,0,Credit Card,EMP-059
TXN-000461,2024-12-28,139,5137,1169,1,270.54,15,Credit Card,EMP-080
TXN-000462,2024-08-19,152,5464,1084,5,1256.86,0,Debit Card,EMP-007
TXN-000463,2024-11-25,105,,1073,5,307.08,20,Credit Card,EMP-052
TXN-000464,2024-05-10,106,5204,1046,1,211.28,5,Debit Card,EMP-050
TXN-000465,2024-07-25,108,5078,1073,3,407.59,25,Mobile Pay,EMP-040
TXN-000466,2024-12-16,124,5426,1155,5,165.32,5,Mobile Pay,EMP-058
TXN-000467,2024-07-17,149,5046,1122,4,139.85,15,Gift Card,EMP-024
TXN-000468,2024-08-10,122,,1162,4,924.25,5,Debit Card,EMP-064
TXN-000469,2024-09-26,130,,1162,4,1111.36,0,Mobile Pay,EMP-039
TXN-000470,2024-03-17,116,5430,1252,5,690.04,20,Cash,EMP-073
TXN-000471,2024-01-25,107,,1142,5,291.28,20,Mobile Pay,EMP-013
TXN-000472,2024-08-25,117,5181,1170,5,655.0,0,Gift Card,EMP-003
TXN-000473,2024-02-28,154,5093,1190,4,408.64,0,Credit Card,EMP-054
TXN-000474,2024-12-26,143,5387,1077,4,70.73,10,Cash,EMP-024
TXN-000475,2024-04-18,144,5132,1048,1,458.2,20,Gift Card,EMP-003
TXN-000476,2024-01-03,130,5244,1102,4,385.49,25,Cash,EMP-080
TXN-000477,2024-11-11,126,5345,1093,3,1184.09,0,Debit Card,EMP-018
TXN-000478,2024-01-08,113,,1049,1,620.8,5,Mobile Pay,EMP-019
TXN-000479,2024-11-28,135,5404,1062,2,872.37,0,Cash,EMP-060
TXN-000480,2024-03-16,110,,1122,4,162.79,25,Mobile Pay,EMP-003
TXN-000481,2024-08-18,154,5424,1150,4,722.29,0,Cash,EMP-002
TXN-000482,2024-02-22,155,5212,1162,4,1280.88,10,Credit Card,EMP-063
TXN-000483,2024-07-23,144,5478,1125,4,325.38,5,Credit Card,EMP-068
TXN-000484,2024-01-10,142,5137,1109,4,283.9,25,Credit Card,EMP-064
TXN-000485,2024-11-14,102,5223,1241,2,306.9,10,Debit Card,EMP-061
TXN-000486,2024-06-25,144,5465,1113,3,171.66,25,Debit Card,EMP-038
TXN-000487,2024-12-30,142,5344,1100,3,289.84,25,Debit Card,EMP-080
TXN-000488,2024-04-16,131,,1073,2,421.1,0,Debit Card,EMP-021
TXN-000489,2024-11-06,120,5252,1126,2,649.05,5,Gift Card,EMP-007
TXN-000490,2024-01-10,112,5081,1092,5,83.68,0,Credit Card,EMP-044
TXN-000491,2024-08-08,115,,1030,4,794.92,10,Cash,EMP-046
TXN-000492,2024-01-24,155,5077,1198,5,916.67,0,Credit Card,EMP-057
TXN-000493,2024-08-22,107,,1247,5,649.97,0,Gift Card,EMP-006
TXN-000494,2024-09-16,114,,1027,3,549.13,0,Cash,EMP-057
TXN-000495,2024-09-16,142,,1128,3,938.18,15,Debit Card,EMP-016
TXN-000496,2024-04-13,116,5003,1113,4,312.53,15,Cash,EMP-065
TXN-000497,2024-03-28,124,5212,1022,2,728.46,0,Gift Card,EMP-054
TXN-000498,2024-04-26,130,5209,1036,5,200.14,15,Credit Card,EMP-057
TXN-000499,2024-03-15,105,5483,1198,1,401.61,15,Cash,EMP-052
TXN-000500,2024-03-25,142,5338,1112,2,211.8,0,Gift Card,EMP-038
TXN-000501,2024-08-02,120,5447,1103,3,93.05,15,Credit Card,EMP-036
TXN-000502,2024-09-27,142,5228,1157,2,329.53,25,Cash,EMP-052
TXN-000503,2024-04-11,122,,1226,4,653.57,0,Gift Card,EMP-070
TXN-000504,2024-05-25,122,5266,1055,2,576.4,0,Credit Card,EMP-070
TXN-000505,2024-10-30,128,5371,1067,5,350.5,0,Credit Card,EMP-048
TXN-000506,2024-05-12,149,,1161,1,721.46,25,Cash,EMP-074
TXN-000507,2024-01-03,138,5381,1117,5,17.4,5,Cash,EMP-039
TXN-000508,2024-05-25,109,5344,1171,4,943.47,5,Credit Card,EMP-042
TXN-000509,2024-09-21,107,5232,1150,2,682.51,20,Mobile Pay,EMP-011
TXN-000510,2024-02-17,114,,1016,4,719.55,0,Cash,EMP-068
TXN-000511,2024-07-25,117,5446,1151,5,815.39,25,Mobile Pay,EMP-057
TXN-000512,2024-12-18,153,5213,1239,2,500.02,0,Gift Card,EMP-017
TXN-000513,2024-09-05,134,5262,1183,1,314.55,5,Mobile Pay,EMP-061
TXN-000514,2024-01-17,108,5471,1192,5,115.53,20,Credit Card,EMP-016
TXN-000515,2024-07-08,124,5060,1147,3,761.92,15,Cash,EMP-038
TXN-000516,2024-09-05,138,,1008,4,558.06,0,Cash,EMP-037
TXN-000517,2024-04-20,136,5062,1047,3,1152.92,0,Credit Card,EMP-054
TXN-000518,2024-09-03,151,5172,1147,4,777.94,25,Gift Card,EMP-017
TXN-000519,2024-03-11,129,5341,1130,2,844.94,15,Credit Card,EMP-080
TXN-000520,2024-12-06,122,5202,1160,5,624.85,0,Mobile Pay,EMP-036
TXN-000521,2024-11-26,141,5292,1023,3,632.96,0,Gift Card,EMP-011
TXN-000522,2024-04-08,137,5027,1245,5,1099.13,5,Mobile Pay,EMP-065
TXN-000523,2024-01-10,102,5492,1031,3,282.32,5,Debit Card,EMP-075
TXN-000524,2024-08-15,138,5205,1022,1,1150.93,25,Credit Card,EMP-044
TXN-000525,2024-08-11,125,5162,1047,3,839.28,0,Credit Card,EMP-013
TXN-000526,2024-10-04,106,5393,1044,2,514.47,10,Mobile Pay,EMP-022
TXN-000527,2024-01-31,104,5365,1158,3,490.75,20,Credit Card,EMP-041
TXN-000528,2024-03-13,153,5482,1106,1,1197.11,0,Debit Card,EMP-031
TXN-000529,2024-11-01,125,5258,1151,1,600.85,10,Credit Card,EMP-041
TXN-000530,2024-08-25,141,5208,1142,2,420.83,0,Cash,EMP-071
TXN-000531,2024-10-27,151,5333,1173,2,656.36,10,Gift Card,EMP-053
TXN-000532,2024-08-16,110,5400,1022,3,1181.67,0,Debit Card,EMP-069
TXN-000533,2024-08-04,153,5000,1247,4,680.09,10,Debit Card,EMP-001
TXN-000534,2024-01-31,154,5128,1239,4,491.96,15,Debit Card,EMP-075
TXN-000535,2024-09-18,105,5288,1073,3,220.93,0,Mobile Pay,EMP-016
TXN-000536,2024-03-12,114,5221,1186,5,492.89,15,Cash,EMP-034
TXN-000537,2024-12-28,122,5164,1116,2,273.18,25,Gift Card,EMP-043
TXN-000538,2024-01-09,139,5001,1234,4,695.38,0,Credit Card,EMP-023
TXN-000539,2024-07-30,126,5390,1143,5,521.53,0,Credit Card,EMP-069
TXN-000540,2024-01-16,108,5344,1229,3,662.0,20,Gift Card,EMP-046
TXN-000541,2024-07-17,108,5004,1046,4,350.87,15,Debit Card,EMP-057
TXN-000542,2024-01-05,146,5348,1057,3,970.5,5,Credit Card,EMP-079
TXN-000543,2024-11-16,124,5252,1078,1,379.29,10,Mobile Pay,EMP-078
TXN-000544,2024-04-17,108,5202,1002,3,196.01,25,Debit Card,EMP-071
TXN-000545,2024-04-09,137,5308,1169,2,331.64,0,Gift Card,EMP-017
TXN-000546,2024-02-03,134,5116,1033,3,182.47,5,Credit Card,EMP-069
TXN-000547,2024-11-10,128,5001,1065,1,804.16,15,Mobile Pay,EMP-053
TXN-000548,2024-05-20,134,5185,1032,1,493.54,5,Credit Card,EMP-036
TXN-000549,2024-08-03,113,,1137,3,746.78,0,Gift Card,EMP-004
TXN-000550,2024-04-25,116,5469,1251,2,880.27,0,Cash,EMP-040
TXN-000551,2024-02-02,128,,1161,1,793.84,15,Cash,EMP-032
TXN-000552,2024-02-25,153,5027,1122,3,135.34,5,Credit Card,EMP-077
TXN-000553,2024-11-13,108,5296,1113,1,273.27,0,Credit Card,EMP-049
TXN-000554,2024-06-09,109,,1228,1,672.38,25,Credit Card,EMP-039
TXN-000555,2024-11-08,104,,1161,5,674.97,0,Cash,EMP-049
TXN-000556,2024-07-24,139,5442,1025,5,778.25,0,Mobile Pay,EMP-050
TXN-000557,2024-08-25,122,5051,1204,1,661.03,25,Gift Card,EMP-043
TXN-000558,2024-10-27,146,,1050,1,537.49,5,Gift Card,EMP-017
TXN-000559,2024-11-22,140,5371,1131,4,529.88,0,Debit Card,EMP-018
TXN-000560,2024-01-23,142,5262,1016,3,523.63,10,Gift Card,EMP-070
TXN-000561,2024-03-15,124,5149,1038,1,766.46,0,Credit Card,EMP-031
TXN-000562,2024-09-16,123,5216,1210,2,384.6,5,Debit Card,EMP-009
TXN-000563,2024-06-23,139,5239,1049,3,1064.08,15,Gift Card,EMP-039
TXN-000564,2024-08-02,103,5404,1085,4,490.1,5,Credit Card,EMP-029
TXN-000565,2024-12-20,148,5246,1059,3,614.95,20,Debit Card,EMP-052
TXN-000566,2024-04-04,123,5037,1212,1,420.22,0,Debit Card,EMP-038
TXN-000567,2024-08-13,103,5184,1050,1,900.59,5,Debit Card,EMP-037
TXN-000568,2024-03-30,155,5173,1057,5,1068.42,5,Debit Card,EMP-026
TXN-000569,2024-01-12,154,5010,1046,2,351.74,20,Credit Card,EMP-044
TXN-000570,2024-04-17,143,5190,1079,2,549.6,20,Credit Card,EMP-016
TXN-000571,2024-03-14,135,5098,1226,4,1073.86,15,Cash,EMP-077
TXN-000572,2024-08-07,140,5390,1251,5,845.6,5,Gift Card,EMP-038
TXN-000573,2024-03-17,109,5143,1084,5,711.59,25,Debit Card,EMP-011
TXN-000574,2024-08-28,133,,1203,4,170.0,15,Mobile Pay,EMP-067
TXN-000575,2024-08-25,131,5355,1046,4,230.33,25,Cash,EMP-075
TXN-000576,2024-07-24,114,5018,1164,2,835.69,5,Mobile Pay,EMP-031
TXN-000577,2024-07-21,111,5292,1056,3,181.14,10,Gift Card,EMP-011
TXN-000578,2024-03-09,115,5180,1193,5,170.53,0,Mobile Pay,EMP-066
TXN-000579,2024-11-14,124,5209,1087,4,789.33,15,Cash,EMP-049
TXN-000580,2024-01-13,123,5038,1046,1,258.26,10,Gift Card,EMP-066
TXN-000581,2024-10-06,107,5116,1165,1,78.64,0,Cash,EMP-005
TXN-000582,2024-10-06,120,5128,1052,3,413.44,5,Gift Card,EMP-018
TXN-000583,2024-10-05,153,5144,1234,3,474.91,20,Mobile Pay,EMP-075
TXN-000584,2024-12-01,110,5389,1004,4,609.33,5,Debit Card,EMP-027
TXN-000585,2024-08-30,130,5387,1060,4,128.5,15,Credit Card,EMP-041
TXN-000586,2024-04-06,129,5107,1110,4,805.85,0,Cash,EMP-018
TXN-000587,2024-10-22,132,5004,1224,3,218.67,15,Debit Card,EMP-054
TXN-000588,2024-08-05,135,5353,1176,3,654.09,15,Gift Card,EMP-003
TXN-000589,2024-10-17,122,,1202,5,577.6,20,Mobile Pay,EMP-027
TXN-000590,2024-07-19,122,5055,1017,5,144.41,25,Cash,EMP-012
TXN-000591,2024-03-28,145,5423,1027,5,883.62,25,Credit Card,EMP-024
TXN-000592,2024-04-11,115,5105,1018,3,790.38,0,Mobile Pay,EMP-008
TXN-000593,2024-07-07,127,5465,1133,4,552.78,0,Credit Card,EMP-017
TXN-000594,2024-10-01,114,,1108,2,422.21,5,Cash,EMP-056
TXN-000595,2024-12-29,120,5480,1171,5,741.96,5,Gift Card,EMP-059
TXN-000596,2024-05-21,105,,1052,4,278.58,5,Gift Card,EMP-043
TXN-000597,2024-10-18,148,5020,1226,1,781.44,10,Mobile Pay,EMP-045
TXN-000598,2024-12-24,153,5313,1216,2,482.8,20,Debit Card,EMP-023
TXN-000599,2024-11-12,112,5337,1188,5,92.89,0,Mobile Pay,EMP-006
TXN-000600,2024-05-02,135,5321,1227,3,1109.36,0,Debit Card,EMP-064
TXN-000601,2024-07-29,149,5039,1196,1,222.25,15,Mobile Pay,EMP-058
TXN-000602,2024-03-25,102,,1065,1,521.66,25,Mobile Pay,EMP-044
TXN-000603,2024-07-23,117,,1220,1,646.75,0,Cash,EMP-060
TXN-000604,2024-09-05,146,5124,1119,4,358.66,0,Mobile Pay,EMP-036
TXN-000605,2024-03-23,119,5090,1044,1,813.38,20,Debit Card,EMP-010
TXN-000606,2024-12-09,123,5225,1196,2,123.54,5,Credit Card,EMP-069
TXN-000607,2024-04-20,134,5415,1114,1,334.94,20,Cash,EMP-057
TXN-000608,2024-01-27,113,5392,1154,2,527.73,15,Debit Card,EMP-026
TXN-000609,2024-02-16,153,5172,1005,2,100.65,0,Debit Card,EMP-013
TXN-000610,2024-12-06,133,,1043,1,210.75,15,Cash,EMP-072
TXN-000611,2024-11-16,128,5202,1049,1,1029.64,5,Debit Card,EMP-014
TXN-000612,2024-07-01,101,5161,1083,4,324.69,5,Mobile Pay,EMP-029
TXN-000613,2024-02-03,103,5188,1169,1,349.64,5,Mobile Pay,EMP-039
TXN-000614,2024-11-02,135,,1128,5,1106.17,0,Cash,EMP-013
TXN-000615,2024-11-03,150,5347,1084,2,1283.33,15,Debit Card,EMP-041
TXN-000616,2024-12-07,138,,1124,4,352.62,20,Gift Card,EMP-030
TXN-000617,2024-09-14,102,,1151,5,912.3,0,Cash,EMP-031
TXN-000618,2024-08-07,109,,1194,3,697.33,25,Cash,EMP-026
TXN-000619,2024-03-18,147,,1097,5,726.92,25,Cash,EMP-018
TXN-000620,2024-05-22,151,5266,1082,4,121.91,10,Credit Card,EMP-030
TXN-000621,2024-06-18,143,5464,1088,2,163.34,5,Gift Card,EMP-049
TXN-000622,2024-09-23,132,5033,1083,1,328.53,5,Credit Card,EMP-019
TXN-000623,2024-04-14,151,5425,1033,2,149.4,5,Gift Card,EMP-011
TXN-000624,2024-08-06,116,5101,1186,4,456.86,0,Gift Card,EMP-032
TXN-000625,2024-06-04,118,5103,1074,4,266.07,0,Cash,EMP-051
TXN-000626,2024-07-12,148,5312,1043,4,172.36,0,Mobile Pay,EMP-003
TXN-000627,2024-07-14,120,5471,1110,5,852.91,0,Gift Card,EMP-023
TXN-000628,2024-05-11,136,5192,1098,5,297.45,25,Credit Card,EMP-043
TXN-000629,2024-03-10,101,5097,1184,1,805.5,15,Mobile Pay,EMP-052
TXN-000630,2024-07-31,132,5196,1241,3,248.1,0,Mobile Pay,EMP-005
TXN-000631,2024-03-04,128,5390,1099,3,1037.78,15,Gift Card,EMP-063
TXN-000632,2024-11-21,125,,1177,4,380.35,5,Debit Card,EMP-062
TXN-000633,2024-01-18,102,5346,1236,2,192.23,10,Gift Card,EMP-059
TXN-000634,2024-12-14,143,5487,1038,2,621.26,0,Credit Card,EMP-012
TXN-000635,2024-11-25,106,5300,1183,5,443.01,5,Mobile Pay,EMP-022
TXN-000636,2024-08-06,143,5272,1065,4,810.81,10,Mobile Pay,EMP-012
TXN-000637,2024-02-25,110,5416,1163,3,979.57,5,Mobile Pay,EMP-040
TXN-000638,2024-01-04,105,5049,1253,4,438.08,20,Cash,EMP-056
TXN-000639,2024-03-28,132,5101,1046,2,242.64,0,Mobile Pay,EMP-073
TXN-000640,2024-04-18,149,5414,1048,2,533.69,10,Mobile Pay,EMP-057
TXN-000641,2024-11-16,106,5085,1234,3,660.86,0,Mobile Pay,EMP-016
TXN-000642,2024-05-21,132,5244,1017,1,121.28,0,Credit Card,EMP-035
TXN-000643,2024-01-04,114,5049,1171,5,811.94,0,Mobile Pay,EMP-078
TXN-000644,2024-09-23,131,5248,1253,3,854.45,20,Cash,EMP-048
TXN-000645,2024-12-15,124,5122,1228,4,448.33,20,Gift Card,EMP-008
TXN-000646,2024-07-01,130,,1224,4,274.21,0,Credit Card,EMP-078
TXN-000647,2024-03-03,153,5384,1223,2,416.57,15,Mobile Pay,EMP-080
TXN-000648,2024-12-17,113,5338,1169,1,362.56,15,Credit Card,EMP-047
TXN-000649,2024-01-24,115,5227,1249,5,932.05,25,Mobile Pay,EMP-079
TXN-000650,2024-02-11,131,5476,1090,1,281.51,20,Cash,EMP-078
TXN-000651,2024-04-09,151,5292,1183,5,226.55,0,Debit Card,EMP-064
TXN-000652,2024-02-14,130,5447,1078,2,385.44,25,Credit Card,EMP-062
TXN-000653,2024-12-05,143,5385,1139,1,98.64,0,Mobile Pay,EMP-004
TXN-000654,2024-03-23,118,5392,1238,2,315.27,10,Mobile Pay,EMP-016
TXN-000655,2024-12-06,106,5251,1035,3,574.59,5,Gift Card,EMP-077
TXN-000656,2024-02-03,148,5380,1165,4,106.63,20,Debit Card,EMP-029
TXN-000657,2024-05-12,122,,1030,5,592.77,5,Credit Card,EMP-074
TXN-000658,2024-07-07,148,5295,1033,1,299.43,10,Credit Card,EMP-076
TXN-000659,2024-10-01,150,5163,1049,3,1207.01,0,Gift Card,EMP-078
TXN-000660,2024-10-29,155,,1057,4,532.3,15,Debit Card,EMP-038
TXN-000661,2024-04-22,119,,1128,2,902.93,0,Gift Card,EMP-041
TXN-000662,2024-06-07,155,,1129,5,430.9,25,Debit Card,EMP-064
TXN-000663,2024-05-29,152,,1181,3,842.84,0,Debit Card,EMP-029
TXN-000664,2024-12-24,155,5091,1189,4,431.9,20,Cash,EMP-021
TXN-000665,2024-01-12,123,5242,1141,4,559.14,20,Credit Card,EMP-068
TXN-000666,2024-05-24,136,5438,1073,4,422.86,0,Debit Card,EMP-042
TXN-000667,2024-10-24,120,5363,1222,4,1136.69,0,Gift Card,EMP-018
TXN-000668,2024-08-14,114,5107,1179,2,691.13,0,Cash,EMP-074
TXN-000669,2024-02-22,128,5192,1174,2,419.24,0,Credit Card,EMP-046
TXN-000670,2024-08-30,133,,1046,3,375.55,20,Debit Card,EMP-052
TXN-000671,2024-05-05,145,5154,1009,5,201.76,0,Mobile Pay,EMP-012
TXN-000672,2024-08-25,142,5323,1222,4,1146.82,15,Credit Card,EMP-016
TXN-000673,2024-02-29,133,5465,1022,2,616.02,0,Gift Card,EMP-074
TXN-000674,2024-10-20,138,5406,1123,2,597.95,20,Mobile Pay,EMP-056
TXN-000675,2024-06-01,151,5365,1147,5,630.96,0,Mobile Pay,EMP-003
TXN-000676,2024-07-20,132,5271,1143,1,495.55,0,Debit Card,EMP-016
TXN-000677,2024-04-02,129,5284,1221,3,1078.36,0,Credit Card,EMP-017
TXN-000678,2024-10-21,117,,1053,1,907.56,0,Credit Card,EMP-065
TXN-000679,2024-06-01,143,5483,1094,1,605.99,5,Cash,EMP-006
TXN-000680,2024-09-22,109,5227,1232,5,1200.6,25,Cash,EMP-067
TXN-000681,2024-06-29,143,5050,1156,1,338.48,5,Credit Card,EMP-025
TXN-000682,2024-03-13,139,5068,1077,5,109.83,5,Gift Card,EMP-046
TXN-000683,2024-05-22,117,5281,1033,3,274.96,20,Debit Card,EMP-052
TXN-000684,2024-08-21,145,5481,1022,2,1258.57,5,Credit Card,EMP-035
TXN-000685,2024-11-20,143,5288,1179,5,789.25,0,Mobile Pay,EMP-020
TXN-000686,2024-06-10,139,,1202,2,909.36,0,Cash,EMP-016
TXN-000687,2024-09-29,141,5168,1029,1,840.31,15,Cash,EMP-035
TXN-000688,2024-03-15,125,5050,1223,2,509.62,20,Credit Card,EMP-016
TXN-000689,2024-03-30,152,5420,1135,4,16.97,0,Gift Card,EMP-045
TXN-000690,2024-12-24,107,5311,1147,1,1220.7,0,Cash,EMP-050
TXN-000691,2024-04-02,135,5403,1089,5,197.2,20,Mobile Pay,EMP-076
TXN-000692,2024-03-06,143,5079,1067,2,261.01,0,Mobile Pay,EMP-073
TXN-000693,2024-05-16,146,5189,1014,2,521.25,20,Mobile Pay,EMP-024
TXN-000694,2024-08-12,118,5146,1253,4,535.45,5,Cash,EMP-012
TXN-000695,2024-06-05,106,5324,1105,1,85.79,5,Credit Card,EMP-022
TXN-000696,2024-10-21,132,5475,1015,1,183.83,20,Gift Card,EMP-018
TXN-000697,2024-09-02,135,5454,1128,1,792.32,20,Credit Card,EMP-079
TXN-000698,2024-04-07,128,,1234,5,766.81,15,Debit Card,EMP-068
TXN-000699,2024-12-16,144,5086,1156,5,199.18,5,Debit Card,EMP-010
TXN-000700,2024-07-06,128,5026,1215,4,64.64,20,Debit Card,EMP-048
TXN-000701,2024-02-27,155,5276,1087,1,1141.78,10,Cash,EMP-062
TXN-000702,2024-05-30,126,5291,1068,2,736.04,10,Gift Card,EMP-005
TXN-000703,2024-08-25,101,5182,1229,5,567.33,25,Cash,EMP-039
TXN-000704,2024-06-30,126,5095,1028,3,282.75,0,Credit Card,EMP-056
TXN-000705,2024-09-08,127,5078,1051,1,81.45,25,Credit Card,EMP-020
TXN-000706,2024-12-02,124,5153,1065,4,532.84,0,Gift Card,EMP-035
TXN-000707,2024-02-25,123,5071,1113,4,252.68,0,Cash,EMP-026
TXN-000708,2024-02-26,127,,1049,3,758.73,0,Debit Card,EMP-026
TXN-000709,2024-09-02,132,5215,1246,5,749.34,25,Debit Card,EMP-042
TXN-000710,2024-07-23,125,5422,1129,2,362.16,0,Credit Card,EMP-003
TXN-000711,2024-03-05,144,,1040,2,206.61,0,Cash,EMP-055
TXN-000712,2024-11-01,132,5144,1189,1,405.15,20,Debit Card,EMP-080
TXN-000713,2024-03-19,108,5392,1187,3,547.08,5,Mobile Pay,EMP-026
TXN-000714,2024-08-30,147,,1181,5,747.99,0,Debit Card,EMP-076
TXN-000715,2024-11-18,126,,1163,1,644.51,10,Debit Card,EMP-019
TXN-000716,2024-08-06,104,,1005,4,118.67,20,Gift Card,EMP-040
TXN-000717,2024-12-24,131,5218,1163,1,1301.68,20,Credit Card,EMP-039
TXN-000718,2024-02-26,127,5364,1069,2,663.72,15,Credit Card,EMP-024
TXN-000719,2024-01-21,119,5108,1001,4,77.77,10,Gift Card,EMP-013
TXN-000720,2024-08-08,120,5171,1048,1,565.26,0,Credit Card,EMP-071
TXN-000721,2024-03-07,150,5380,1085,5,607.33,15,Debit Card,EMP-036
TXN-000722,2024-04-17,141,5066,1150,5,834.63,0,Credit Card,EMP-076
TXN-000723,2024-12-01,107,5473,1210,1,219.49,15,Cash,EMP-061
TXN-000724,2024-04-13,113,,1137,4,928.8,10,Gift Card,EMP-045
TXN-000725,2024-07-06,128,,1115,1,757.35,25,Mobile Pay,EMP-068
TXN-000726,2024-09-14,109,5356,1203,3,88.0,0,Gift Card,EMP-008
TXN-000727,2024-12-21,135,5350,1049,5,1122.17,0,Debit Card,EMP-057
TXN-000728,2024-09-17,118,5310,1099,2,797.85,0,Credit Card,EMP-021
TXN-000729,2024-10-19,151,,1056,5,234.42,25,Gift Card,EMP-068
TXN-000730,2024-05-12,136,5137,1078,1,390.62,0,Debit Card,EMP-006
TXN-000731,2024-09-30,118,5482,1061,2,213.13,10,Credit Card,EMP-032
TXN-000732,2024-04-17,139,5323,1137,3,524.07,15,Credit Card,EMP-071
TXN-000733,2024-05-15,121,5150,1185,1,474.04,0,Cash,EMP-029
TXN-000734,2024-05-23,143,,1046,5,214.99,0,Mobile Pay,EMP-033
TXN-000735,2024-11-16,115,5226,1163,3,1004.65,10,Debit Card,EMP-075
TXN-000736,2024-11-18,115,5228,1207,4,593.54,15,Debit Card,EMP-062
TXN-000737,2024-02-17,112,5441,1127,2,94.87,25,Debit Card,EMP-037
TXN-000738,2024-01-11,144,5201,1080,5,356.84,5,Credit Card,EMP-019
TXN-000739,2024-02-06,126,5496,1110,1,511.46,0,Credit Card,EMP-078
TXN-000740,2024-02-21,101,,1097,1,876.81,0,Debit Card,EMP-011
TXN-000741,2024-05-17,101,5405,1037,1,1080.0,15,Credit Card,EMP-026
TXN-000742,2024-03-12,111,5417,1123,3,906.94,15,Mobile Pay,EMP-020
TXN-000743,2024-05-04,108,5278,1015,1,296.12,0,Credit Card,EMP-070
TXN-000744,2024-05-31,101,5072,1027,2,776.03,0,Debit Card,EMP-055
TXN-000745,2024-07-16,144,5471,1038,4,688.06,0,Mobile Pay,EMP-022
TXN-000746,2024-02-26,105,5182,1058,5,659.72,15,Credit Card,EMP-047
TXN-000747,2024-02-13,134,5219,1230,3,219.03,0,Mobile Pay,EMP-020
TXN-000748,2024-12-07,107,5178,1176,3,446.21,25,Cash,EMP-034
TXN-000749,2024-12-30,110,,1205,2,216.75,15,Debit Card,EMP-050
TXN-000750,2024-08-16,105,5417,1185,1,866.91,20,Cash,EMP-019
TXN-000751,2024-02-16,123,5197,1083,3,641.99,25,Mobile Pay,EMP-062
TXN-000752,2024-12-21,109,5170,1250,2,171.29,20,Mobile Pay,EMP-071
TXN-000753,2024-09-11,115,5420,1138,4,765.59,0,Gift Card,EMP-054
TXN-000754,2024-09-26,145,5112,1148,1,976.77,5,Cash,EMP-001
TXN-000755,2024-04-14,109,5490,1218,1,254.5,0,Cash,EMP-047
TXN-000756,2024-03-12,127,5282,1076,2,240.06,5,Debit Card,EMP-008
TXN-000757,2024-03-11,147,5193,1031,1,347.05,20,Cash,EMP-007
TXN-000758,2024-12-25,154,,1028,5,559.52,0,Credit Card,EMP-019
TXN-000759,2024-07-06,137,,1037,4,501.67,0,Debit Card,EMP-061
TXN-000760,2024-03-12,127,5240,1192,3,167.53,25,Credit Card,EMP-037
TXN-000761,2024-02-26,149,5309,1040,2,148.54,0,Credit Card,EMP-051
TXN-000762,2024-08-04,154,5364,1175,3,1050.18,10,Debit Card,EMP-055
TXN-000763,2024-03-21,109,5486,1070,2,964.26,20,Gift Card,EMP-008
TXN-000764,2024-04-22,139,5286,1101,1,741.61,25,Mobile Pay,EMP-041
TXN-000765,2024-11-30,152,5027,1165,3,113.17,20,Debit Card,EMP-035
TXN-000766,2024-02-25,122,5433,1027,1,490.35,5,Cash,EMP-021
TXN-000767,2024-10-04,120,5387,1028,2,308.08,5,Credit Card,EMP-031
TXN-000768,2024-05-17,151,5288,1022,4,1283.5,0,Credit Card,EMP-041
TXN-000769,2024-02-17,119,5384,1242,4,25.61,5,Cash,EMP-051
TXN-000770,2024-07-01,127,5169,1250,5,126.2,0,Gift Card,EMP-020
TXN-000771,2024-01-13,155,5444,1151,1,973.13,10,Debit Card,EMP-020
TXN-000772,2024-12-15,146,5487,1119,2,363.79,5,Debit Card,EMP-021
TXN-000773,2024-09-13,150,5267,1133,3,1353.12,25,Debit Card,EMP-044
TXN-000774,2024-05-28,146,5020,1093,4,1125.48,5,Debit Card,EMP-079
TXN-000775,2024-11-06,107,5254,1020,1,80.95,0,Cash,EMP-071
TXN-000776,2024-02-14,119,5478,1128,2,510.1,0,Cash,EMP-074
TXN-000777,2024-07-05,130,5395,1091,3,305.25,25,Cash,EMP-057
TXN-000778,2024-11-28,137,,1237,4,43.42,0,Cash,EMP-037
TXN-000779,2024-07-24,129,5066,1105,3,90.94,15,Cash,EMP-011
TXN-000780,2024-12-15,144,5448,1106,1,900.02,0,Debit Card,EMP-072
TXN-000781,2024-01-05,137,5081,1040,4,310.64,0,Debit Card,EMP-050
TXN-000782,2024-08-24,135,5328,1172,4,253.53,0,Credit Card,EMP-024
TXN-000783,2024-02-25,113,5221,1235,4,136.26,15,Credit Card,EMP-041
TXN-000784,2024-06-24,108,5243,1155,3,238.87,25,Credit Card,EMP-070
TXN-000785,2024-03-20,137,5163,1243,1,62.97,20,Credit Card,EMP-047
TXN-000786,2024-08-08,102,,1251,4,739.98,10,Cash,EMP-023
TXN-000787,2024-02-12,146,5152,1037,4,495.12,20,Gift Card,EMP-028
TXN-000788,2024-12-08,128,5047,1229,3,409.07,10,Debit Card,EMP-026
TXN-000789,2024-06-27,151,5352,1242,2,28.51,20,Cash,EMP-074
TXN-000790,2024-07-18,113,5305,1211,1,298.23,0,Cash,EMP-041
TXN-000791,2024-01-08,121,5255,1039,1,1264.53,20,Cash,EMP-067
TXN-000792,2024-01-02,141,5064,1253,4,586.11,0,Credit Card,EMP-028
TXN-000793,2024-04-06,125,5307,1108,2,502.67,15,Debit Card,EMP-025
TXN-000794,2024-12-13,102,5186,1148,3,1097.59,10,Gift Card,EMP-016
TXN-000795,2024-12-24,123,5210,1128,3,882.1,20,Gift Card,EMP-043
TXN-000796,2024-02-28,136,5090,1238,5,166.46,0,Gift Card,EMP-056
TXN-000797,2024-07-14,141,5223,1073,3,468.99,0,Credit Card,EMP-014
TXN-000798,2024-02-15,132,5053,1167,5,271.75,0,Mobile Pay,EMP-065
TXN-000799,2024-10-24,114,5215,1207,2,272.19,25,Gift Card,EMP-049
TXN-000800,2024-02-28,151,5179,1051,4,165.09,20,Mobile Pay,EMP-001
TXN-000801,2024-07-10,143,5450,1201,3,47.87,10,Mobile Pay,EMP-031
TXN-000802,2024-01-03,102,,1231,2,245.91,15,Gift Card,EMP-077
TXN-000803,2024-06-11,116,5220,1086,5,52.74,20,Debit Card,EMP-079
TXN-000804,2024-11-25,128,5295,1101,2,1304.01,20,Debit Card,EMP-052
TXN-000805,2024-06-11,152,5363,1133,2,673.0,0,Gift Card,EMP-051
TXN-000806,2024-11-17,121,5485,1235,2,77.66,0,Credit Card,EMP-004
TXN-000807,2024-08-11,140,5014,1003,5,861.79,0,Gift Card,EMP-049
TXN-000808,2024-01-13,141,5324,1191,3,400.06,0,Debit Card,EMP-029
TXN-000809,2024-06-01,152,5399,1050,4,834.04,10,Credit Card,EMP-036
TXN-000810,2024-02-12,138,,1240,1,550.31,0,Mobile Pay,EMP-077
TXN-000811,2024-03-03,106,5092,1028,1,340.28,25,Cash,EMP-027
TXN-000812,2024-07-19,105,,1026,4,665.4,0,Debit Card,EMP-054
TXN-000813,2024-07-11,111,5413,1228,2,435.24,10,Credit Card,EMP-023
TXN-000814,2024-12-03,122,5060,1146,3,420.68,25,Gift Card,EMP-077
TXN-000815,2024-10-06,108,5474,1002,2,187.45,0,Gift Card,EMP-003
TXN-000816,2024-09-22,108,5186,1132,2,655.74,0,Cash,EMP-018
TXN-000817,2024-04-22,118,5137,1022,4,1089.09,5,Credit Card,EMP-045
TXN-000818,2024-12-28,132,5414,1142,4,516.8,20,Debit Card,EMP-033
TXN-000819,2024-03-29,126,5143,1051,1,146.74,10,Debit Card,EMP-027
TXN-000820,2024-09-06,118,5382,1111,3,819.78,0,Gift Card,EMP-050
TXN-000821,2024-08-07,153,5323,1052,1,509.89,25,Debit Card,EMP-005
TXN-000822,2024-09-18,142,5423,1065,5,748.17,15,Mobile Pay,EMP-004
TXN-000823,2024-02-28,123,5095,1047,2,1145.09,0,Debit Card,EMP-048
TXN-000824,2024-07-09,121,,1038,1,975.57,15,Debit Card,EMP-060
TXN-000825,2024-10-17,125,5033,1204,3,596.7,5,Gift Card,EMP-028
TXN-000826,2024-02-22,152,5452,1144,1,765.17,20,Mobile Pay,EMP-041
TXN-000827,2024-06-12,103,5255,1051,3,93.63,20,Credit Card,EMP-016
TXN-000828,2024-08-19,137,5121,1044,1,685.27,10,Credit Card,EMP-074
TXN-000829,2024-01-03,126,,1234,1,577.61,0,Cash,EMP-003
TXN-000830,2024-02-05,120,5370,1121,3,603.66,15,Cash,EMP-052
TXN-000831,2024-02-10,126,5024,1143,3,481.24,25,Mobile Pay,EMP-016
TXN-000832,2024-07-10,104,,1241,1,300.31,0,Credit Card,EMP-042
TXN-000833,2024-12-18,147,5097,1186,3,444.21,0,Credit Card,EMP-034
TXN-000834,2024-01-23,122,5135,1029,5,444.63,20,Cash,EMP-022
TXN-000835,2024-03-11,110,,1150,5,895.51,20,Mobile Pay,EMP-016
TXN-000836,2024-09-24,118,5250,1136,3,800.14,25,Debit Card,EMP-012
TXN-000837,2024-05-15,136,,1197,2,351.55,5,Credit Card,EMP-010
TXN-000838,2024-09-10,153,5239,1016,4,579.53,5,Mobile Pay,EMP-014
TXN-000839,2024-06-23,155,5263,1054,3,1217.33,10,Mobile Pay,EMP-020
TXN-000840,2024-09-15,125,5186,1028,4,665.32,5,Mobile Pay,EMP-025
TXN-000841,2024-02-05,137,5487,1072,1,127.31,0,Mobile Pay,EMP-014
TXN-000842,2024-02-26,102,5136,1062,4,540.66,25,Cash,EMP-034
TXN-000843,2024-03-01,110,5108,1238,4,240.46,20,Gift Card,EMP-043
TXN-000844,2024-01-28,142,,1113,4,179.4,20,Debit Card,EMP-038
TXN-000845,2024-04-06,132,5311,1104,5,365.84,20,Credit Card,EMP-007
TXN-000846,2024-11-26,103,5027,1064,5,1123.9,10,Debit Card,EMP-009
TXN-000847,2024-09-29,146,5358,1026,4,541.49,20,Mobile Pay,EMP-013
TXN-000848,2024-04-22,114,5253,1188,2,126.04,5,Cash,EMP-037
TXN-000849,2024-12-27,112,,1153,5,235.54,25,Cash,EMP-031
TXN-000850,2024-03-28,130,5170,1081,2,982.07,0,Mobile Pay,EMP-055
TXN-000851,2024-06-20,111,5039,1006,1,460.42,15,Mobile Pay,EMP-075
TXN-000852,2024-01-01,153,5023,1126,1,1302.11,10,Debit Card,EMP-068
TXN-000853,2024-09-14,120,5051,1043,3,215.44,25,Mobile Pay,EMP-045
TXN-000854,2024-10-06,101,5234,1066,3,207.67,10,Cash,EMP-067
TXN-000855,2024-12-05,108,5247,1220,3,1150.54,0,Debit Card,EMP-053
TXN-000856,2024-04-22,116,5015,1169,5,391.87,20,Cash,EMP-027
TXN-000857,2024-02-15,118,5055,1050,5,1101.32,25,Gift Card,EMP-023
TXN-000858,2024-05-15,138,5200,1234,4,688.83,10,Cash,EMP-025
TXN-000859,2024-01-22,108,5313,1149,4,924.91,25,Gift Card,EMP-045
TXN-000860,2024-05-27,110,5350,1029,4,1017.93,0,Gift Card,EMP-038
TXN-000861,2024-11-15,105,5147,1143,3,444.42,0,Mobile Pay,EMP-006
TXN-000862,2024-04-21,132,,1073,3,462.91,0,Mobile Pay,EMP-046
TXN-000863,2024-12-04,119,5179,1214,5,205.69,0,Credit Card,EMP-035
TXN-000864,2024-03-14,119,5041,1188,2,73.0,0,Mobile Pay,EMP-046
TXN-000865,2024-05-07,107,5204,1208,3,1087.45,10,Gift Card,EMP-040
TXN-000866,2024-03-29,138,5411,1145,2,255.04,5,Cash,EMP-018
TXN-000867,2024-08-01,137,5152,1142,4,339.49,0,Mobile Pay,EMP-056
TXN-000868,2024-02-19,144,5257,1036,3,162.63,25,Cash,EMP-055
TXN-000869,2024-08-26,136,5467,1108,1,600.39,20,Credit Card,EMP-018
TXN-000870,2024-11-10,124,5262,1233,2,469.9,10,Credit Card,EMP-051
TXN-000871,2024-03-05,134,5390,1104,4,579.9,0,Credit Card,EMP-008
TXN-000872,2024-05-18,139,,1213,1,435.68,10,Gift Card,EMP-062
TXN-000873,2024-12-19,138,,1085,5,905.16,0,Debit Card,EMP-067
TXN-000874,2024-03-14,144,5114,1144,2,1139.67,10,Cash,EMP-001
TXN-000875,2024-09-05,101,,1160,2,786.33,0,Gift Card,EMP-013
TXN-000876,2024-05-06,133,,1053,4,529.88,20,Credit Card,EMP-016
TXN-000877,2024-06-02,154,5120,1104,5,499.06,10,Gift Card,EMP-057
TXN-000878,2024-12-02,102,,1158,2,238.13,0,Debit Card,EMP-022
TXN-000879,2024-09-18,119,5245,1190,3,420.35,0,Gift Card,EMP-064
TXN-000880,2024-07-07,107,5409,1171,4,612.22,20,Mobile Pay,EMP-019
TXN-000881,2024-01-15,138,5005,1073,3,348.62,0,Gift Card,EMP-057
TXN-000882,2024-01-22,147,5239,1233,4,763.1,10,Credit Card,EMP-021
TXN-000883,2024-07-02,146,5178,1129,5,395.92,20,Gift Card,EMP-009
TXN-000884,2024-03-30,122,5288,1168,4,288.13,0,Cash,EMP-039
TXN-000885,2024-07-20,131,5192,1018,5,792.79,0,Gift Card,EMP-065
TXN-000886,2024-12-03,138,5301,1135,3,11.27,20,Credit Card,EMP-006
TXN-000887,2024-01-16,107,5340,1219,4,593.59,25,Cash,EMP-030
TXN-000888,2024-05-01,125,5456,1027,4,1031.76,0,Credit Card,EMP-079
TXN-000889,2024-05-08,149,5226,1030,3,435.82,0,Debit Card,EMP-042
TXN-000890,2024-02-25,141,,1179,5,671.33,5,Debit Card,EMP-033
TXN-000891,2024-09-08,111,5379,1113,4,256.99,5,Credit Card,EMP-075
TXN-000892,2024-01-13,103,,1162,2,1375.78,0,Cash,EMP-053
TXN-000893,2024-10-17,147,5349,1140,5,62.92,25,Debit Card,EMP-027
TXN-000894,2024-10-19,136,5316,1212,2,289.29,0,Mobile Pay,EMP-055
TXN-000895,2024-11-16,151,5065,1097,5,1285.72,10,Credit Card,EMP-016
TXN-000896,2024-09-12,115,5011,1060,3,78.04,10,Mobile Pay,EMP-046
TXN-000897,2024-02-04,135,5038,1224,5,423.08,5,Gift Card,EMP-079
TXN-000898,2024-09-13,145,,1080,1,458.49,25,Cash,EMP-004
TXN-000899,2024-01-17,149,5454,1087,1,785.94,0,Debit Card,EMP-071
TXN-000900,2024-06-17,116,5031,1237,4,76.61,0,Gift Card,EMP-079
TXN-000901,2024-12-25,105,,1214,4,441.46,0,Gift Card,EMP-062
TXN-000902,2024-03-07,132,,1070,5,817.38,5,Cash,EMP-056
TXN-000903,2024-09-01,102,5116,1078,1,372.38,0,Debit Card,EMP-069
TXN-000904,2024-11-07,136,5009,1221,4,891.18,0,Mobile Pay,EMP-049
TXN-000905,2024-12-22,108,5070,1033,4,215.98,0,Gift Card,EMP-048
TXN-000906,2024-06-29,115,5121,1050,1,700.62,0,Debit Card,EMP-053
TXN-000907,2024-10-01,147,5447,1146,2,230.92,0,Credit Card,EMP-008
TXN-000908,2024-03-05,123,,1113,5,161.82,5,Cash,EMP-017
TXN-000909,2024-11-06,105,,1102,1,563.64,10,Gift Card,EMP-027
TXN-000910,2024-09-10,155,5468,1181,2,723.48,25,Cash,EMP-047
TXN-000911,2024-10-09,118,5457,1075,3,23.66,0,Credit Card,EMP-045
TXN-000912,2024-07-29,114,5040,1181,2,834.62,5,Cash,EMP-071
TXN-000913,2024-04-17,103,5072,1032,2,380.76,25,Mobile Pay,EMP-015
TXN-000914,2024-01-11,125,5301,1128,3,1007.76,0,Credit Card,EMP-036
TXN-000915,2024-11-08,129,5196,1099,1,754.27,5,Debit Card,EMP-049
TXN-000916,2024-04-04,120,,1169,1,259.03,15,Credit Card,EMP-078
TXN-000917,2024-06-21,138,5385,1237,2,80.42,0,Cash,EMP-080
TXN-000918,2024-08-10,149,5376,1222,1,845.11,0,Gift Card,EMP-050
TXN-000919,2024-12-13,128,5237,1074,5,326.45,10,Debit Card,EMP-049
TXN-000920,2024-08-27,101,5464,1191,3,473.87,10,Credit Card,EMP-032
TXN-000921,2024-10-04,118,5315,1076,3,213.89,10,Cash,EMP-078
TXN-000922,2024-01-07,117,5428,1032,2,356.76,25,Mobile Pay,EMP-003
TXN-000923,2024-08-13,141,5245,1003,5,753.73,5,Mobile Pay,EMP-008
TXN-000924,2024-10-23,121,5282,1241,1,174.44,25,Debit Card,EMP-034
TXN-000925,2024-05-21,141,,1067,2,592.8,0,Gift Card,EMP-007
TXN-000926,2024-04-29,129,5259,1030,5,817.84,15,Credit Card,EMP-071
TXN-000927,2024-04-26,117,5499,1016,1,1066.82,15,Gift Card,EMP-006
TXN-000928,2024-11-03,129,,1061,1,226.0,0,Debit Card,EMP-027
TXN-000929,2024-06-15,105,5212,1147,4,827.07,10,Debit Card,EMP-004
TXN-000930,2024-06-16,142,5208,1156,3,408.7,25,Cash,EMP-080
TXN-000931,2024-01-16,138,5076,1042,1,803.39,0,Gift Card,EMP-028
TXN-000932,2024-06-09,138,5401,1131,3,793.67,5,Mobile Pay,EMP-075
TXN-000933,2024-01-17,106,5332,1169,1,328.68,5,Gift Card,EMP-065
TXN-000934,2024-10-21,108,5375,1162,5,1027.63,0,Gift Card,EMP-061
TXN-000935,2024-12-03,154,5099,1135,5,14.44,10,Debit Card,EMP-043
TXN-000936,2024-05-04,121,5233,1205,1,418.4,5,Mobile Pay,EMP-053
TXN-000937,2024-07-04,124,5468,1021,4,903.36,5,Mobile Pay,EMP-054
TXN-000938,2024-04-27,135,5473,1146,2,484.4,20,Gift Card,EMP-018
TXN-000939,2024-11-06,106,5060,1067,4,564.55,20,Gift Card,EMP-019
TXN-000940,2024-10-21,112,5460,1127,4,145.33,0,Debit Card,EMP-016
TXN-000941,2024-08-02,148,5240,1068,1,1198.24,0,Credit Card,EMP-056
TXN-000942,2024-01-13,133,,1177,5,306.38,20,Mobile Pay,EMP-046
TXN-000943,2024-03-06,108,5150,1103,3,81.73,15,Gift Card,EMP-078
TXN-000944,2024-11-11,148,,1028,3,698.99,25,Mobile Pay,EMP-058
TXN-000945,2024-08-11,112,5375,1075,5,21.95,0,Debit Card,EMP-001
TXN-000946,2024-10-30,121,5194,1152,4,750.25,0,Gift Card,EMP-076
TXN-000947,2024-05-23,122,5252,1242,1,37.81,20,Cash,EMP-042
TXN-000948,2024-07-15,153,5021,1082,2,132.49,20,Gift Card,EMP-036
TXN-000949,2024-10-21,119,,1226,2,865.49,0,Cash,EMP-036
TXN-000950,2024-09-06,117,5480,1113,5,170.05,0,Debit Card,EMP-036
TXN-000951,2024-03-13,111,5386,1025,1,529.46,0,Gift Card,EMP-069
TXN-000952,2024-04-09,114,5189,1002,3,262.42,20,Mobile Pay,EMP-067
TXN-000953,2024-03-05,146,5366,1213,1,295.36,25,Mobile Pay,EMP-064
TXN-000954,2024-05-14,143,5374,1023,1,632.36,15,Credit Card,EMP-029
TXN-000955,2024-02-08,141,5232,1084,5,641.16,0,Cash,EMP-005
TXN-000956,2024-08-09,113,5162,1026,5,919.06,0,Credit Card,EMP-032
TXN-000957,2024-03-11,113,5344,1151,3,693.8,25,Debit Card,EMP-063
TXN-000958,2024-04-05,141,,1188,1,98.36,5,Credit Card,EMP-056
TXN-000959,2024-02-04,103,5091,1126,4,1035.34,10,Gift Card,EMP-049
TXN-000960,2024-11-19,143,5271,1150,2,716.0,10,Debit Card,EMP-038
TXN-000961,2024-12-08,123,5306,1125,5,319.0,25,Cash,EMP-013
TXN-000962,2024-04-22,119,5391,1029,4,1013.85,25,Cash,EMP-032
TXN-000963,2024-12-05,143,5163,1109,1,178.71,15,Mobile Pay,EMP-017
TXN-000964,2024-09-04,144,5210,1216,2,515.4,0,Cash,EMP-035
TXN-000965,2024-09-16,136,5031,1056,3,289.86,10,Cash,EMP-053
TXN-000966,2024-07-19,104,5467,1208,3,896.22,25,Debit Card,EMP-044
TXN-000967,2024-11-21,137,5113,1210,2,182.41,5,Credit Card,EMP-079
TXN-000968,2024-11-08,147,5486,1085,1,470.55,20,Credit Card,EMP-043
TXN-000969,2024-06-29,104,,1197,5,523.06,5,Cash,EMP-069
TXN-000970,2024-04-11,146,5440,1253,2,432.1,10,Debit Card,EMP-048
TXN-000971,2024-06-18,101,5481,1106,1,677.18,0,Gift Card,EMP-014
TXN-000972,2024-09-13,119,,1102,3,717.49,0,Debit Card,EMP-032
TXN-000973,2024-01-18,142,5193,1070,4,833.01,0,Cash,EMP-011
TXN-000974,2024-02-09,127,5375,1019,1,613.02,0,Gift Card,EMP-078
TXN-000975,2024-03-18,154,5099,1025,5,850.12,10,Cash,EMP-055
TXN-000976,2024-09-19,107,5103,1191,3,197.08,25,Mobile Pay,EMP-038
TXN-000977,2024-08-07,131,5142,1024,3,136.82,5,Mobile Pay,EMP-003
TXN-000978,2024-09-11,146,5279,1187,1,492.47,25,Debit Card,EMP-074
TXN-000979,2024-01-13,137,5244,1102,1,707.58,10,Cash,EMP-019
TXN-000980,2024-11-18,132,5106,1250,5,118.93,5,Credit Card,EMP-019
TXN-000981,2024-07-25,137,5429,1158,2,453.65,0,Mobile Pay,EMP-033
TXN-000982,2024-07-29,121,5018,1080,5,605.29,20,Credit Card,EMP-035
TXN-000983,2024-12-19,132,5279,1054,3,1168.85,5,Cash,EMP-060
TXN-000984,2024-12-28,106,5375,1124,1,567.27,20,Credit Card,EMP-049
TXN-000985,2024-03-06,111,5062,1194,2,521.18,25,Credit Card,EMP-005
TXN-000986,2024-08-05,109,5249,1127,5,93.66,20,Mobile Pay,EMP-002
TXN-000987,2024-05-31,144,5472,1031,3,234.85,15,Gift Card,EMP-048
TXN-000988,2024-10-15,114,5350,1167,5,331.23,15,Gift Card,EMP-078
TXN-000989,2024-05-08,148,5474,1121,2,895.09,0,Gift Card,EMP-061
TXN-000990,2024-01-06,101,5034,1082,3,100.76,5,Debit Card,EMP-013
TXN-000991,2024-10-02,130,,1118,5,894.47,0,Credit Card,EMP-045
TXN-000992,2024-11-21,113,5007,1144,3,1255.42,10,Mobile Pay,EMP-075
TXN-000993,2024-06-05,136,5130,1095,5,1006.34,5,Credit Card,EMP-076
TXN-000994,2024-03-19,137,5134,1027,1,920.36,0,Gift Card,EMP-076
TXN-000995,2024-11-26,138,5436,1197,5,383.21,10,Gift Card,EMP-061
TXN-000996,2024-04-17,106,5110,1044,5,361.71,0,Debit Card,EMP-022
TXN-000997,2024-08-31,104,,1224,2,183.44,25,Mobile Pay,EMP-061
TXN-000998,2024-06-16,136,,1078,4,300.08,20,Mobile Pay,EMP-061
TXN-000999,2024-06-30,139,5040,1080,2,647.51,0,Cash,EMP-019
TXN-001000,2024-08-11,144,5128,1144,1,897.67,20,Cash,EMP-023
TXN-001001,2024-01-13,123,5343,1222,4,797.33,5,Gift Card,EMP-072
TXN-001002,2024-04-07,113,5005,1098,4,273.92,15,Gift Card,EMP-025
TXN-001003,2024-01-03,124,,1151,3,650.02,0,Gift Card,EMP-035
TXN-001004,2024-01-18,145,5022,1166,3,619.71,10,Credit Card,EMP-074
TXN-001005,2024-01-16,141,5311,1221,4,1179.68,25,Debit Card,EMP-061
TXN-001006,2024-11-27,124,,1193,1,275.38,0,Debit Card,EMP-017
TXN-001007,2024-02-12,129,,1108,1,553.42,15,Credit Card,EMP-070
TXN-001008,2024-05-22,102,5377,1252,3,1319.57,15,Debit Card,EMP-076
TXN-001009,2024-07-06,154,5213,1133,1,555.33,0,Debit Card,EMP-065
TXN-001010,2024-03-16,118,5022,1187,5,433.48,5,Gift Card,EMP-053
TXN-001011,2024-03-29,120,5001,1163,3,1117.27,15,Credit Card,EMP-044
TXN-001012,2024-08-26,130,,1146,1,487.09,0,Credit Card,EMP-024
TXN-001013,2024-02-14,150,5010,1048,2,605.39,0,Debit Card,EMP-048
TXN-001014,2024-08-23,154,5157,1021,2,1369.14,0,Cash,EMP-007
TXN-001015,2024-07-13,121,5289,1181,4,492.21,5,Debit Card,EMP-035
TXN-001016,2024-04-12,117,5225,1046,1,383.52,25,Cash,EMP-075
TXN-001017,2024-07-05,141,5424,1090,2,370.1,0,Gift Card,EMP-050
TXN-001018,2024-03-20,123,5222,1138,3,787.87,5,Cash,EMP-065
TXN-001019,2024-10-09,150,5262,1213,2,371.61,10,Debit Card,EMP-060
TXN-001020,2024-05-13,112,5323,1009,4,408.04,0,Mobile Pay,EMP-076
TXN-001021,2024-06-14,103,5461,1096,3,426.55,0,Cash,EMP-002
TXN-001022,2024-03-22,107,5462,1108,2,421.19,15,Cash,EMP-021
TXN-001023,2024-08-27,152,,1140,5,35.05,25,Gift Card,EMP-074
TXN-001024,2024-12-21,117,5124,1112,3,406.54,15,Mobile Pay,EMP-052
TXN-001025,2024-06-02,133,5390,1011,1,1033.29,20,Mobile Pay,EMP-035
TXN-001026,2024-10-22,120,5085,1103,5,75.51,5,Gift Card,EMP-018
TXN-001027,2024-03-07,106,5496,1170,3,472.16,0,Cash,EMP-059
TXN-001028,2024-07-21,112,5102,1043,3,170.83,10,Credit Card,EMP-024
TXN-001029,2024-04-30,116,,1220,2,653.45,15,Credit Card,EMP-062
TXN-001030,2024-03-22,145,5201,1089,2,102.65,25,Mobile Pay,EMP-060
TXN-001031,2024-12-27,109,,1063,3,945.22,0,Mobile Pay,EMP-042
TXN-001032,2024-05-24,126,5305,1210,5,343.52,0,Cash,EMP-063
TXN-001033,2024-12-08,139,,1190,2,503.6,5,Cash,EMP-047
TXN-001034,2024-06-23,126,5384,1129,1,387.44,5,Debit Card,EMP-064
TXN-001035,2024-04-06,125,5173,1012,2,129.51,20,Debit Card,EMP-037
TXN-001036,2024-06-08,127,5133,1100,2,239.13,0,Mobile Pay,EMP-067
TXN-001037,2024-02-24,107,5375,1120,4,361.28,0,Debit Card,EMP-041
TXN-001038,2024-03-06,132,5005,1148,4,794.3,20,Credit Card,EMP-039
TXN-001039,2024-08-05,152,,1067,4,543.78,15,Mobile Pay,EMP-043
TXN-001040,2024-09-30,135,5217,1249,4,652.17,0,Debit Card,EMP-001
TXN-001041,2024-06-21,133,5101,1243,5,88.69,25,Mobile Pay,EMP-007
TXN-001042,2024-08-25,124,5235,1073,1,219.18,15,Cash,EMP-055
TXN-001043,2024-06-21,118,5277,1173,2,822.67,10,Cash,EMP-054
TXN-001044,2024-01-09,108,5305,1115,3,579.05,0,Gift Card,EMP-051
TXN-001045,2024-05-07,147,,1045,2,262.01,25,Mobile Pay,EMP-036
TXN-001046,2024-06-25,153,5470,1249,5,711.07,25,Credit Card,EMP-010
TXN-001047,2024-06-16,141,5370,1096,1,244.38,20,Gift Card,EMP-011
TXN-001048,2024-06-21,102,5205,1238,2,257.54,10,Credit Card,EMP-056
TXN-001049,2024-02-29,140,5155,1204,5,518.26,5,Credit Card,EMP-048
TXN-001050,2024-10-20,148,5140,1122,2,131.88,10,Gift Card,EMP-006
TXN-001051,2024-11-05,101,5139,1103,4,94.49,5,Credit Card,EMP-054
TXN-001052,2024-12-02,141,5404,1034,3,272.44,0,Debit Card,EMP-029
TXN-001053,2024-01-10,119,,1182,5,492.88,25,Gift Card,EMP-054
TXN-001054,2024-11-21,136,5476,1153,1,245.6,15,Cash,EMP-041
TXN-001055,2024-06-26,132,5380,1211,2,489.73,0,Mobile Pay,EMP-033
TXN-001056,2024-07-25,141,5040,1009,4,340.95,15,Credit Card,EMP-027
TXN-001057,2024-09-28,144,5231,1095,4,756.56,0,Debit Card,EMP-080
TXN-001058,2024-10-26,149,5212,1043,1,195.63,10,Gift Card,EMP-063
TXN-001059,2024-04-30,139,,1097,1,1325.11,0,Mobile Pay,EMP-028
TXN-001060,2024-04-18,150,5081,1029,4,769.86,20,Cash,EMP-028
TXN-001061,2024-08-02,141,5185,1231,1,197.56,15,Gift Card,EMP-069
TXN-001062,2024-09-29,130,5387,1101,3,777.73,25,Debit Card,EMP-023
TXN-001063,2024-07-23,130,5390,1074,2,143.41,0,Mobile Pay,EMP-075
TXN-001064,2024-11-30,102,5325,1108,5,605.11,5,Debit Card,EMP-079
TXN-001065,2024-11-13,127,5374,1129,1,433.13,15,Gift Card,EMP-032
TXN-001066,2024-03-26,124,5487,1146,1,418.82,20,Gift Card,EMP-066
TXN-001067,2024-04-08,116,5370,1218,2,587.98,25,Debit Card,EMP-042
TXN-001068,2024-03-08,137,,1076,4,155.8,25,Debit Card,EMP-078
TXN-001069,2024-08-15,142,5256,1062,1,1158.0,15,Debit Card,EMP-032
TXN-001070,2024-08-24,103,,1185,4,965.01,25,Mobile Pay,EMP-010
TXN-001071,2024-08-01,146,5061,1246,5,521.37,0,Mobile Pay,EMP-062
TXN-001072,2024-01-31,150,5371,1075,1,22.78,15,Mobile Pay,EMP-066
TXN-001073,2024-11-18,110,5053,1167,3,440.27,0,Debit Card,EMP-047
TXN-001074,2024-07-30,131,5407,1169,2,237.5,10,Credit Card,EMP-043
TXN-001075,2024-11-24,149,5251,1178,2,372.57,10,Cash,EMP-038
TXN-001076,2024-12-18,137,5132,1114,3,245.01,0,Debit Card,EMP-019
TXN-001077,2024-09-24,124,5288,1074,3,148.24,10,Debit Card,EMP-073
TXN-001078,2024-11-20,110,5150,1079,2,558.94,0,Gift Card,EMP-038
TXN-001079,2024-07-15,114,,1066,5,203.51,10,Debit Card,EMP-075
TXN-001080,2024-01-07,134,5445,1067,4,397.91,25,Gift Card,EMP-022
TXN-001081,2024-06-25,134,5160,1165,3,86.85,20,Mobile Pay,EMP-022
TXN-001082,2024-09-25,143,5007,1124,1,404.43,15,Debit Card,EMP-040
TXN-001083,2024-04-15,151,5373,1058,1,701.24,5,Cash,EMP-064
TXN-001084,2024-08-23,148,5430,1146,5,511.91,5,Debit Card,EMP-047
TXN-001085,2024-12-06,122,,1009,5,273.6,0,Cash,EMP-071
TXN-001086,2024-09-30,152,5496,1217,1,281.08,25,Gift Card,EMP-067
TXN-001087,2024-05-06,142,5353,1063,2,610.04,5,Mobile Pay,EMP-023
TXN-001088,2024-01-21,148,5046,1251,2,828.08,0,Debit Card,EMP-067
TXN-001089,2024-06-04,138,5389,1016,4,576.4,25,Credit Card,EMP-069
TXN-001090,2024-01-27,131,,1082,1,135.53,25,Credit Card,EMP-061
TXN-001091,2024-04-11,120,5249,1026,5,694.9,0,Gift Card,EMP-056
TXN-001092,2024-02-27,138,5099,1185,5,920.02,25,Credit Card,EMP-033
TXN-001093,2024-07-27,133,5168,1154,4,736.89,10,Cash,EMP-034
TXN-001094,2024-09-29,120,5257,1064,4,696.76,0,Debit Card,EMP-063
TXN-001095,2024-01-04,111,5253,1082,2,145.15,0,Mobile Pay,EMP-039
TXN-001096,2024-02-18,135,5351,1237,2,82.25,5,Credit Card,EMP-030
TXN-001097,2024-04-19,131,5271,1079,1,571.9,10,Gift Card,EMP-027
TXN-001098,2024-10-19,126,5392,1173,2,701.72,0,Gift Card,EMP-021
TXN-001099,2024-06-15,151,5304,1245,4,1011.71,10,Debit Card,EMP-034
TXN-001100,2024-08-29,120,5074,1240,3,1034.1,15,Cash,EMP-058
TXN-001101,2024-06-06,149,5002,1109,4,280.9,0,Mobile Pay,EMP-046
TXN-001102,2024-11-26,102,5140,1207,2,313.95,5,Cash,EMP-038
TXN-001103,2024-07-10,136,5166,1007,5,184.02,5,Debit Card,EMP-080
TXN-001104,2024-09-14,116,,1113,2,290.9,15,Mobile Pay,EMP-076
TXN-001105,2024-08-28,143,,1244,4,963.48,25,Debit Card,EMP-036
TXN-001106,2024-11-06,141,,1151,3,693.01,10,Gift Card,EMP-048
TXN-001107,2024-08-12,148,5450,1237,1,51.16,15,Mobile Pay,EMP-020
TXN-001108,2024-03-18,129,5045,1151,2,642.34,15,Gift Card,EMP-070
TXN-001109,2024-12-04,102,5353,1067,2,472.22,0,Cash,EMP-047
TXN-001110,2024-08-16,115,5239,1192,4,217.63,15,Cash,EMP-026
TXN-001111,2024-12-12,102,5382,1249,2,866.62,0,Mobile Pay,EMP-055
TXN-001112,2024-07-21,134,,1207,1,448.79,15,Credit Card,EMP-073
TXN-001113,2024-08-11,151,5167,1009,5,417.77,25,Cash,EMP-074
TXN-001114,2024-06-19,106,,1163,5,580.0,0,Gift Card,EMP-021
TXN-001115,2024-09-19,140,5239,1217,2,303.08,0,Mobile Pay,EMP-036
TXN-001116,2024-08-26,142,5077,1116,3,452.36,0,Debit Card,EMP-074
TXN-001117,2024-06-22,128,5419,1117,1,20.66,20,Gift Card,EMP-038
TXN-001118,2024-01-04,115,,1160,3,867.86,20,Debit Card,EMP-034
TXN-001119,2024-04-24,142,5234,1150,2,1065.37,15,Gift Card,EMP-020
TXN-001120,2024-04-06,102,5051,1198,5,483.71,0,Debit Card,EMP-070
TXN-001121,2024-06-27,115,5475,1245,2,629.3,5,Cash,EMP-021
TXN-001122,2024-08-05,123,5395,1070,1,529.03,0,Mobile Pay,EMP-016
TXN-001123,2024-07-11,114,5378,1007,4,206.75,0,Mobile Pay,EMP-057
TXN-001124,2024-07-23,108,5417,1051,1,94.55,0,Gift Card,EMP-075
TXN-001125,2024-09-21,132,5481,1032,5,303.98,15,Cash,EMP-054
TXN-001126,2024-04-07,131,5184,1054,3,1358.04,0,Mobile Pay,EMP-003
TXN-001127,2024-01-04,107,5439,1098,3,386.87,15,Cash,EMP-009
TXN-001128,2024-08-10,106,5359,1243,4,83.91,25,Credit Card,EMP-036
TXN-001129,2024-11-27,116,,1230,2,305.38,0,Debit Card,EMP-067
TXN-001130,2024-03-20,139,5031,1036,2,185.6,10,Cash,EMP-080
TXN-001131,2024-07-31,134,5479,1211,2,363.27,0,Cash,EMP-015
TXN-001132,2024-03-24,124,5320,1008,3,445.65,15,Credit Card,EMP-004
TXN-001133,2024-06-18,110,,1008,4,595.42,0,Gift Card,EMP-049
TXN-001134,2024-11-02,123,5007,1185,2,706.0,0,Mobile Pay,EMP-009
TXN-001135,2024-02-27,135,5438,1248,4,974.95,0,Gift Card,EMP-001
TXN-001136,2024-06-08,121,5065,1122,5,169.9,15,Gift Card,EMP-013
TXN-001137,2024-09-01,109,5100,1127,2,158.31,0,Debit Card,EMP-029
TXN-001138,2024-12-03,140,5144,1022,1,1101.15,5,Debit Card,EMP-033
TXN-001139,2024-04-04,130,5498,1187,5,615.88,10,Debit Card,EMP-042
TXN-001140,2024-08-04,155,5478,1096,1,460.32,20,Credit Card,EMP-026
TXN-001141,2024-04-03,151,,1004,2,433.25,0,Mobile Pay,EMP-042
TXN-001142,2024-01-06,141,5096,1147,5,914.25,20,Mobile Pay,EMP-028
TXN-001143,2024-08-20,118,5381,1160,5,539.61,15,Cash,EMP-024
TXN-001144,2024-05-10,130,5281,1088,1,264.83,15,Gift Card,EMP-034
TXN-001145,2024-02-02,135,5493,1201,2,55.47,0,Debit Card,EMP-059
TXN-001146,2024-02-26,123,5447,1031,3,259.35,25,Mobile Pay,EMP-071
TXN-001147,2024-02-12,153,5203,1248,5,1308.88,5,Debit Card,EMP-029
TXN-001148,2024-01-09,150,5307,1051,2,151.76,0,Gift Card,EMP-047
TXN-001149,2024-10-03,124,5085,1059,2,738.22,0,Debit Card,EMP-080
TXN-001150,2024-04-25,140,5276,1216,4,559.51,5,Cash,EMP-007
TXN-001151,2024-07-24,131,5215,1076,4,225.02,15,Debit Card,EMP-039
TXN-001152,2024-01-01,114,5159,1020,5,45.74,0,Credit Card,EMP-053
TXN-001153,2024-03-12,152,5497,1037,2,772.09,20,Debit Card,EMP-054
TXN-001154,2024-07-19,115,5036,1152,3,622.49,0,Mobile Pay,EMP-016
TXN-001155,2024-10-26,144,5072,1242,3,35.16,15,Credit Card,EMP-016
TXN-001156,2024-09-23,131,5306,1080,2,512.26,25,Cash,EMP-016
TXN-001157,2024-10-04,149,5450,1191,3,364.61,10,Credit Card,EMP-049
TXN-001158,2024-05-10,146,5086,1029,4,804.79,10,Debit Card,EMP-067
TXN-001159,2024-02-22,124,5306,1023,2,687.33,25,Mobile Pay,EMP-054
TXN-001160,2024-01-30,147,5431,1164,3,406.23,10,Gift Card,EMP-043
TXN-001161,2024-08-02,101,5042,1171,1,976.95,25,Debit Card,EMP-075
TXN-001162,2024-09-10,150,5053,1057,4,865.83,20,Gift Card,EMP-067
TXN-001163,2024-12-07,154,,1098,1,186.52,0,Credit Card,EMP-031
TXN-001164,2024-07-03,153,5215,1149,4,1043.78,0,Cash,EMP-057
TXN-001165,2024-08-23,126,,1147,4,1219.12,0,Debit Card,EMP-073
TXN-001166,2024-04-02,127,5149,1007,1,241.48,25,Cash,EMP-046
TXN-001167,2024-12-15,129,5141,1089,1,136.45,15,Mobile Pay,EMP-034
TXN-001168,2024-03-23,121,5331,1054,4,1007.25,15,Debit Card,EMP-064
TXN-001169,2024-02-15,154,5412,1086,2,64.16,15,Cash,EMP-013
TXN-001170,2024-02-16,112,5327,1164,4,564.58,5,Cash,EMP-063
TXN-001171,2024-06-28,111,5386,1087,2,1063.67,15,Credit Card,EMP-015
TXN-001172,2024-04-07,136,5328,1149,3,761.59,0,Mobile Pay,EMP-080
TXN-001173,2024-12-22,139,,1020,4,43.11,10,Debit Card,EMP-044
TXN-001174,2024-09-29,155,5053,1091,3,429.44,0,Cash,EMP-029
TXN-001175,2024-08-14,118,5341,1212,1,179.46,25,Debit Card,EMP-029
TXN-001176,2024-05-05,110,5110,1225,1,686.71,10,Debit Card,EMP-003
TXN-001177,2024-11-09,137,5282,1124,2,722.65,20,Debit Card,EMP-067
TXN-001178,2024-10-24,148,5198,1103,3,77.56,15,Cash,EMP-056
TXN-001179,2024-07-08,135,5163,1094,3,581.42,0,Debit Card,EMP-042
TXN-001180,2024-12-25,151,5049,1064,5,1010.93,25,Gift Card,EMP-041
TXN-001181,2024-02-23,146,5178,1207,5,581.11,5,Mobile Pay,EMP-035
TXN-001182,2024-10-21,138,5254,1215,4,58.17,0,Debit Card,EMP-003
TXN-001183,2024-10-13,123,,1115,4,715.95,0,Credit Card,EMP-046
TXN-001184,2024-02-03,147,5485,1245,1,1184.78,25,Mobile Pay,EMP-018
TXN-001185,2024-07-21,144,5356,1056,3,247.4,15,Debit Card,EMP-073
TXN-001186,2024-09-17,138,5348,1243,3,59.49,0,Gift Card,EMP-007
TXN-001187,2024-12-30,105,,1194,5,785.28,0,Gift Card,EMP-053
TXN-001188,2024-03-23,149,5396,1188,2,72.82,0,Credit Card,EMP-064
TXN-001189,2024-03-02,145,5293,1085,4,446.83,20,Mobile Pay,EMP-061
TXN-001190,2024-03-11,123,,1217,2,201.63,20,Cash,EMP-064
TXN-001191,2024-02-16,142,5179,1048,1,570.33,15,Mobile Pay,EMP-013
TXN-001192,2024-09-25,104,5285,1066,3,107.27,0,Debit Card,EMP-001
TXN-001193,2024-09-27,152,5014,1004,5,359.24,15,Credit Card,EMP-023
TXN-001194,2024-04-06,123,5111,1163,1,1017.71,0,Gift Card,EMP-048
TXN-001195,2024-10-20,150,5450,1046,2,363.05,0,Mobile Pay,EMP-004
TXN-001196,2024-11-14,108,5406,1010,3,1097.5,10,Credit Card,EMP-045
TXN-001197,2024-12-15,132,5051,1047,2,975.21,0,Gift Card,EMP-044
TXN-001198,2024-08-20,129,5401,1238,1,261.83,0,Cash,EMP-032
TXN-001199,2024-07-06,151,5096,1037,4,609.62,0,Cash,EMP-008
TXN-001200,2024-09-02,154,5386,1208,5,1220.92,0,Gift Card,EMP-012
TXN-001201,2024-12-05,145,5294,1168,5,347.7,20,Gift Card,EMP-026
TXN-001202,2024-05-24,141,5149,1083,4,309.95,20,Mobile Pay,EMP-049
TXN-001203,2024-02-12,136,,1126,4,583.88,20,Cash,EMP-064
TXN-001204,2024-05-27,154,,1198,1,801.72,5,Credit Card,EMP-040
TXN-001205,2024-10-27,121,5328,1192,1,219.83,0,Credit Card,EMP-039
TXN-001206,2024-07-16,153,5421,1049,4,812.04,0,Gift Card,EMP-048
TXN-001207,2024-12-14,112,5234,1179,2,427.87,15,Credit Card,EMP-027
TXN-001208,2024-09-10,125,5023,1053,2,851.5,0,Cash,EMP-001
TXN-001209,2024-05-03,125,5090,1169,2,349.3,15,Mobile Pay,EMP-006
TXN-001210,2024-03-20,128,5132,1037,5,851.36,10,Debit Card,EMP-035
TXN-001211,2024-07-28,118,5193,1177,2,248.79,25,Cash,EMP-077
TXN-001212,2024-01-06,150,,1161,4,835.15,0,Debit Card,EMP-010
TXN-001213,2024-11-22,105,5250,1030,2,484.01,15,Debit Card,EMP-033
TXN-001214,2024-12-14,119,5274,1184,3,1132.65,10,Credit Card,EMP-016
TXN-001215,2024-07-21,136,5044,1211,4,684.21,5,Debit Card,EMP-067
TXN-001216,2024-01-19,103,,1121,4,907.72,0,Credit Card,EMP-009
TXN-001217,2024-05-03,129,5073,1112,5,372.9,0,Gift Card,EMP-025
TXN-001218,2024-04-17,110,5485,1186,3,396.76,10,Debit Card,EMP-045
TXN-001219,2024-08-24,125,,1052,2,648.09,10,Gift Card,EMP-009
TXN-001220,2024-04-25,129,5369,1048,1,795.91,25,Credit Card,EMP-032
TXN-001221,2024-11-04,121,5280,1136,1,841.85,0,Credit Card,EMP-053
TXN-001222,2024-09-22,121,5370,1137,3,457.98,0,Debit Card,EMP-014
TXN-001223,2024-12-16,104,,1060,4,73.09,0,Debit Card,EMP-005
TXN-001224,2024-10-15,131,5466,1140,5,30.43,20,Cash,EMP-079
TXN-001225,2024-07-17,140,5251,1116,3,458.44,15,Mobile Pay,EMP-062
TXN-001226,2024-03-19,119,5073,1117,2,20.81,20,Cash,EMP-021
TXN-001227,2024-07-07,103,5073,1190,4,211.55,20,Gift Card,EMP-030
TXN-001228,2024-07-24,126,5482,1033,4,296.83,20,Mobile Pay,EMP-058
TXN-001229,2024-08-15,143,5166,1244,4,620.7,0,Gift Card,EMP-027
TXN-001230,2024-05-05,147,5485,1056,5,256.86,15,Mobile Pay,EMP-071
TXN-001231,2024-07-28,131,5072,1096,1,454.36,25,Cash,EMP-080
TXN-001232,2024-07-30,111,5455,1014,4,284.8,20,Debit Card,EMP-057
TXN-001233,2024-01-13,118,5088,1178,5,439.16,0,Mobile Pay,EMP-074
TXN-001234,2024-04-11,148,5444,1039,2,872.02,25,Cash,EMP-079
TXN-001235,2024-11-09,107,5346,1136,1,1236.55,0,Credit Card,EMP-002
TXN-001236,2024-01-28,123,5461,1085,2,898.23,0,Debit Card,EMP-040
TXN-001237,2024-02-03,154,5463,1093,4,1125.27,25,Cash,EMP-023
TXN-001238,2024-05-28,110,5461,1078,2,197.52,20,Credit Card,EMP-069
TXN-001239,2024-11-12,145,5240,1105,3,49.24,5,Credit Card,EMP-019
TXN-001240,2024-08-15,125,,1025,4,862.13,20,Mobile Pay,EMP-022
TXN-001241,2024-01-11,129,5476,1151,5,901.31,0,Mobile Pay,EMP-003
TXN-001242,2024-09-08,106,5173,1243,3,74.15,0,Debit Card,EMP-018
TXN-001243,2024-11-15,151,5056,1077,2,96.94,15,Cash,EMP-011
TXN-001244,2024-06-30,138,5318,1155,4,341.9,0,Cash,EMP-033
TXN-001245,2024-04-08,102,5468,1132,4,434.94,15,Debit Card,EMP-007
TXN-001246,2024-11-28,122,5221,1062,1,1081.85,10,Mobile Pay,EMP-011
TXN-001247,2024-06-19,140,5474,1142,1,273.58,0,Cash,EMP-049
TXN-001248,2024-04-12,144,5355,1232,3,941.61,20,Cash,EMP-047
TXN-001249,2024-09-19,122,5362,1219,2,704.2,15,Cash,EMP-071
TXN-001250,2024-04-08,129,,1126,1,801.88,15,Gift Card,EMP-015
TXN-001251,2024-01-12,105,5124,1208,2,642.85,15,Credit Card,EMP-020
TXN-001252,2024-10-19,105,,1206,1,501.39,0,Cash,EMP-080
TXN-001253,2024-02-06,130,5496,1040,3,255.39,0,Gift Card,EMP-016
TXN-001254,2024-01-29,106,5474,1181,2,415.64,0,Credit Card,EMP-001
TXN-001255,2024-08-09,106,5367,1203,4,172.82,15,Gift Card,EMP-025
TXN-001256,2024-08-31,146,5309,1210,2,221.25,25,Cash,EMP-076
TXN-001257,2024-02-01,112,,1114,2,209.21,10,Debit Card,EMP-070
TXN-001258,2024-10-21,149,,1250,1,135.68,5,Debit Card,EMP-042
TXN-001259,2024-04-26,139,5151,1042,4,823.86,10,Debit Card,EMP-055
TXN-001260,2024-05-08,142,5003,1212,3,256.57,10,Debit Card,EMP-009
TXN-001261,2024-02-01,140,5030,1017,4,139.53,0,Mobile Pay,EMP-002
TXN-001262,2024-12-11,124,5468,1023,5,406.82,0,Gift Card,EMP-034
TXN-001263,2024-06-12,132,5189,1116,3,297.92,25,Cash,EMP-070
TXN-001264,2024-04-07,123,,1059,4,680.44,25,Mobile Pay,EMP-042
TXN-001265,2024-07-25,110,5078,1119,4,749.3,20,Credit Card,EMP-018
TXN-001266,2024-06-11,124,5204,1098,1,435.91,20,Debit Card,EMP-020
TXN-001267,2024-10-30,126,,1243,4,47.13,0,Cash,EMP-044
TXN-001268,2024-04-11,155,5424,1006,5,634.84,10,Debit Card,EMP-025
TXN-001269,2024-09-06,155,5485,1156,2,390.6,25,Credit Card,EMP-046
TXN-001270,2024-02-24,119,5311,1018,2,811.21,5,Gift Card,EMP-064
TXN-001271,2024-04-20,111,5323,1107,3,80.48,10,Gift Card,EMP-055
TXN-001272,2024-11-09,147,5174,1032,3,463.84,0,Cash,EMP-073
TXN-001273,2024-08-30,114,5126,1017,3,82.28,5,Cash,EMP-061
TXN-001274,2024-05-23,113,5357,1143,2,336.38,15,Gift Card,EMP-030
TXN-001275,2024-12-28,132,5127,1152,5,923.61,25,Credit Card,EMP-041
TXN-001276,2024-09-18,121,5319,1226,1,514.55,25,Mobile Pay,EMP-078
TXN-001277,2024-05-16,150,5405,1018,3,559.04,0,Cash,EMP-008
TXN-001278,2024-08-30,123,,1064,5,615.31,25,Gift Card,EMP-019
TXN-001279,2024-05-19,135,5309,1245,2,843.74,5,Gift Card,EMP-078
TXN-001280,2024-03-02,134,5099,1076,5,298.21,10,Debit Card,EMP-049
TXN-001281,2024-08-04,117,,1180,2,909.7,0,Cash,EMP-004
TXN-001282,2024-01-15,130,5188,1167,2,521.4,25,Mobile Pay,EMP-072
TXN-001283,2024-03-21,118,5479,1153,4,274.06,10,Debit Card,EMP-078
TXN-001284,2024-08-20,102,,1073,1,257.36,0,Cash,EMP-071
TXN-001285,2024-09-01,136,5192,1095,1,630.08,20,Cash,EMP-051
TXN-001286,2024-04-01,119,5329,1084,3,996.51,0,Gift Card,EMP-008
TXN-001287,2024-12-31,110,5071,1034,1,336.66,0,Debit Card,EMP-012
TXN-001288,2024-07-03,122,,1249,1,647.25,25,Mobile Pay,EMP-070
TXN-001289,2024-02-01,110,5355,1135,5,13.18,0,Debit Card,EMP-058
TXN-001290,2024-03-22,116,5116,1030,1,884.79,0,Credit Card,EMP-029
TXN-001291,2024-09-02,110,5486,1011,2,447.31,15,Cash,EMP-050
TXN-001292,2024-11-20,132,5148,1172,1,354.36,20,Gift Card,EMP-009
TXN-001293,2024-01-21,132,5298,1052,1,519.2,15,Credit Card,EMP-075
TXN-001294,2024-07-07,110,5108,1131,5,898.62,0,Gift Card,EMP-037
TXN-001295,2024-05-16,113,5427,1143,5,347.58,10,Cash,EMP-026
TXN-001296,2024-06-16,119,,1230,4,285.97,0,Mobile Pay,EMP-078
TXN-001297,2024-11-29,108,5094,1172,1,393.05,20,Credit Card,EMP-027
TXN-001298,2024-04-12,145,5426,1195,2,513.02,10,Cash,EMP-060
TXN-001299,2024-01-28,154,5452,1166,3,850.83,5,Gift Card,EMP-004
TXN-001300,2024-06-07,114,5170,1004,4,472.56,20,Cash,EMP-059
TXN-001301,2024-07-19,136,5245,1155,5,294.3,10,Debit Card,EMP-010
TXN-001302,2024-11-11,104,5317,1028,1,652.81,10,Credit Card,EMP-039
TXN-001303,2024-08-15,104,5049,1098,3,367.22,5,Debit Card,EMP-055
TXN-001304,2024-07-09,150,5152,1020,1,47.17,0,Cash,EMP-019
TXN-001305,2024-05-14,114,5409,1117,1,27.62,0,Mobile Pay,EMP-023
TXN-001306,2024-01-08,138,5445,1029,5,468.33,10,Cash,EMP-003
TXN-001307,2024-12-25,114,5078,1145,1,265.2,20,Mobile Pay,EMP-004
TXN-001308,2024-01-20,101,5089,1128,5,736.98,0,Credit Card,EMP-036
TXN-001309,2024-12-29,102,5136,1073,3,429.84,5,Debit Card,EMP-058
TXN-001310,2024-01-01,128,5438,1167,5,282.76,25,Debit Card,EMP-007
TXN-001311,2024-05-26,131,5420,1094,5,280.22,0,Cash,EMP-048
TXN-001312,2024-10-09,127,5177,1139,2,88.29,20,Cash,EMP-060
TXN-001313,2024-06-26,132,5384,1197,5,350.17,20,Cash,EMP-056
TXN-001314,2024-02-14,123,,1155,4,190.58,25,Gift Card,EMP-022
TXN-001315,2024-01-22,110,5320,1088,5,210.81,15,Gift Card,EMP-021
TXN-001316,2024-10-20,145,5422,1036,4,224.06,0,Mobile Pay,EMP-015
TXN-001317,2024-09-13,101,,1140,3,29.12,0,Debit Card,EMP-043
TXN-001318,2024-09-07,136,5191,1030,4,614.13,20,Debit Card,EMP-074
TXN-001319,2024-06-28,115,5054,1192,4,150.77,0,Debit Card,EMP-001
TXN-001320,2024-09-15,105,,1205,3,225.92,5,Mobile Pay,EMP-039
TXN-001321,2024-04-17,102,5097,1139,1,141.82,0,Cash,EMP-016
TXN-001322,2024-04-16,117,5034,1048,4,919.21,0,Mobile Pay,EMP-046
TXN-001323,2024-12-04,125,5175,1104,3,293.8,5,Cash,EMP-055
TXN-001324,2024-11-13,103,5303,1151,4,1055.28,0,Mobile Pay,EMP-041
TXN-001325,2024-06-28,125,5408,1008,5,353.1,0,Mobile Pay,EMP-076
TXN-001326,2024-11-13,102,5251,1226,4,687.0,0,Mobile Pay,EMP-012
TXN-001327,2024-08-31,147,,1065,1,722.42,25,Mobile Pay,EMP-044
TXN-001328,2024-05-03,120,,1155,5,341.99,25,Debit Card,EMP-079
TXN-001329,2024-07-29,144,,1025,1,410.33,25,Credit Card,EMP-065
TXN-001330,2024-04-02,135,5410,1119,1,459.44,10,Gift Card,EMP-016
TXN-001331,2024-12-23,155,5150,1133,2,944.33,0,Cash,EMP-077
TXN-001332,2024-06-18,105,5428,1110,2,435.42,25,Mobile Pay,EMP-032
TXN-001333,2024-01-03,112,5463,1100,4,257.04,0,Cash,EMP-024
TXN-001334,2024-04-24,115,5252,1088,4,275.36,0,Credit Card,EMP-022
TXN-001335,2024-03-12,102,5288,1034,4,407.17,25,Cash,EMP-056
TXN-001336,2024-01-11,135,5325,1182,1,592.6,20,Mobile Pay,EMP-005
TXN-001337,2024-05-22,106,5033,1112,3,356.02,15,Mobile Pay,EMP-052
TXN-001338,2024-09-16,108,5070,1236,1,118.2,0,Credit Card,EMP-074
TXN-001339,2024-04-05,124,5279,1171,5,561.08,10,Mobile Pay,EMP-009
TXN-001340,2024-12-02,103,,1048,2,768.17,5,Debit Card,EMP-039
TXN-001341,2024-03-09,104,,1192,5,191.94,0,Credit Card,EMP-068
TXN-001342,2024-12-06,152,,1069,2,806.74,15,Debit Card,EMP-062
TXN-001343,2024-04-19,107,5109,1049,2,1061.03,20,Gift Card,EMP-070
TXN-001344,2024-02-06,149,5074,1038,1,899.73,25,Gift Card,EMP-010
TXN-001345,2024-10-16,141,5429,1043,3,138.47,5,Cash,EMP-053
TXN-001346,2024-01-31,126,5399,1193,1,249.54,5,Cash,EMP-051
TXN-001347,2024-08-18,109,5464,1156,4,422.24,20,Debit Card,EMP-031
TXN-001348,2024-11-02,139,5221,1134,1,547.9,20,Credit Card,EMP-072
TXN-001349,2024-02-13,142,,1181,1,804.21,15,Cash,EMP-051
TXN-001350,2024-05-23,120,5174,1119,5,642.66,15,Cash,EMP-061
TXN-001351,2024-09-18,138,5352,1125,5,290.29,0,Mobile Pay,EMP-044
TXN-001352,2024-02-16,140,5264,1178,1,581.61,10,Cash,EMP-035
TXN-001353,2024-05-27,121,5463,1153,2,291.18,5,Cash,EMP-040
TXN-001354,2024-04-08,117,5142,1212,5,254.1,20,Debit Card,EMP-079
TXN-001355,2024-03-12,144,5351,1206,3,797.11,15,Debit Card,EMP-060
TXN-001356,2024-10-24,119,5448,1134,2,482.33,5,Gift Card,EMP-044
TXN-001357,2024-04-03,126,5125,1228,4,583.49,10,Gift Card,EMP-059
TXN-001358,2024-10-02,108,5129,1088,4,146.11,20,Credit Card,EMP-009
TXN-001359,2024-04-06,136,5232,1208,5,1294.1,10,Gift Card,EMP-073
TXN-001360,2024-08-03,132,5321,1051,5,101.06,0,Mobile Pay,EMP-056
TXN-001361,2024-07-17,149,5185,1081,1,572.66,0,Credit Card,EMP-036
TXN-001362,2024-02-25,107,,1141,4,634.61,5,Credit Card,EMP-073
TXN-001363,2024-01-31,118,5368,1003,3,517.58,20,Debit Card,EMP-030
TXN-001364,2024-04-22,136,5475,1159,3,1105.82,5,Debit Card,EMP-003
TXN-001365,2024-10-10,153,5412,1150,4,781.14,5,Gift Card,EMP-079
TXN-001366,2024-01-09,118,5314,1245,4,707.23,0,Credit Card,EMP-032
TXN-001367,2024-07-27,112,5456,1057,2,625.54,10,Credit Card,EMP-001
TXN-001368,2024-05-02,155,5307,1172,4,325.24,25,Debit Card,EMP-030
TXN-001369,2024-02-21,110,5226,1217,4,149.46,20,Credit Card,EMP-070
TXN-001370,2024-05-19,134,5404,1053,3,1065.2,15,Credit Card,EMP-064
TXN-001371,2024-09-16,124,5105,1158,2,317.93,0,Gift Card,EMP-049
TXN-001372,2024-03-27,126,5180,1202,3,884.88,5,Cash,EMP-030
TXN-001373,2024-07-13,137,5351,1154,2,1214.04,0,Mobile Pay,EMP-003
TXN-001374,2024-07-18,128,5251,1147,4,806.21,20,Credit Card,EMP-056
TXN-001375,2024-05-10,131,5133,1090,2,230.24,0,Debit Card,EMP-075
TXN-001376,2024-11-26,103,5433,1133,4,1032.43,15,Credit Card,EMP-030
TXN-001377,2024-02-16,145,,1182,5,786.85,0,Cash,EMP-011
TXN-001378,2024-09-25,110,,1239,4,285.49,10,Debit Card,EMP-030
TXN-001379,2024-07-28,106,,1080,5,358.44,0,Gift Card,EMP-023
TXN-001380,2024-05-27,116,5085,1141,1,600.3,5,Gift Card,EMP-010
TXN-001381,2024-02-04,135,5091,1198,1,455.95,25,Gift Card,EMP-048
TXN-001382,2024-04-01,101,5402,1040,3,245.36,0,Cash,EMP-066
TXN-001383,2024-01-11,109,,1129,2,304.56,0,Mobile Pay,EMP-020
TXN-001384,2024-03-08,151,5293,1062,3,1209.38,25,Debit Card,EMP-059
TXN-001385,2024-03-30,139,5327,1182,1,386.11,0,Mobile Pay,EMP-018
TXN-001386,2024-01-01,149,5346,1074,4,241.31,20,Gift Card,EMP-060
TXN-001387,2024-11-27,146,5295,1242,4,31.16,10,Gift Card,EMP-053
TXN-001388,2024-03-26,103,,1129,2,396.46,0,Gift Card,EMP-048
TXN-001389,2024-06-01,120,5192,1030,3,786.77,0,Cash,EMP-063
TXN-001390,2024-04-11,149,5326,1193,2,155.08,25,Gift Card,EMP-018
TXN-001391,2024-11-28,115,5008,1204,4,584.87,10,Mobile Pay,EMP-052
TXN-001392,2024-08-26,109,5237,1183,4,316.65,0,Debit Card,EMP-019
TXN-001393,2024-11-23,130,5179,1237,4,41.32,20,Credit Card,EMP-077
TXN-001394,2024-05-30,155,5020,1091,4,600.8,0,Cash,EMP-043
TXN-001395,2024-04-09,110,5051,1080,5,683.35,10,Credit Card,EMP-004
TXN-001396,2024-09-17,126,5229,1056,3,241.6,25,Cash,EMP-080
TXN-001397,2024-06-16,108,5299,1073,4,320.97,25,Mobile Pay,EMP-066
TXN-001398,2024-01-19,133,5289,1171,1,939.91,0,Mobile Pay,EMP-043
TXN-001399,2024-12-04,110,5136,1183,2,309.56,5,Credit Card,EMP-079
TXN-001400,2024-07-15,120,,1071,1,860.06,0,Debit Card,EMP-054
TXN-001401,2024-10-18,128,5077,1050,5,752.29,10,Debit Card,EMP-001
TXN-001402,2024-02-03,151,5247,1042,1,1184.18,5,Mobile Pay,EMP-022
TXN-001403,2024-12-10,122,5415,1127,5,87.35,15,Mobile Pay,EMP-034
TXN-001404,2024-10-22,122,5379,1143,3,405.55,0,Gift Card,EMP-067
TXN-001405,2024-12-15,115,5125,1072,1,172.06,20,Mobile Pay,EMP-035
TXN-001406,2024-06-17,126,5370,1241,1,274.79,10,Cash,EMP-014
TXN-001407,2024-03-16,116,5450,1143,4,297.27,0,Credit Card,EMP-070
TXN-001408,2024-09-15,122,5290,1093,3,941.56,0,Debit Card,EMP-021
TXN-001409,2024-11-15,121,5396,1124,1,775.75,20,Mobile Pay,EMP-056
TXN-001410,2024-03-19,124,,1107,1,79.28,10,Debit Card,EMP-063
TXN-001411,2024-09-08,128,5207,1238,2,321.07,10,Debit Card,EMP-079
TXN-001412,2024-03-25,155,5192,1087,1,596.54,0,Credit Card,EMP-011
TXN-001413,2024-01-05,151,5047,1039,2,976.44,0,Credit Card,EMP-061
TXN-001414,2024-03-31,144,5187,1009,3,205.53,0,Credit Card,EMP-022
TXN-001415,2024-06-07,103,5042,1085,5,453.26,0,Debit Card,EMP-022
TXN-001416,2024-07-19,138,,1211,3,731.77,0,Gift Card,EMP-037
TXN-001417,2024-03-11,142,5080,1017,5,135.73,0,Mobile Pay,EMP-078
TXN-001418,2024-04-24,143,5173,1177,2,349.3,25,Mobile Pay,EMP-046
TXN-001419,2024-09-17,127,5205,1079,2,470.03,10,Cash,EMP-027
TXN-001420,2024-05-03,104,5040,1119,5,397.94,0,Debit Card,EMP-014
TXN-001421,2024-08-17,150,,1033,3,160.74,15,Gift Card,EMP-031
TXN-001422,2024-09-03,143,5342,1112,5,313.15,10,Debit Card,EMP-061
TXN-001423,2024-12-01,105,5176,1009,1,264.79,0,Cash,EMP-050
TXN-001424,2024-04-05,151,5203,1209,3,477.36,25,Debit Card,EMP-042
TXN-001425,2024-12-28,137,5384,1109,2,302.63,0,Debit Card,EMP-033
TXN-001426,2024-07-31,103,5075,1024,2,177.55,5,Gift Card,EMP-078
TXN-001427,2024-09-10,127,5092,1246,1,531.4,0,Cash,EMP-044
TXN-001428,2024-11-10,150,,1096,5,348.0,5,Debit Card,EMP-019
TXN-001429,2024-06-19,118,5258,1175,5,861.87,20,Gift Card,EMP-076
TXN-001430,2024-11-09,147,5486,1238,1,252.69,25,Gift Card,EMP-071
TXN-001431,2024-05-28,122,5145,1138,1,1060.88,20,Gift Card,EMP-009
TXN-001432,2024-08-30,139,5468,1213,5,407.22,5,Cash,EMP-076
TXN-001433,2024-04-24,103,5436,1116,2,270.77,10,Mobile Pay,EMP-034
TXN-001434,2024-01-03,129,5420,1136,2,790.17,20,Credit Card,EMP-056
TXN-001435,2024-01-25,153,5274,1246,5,417.89,20,Credit Card,EMP-065
TXN-001436,2024-11-23,132,5026,1202,5,804.05,5,Gift Card,EMP-071
TXN-001437,2024-05-27,136,5199,1200,3,567.7,0,Gift Card,EMP-026
TXN-001438,2024-01-08,131,5125,1176,1,505.17,0,Debit Card,EMP-034
TXN-001439,2024-03-27,128,5082,1169,2,226.28,0,Cash,EMP-013
TXN-001440,2024-05-27,105,5327,1080,1,716.0,0,Credit Card,EMP-001
TXN-001441,2024-05-02,118,5483,1017,2,173.76,0,Mobile Pay,EMP-044
TXN-001442,2024-03-03,133,5238,1129,1,372.56,25,Gift Card,EMP-036
TXN-001443,2024-02-12,152,5198,1092,2,78.71,10,Credit Card,EMP-080
TXN-001444,2024-02-14,153,5267,1017,5,99.66,5,Mobile Pay,EMP-045
TXN-001445,2024-01-16,107,5221,1088,5,273.19,20,Debit Card,EMP-022
TXN-001446,2024-04-07,145,5382,1159,1,1135.27,5,Mobile Pay,EMP-072
TXN-001447,2024-08-22,103,5460,1100,1,176.22,25,Debit Card,EMP-001
TXN-001448,2024-10-19,142,5190,1091,3,276.13,20,Credit Card,EMP-041
TXN-001449,2024-08-25,134,,1022,5,625.41,0,Gift Card,EMP-018
TXN-001450,2024-08-30,122,5389,1127,1,136.49,0,Cash,EMP-032
TXN-001451,2024-06-08,107,5439,1138,1,949.51,10,Debit Card,EMP-034
TXN-001452,2024-07-13,134,5038,1040,3,193.64,0,Mobile Pay,EMP-040
TXN-001453,2024-06-02,112,5167,1105,1,41.15,0,Gift Card,EMP-078
TXN-001454,2024-11-02,117,,1219,3,325.22,15,Credit Card,EMP-024
TXN-001455,2024-10-22,104,,1055,3,947.83,10,Gift Card,EMP-070
TXN-001456,2024-02-10,145,5445,1208,5,1115.19,10,Gift Card,EMP-039
TXN-001457,2024-02-21,127,5159,1230,1,330.18,15,Cash,EMP-007
TXN-001458,2024-03-11,107,5002,1018,4,381.15,0,Mobile Pay,EMP-047
TXN-001459,2024-07-26,136,5481,1139,2,84.07,0,Cash,EMP-022
TXN-001460,2024-04-04,141,5053,1167,1,630.47,25,Debit Card,EMP-017
TXN-001461,2024-03-27,116,5260,1189,4,975.18,0,Gift Card,EMP-035
TXN-001462,2024-10-22,136,5252,1204,2,843.23,0,Mobile Pay,EMP-028
TXN-001463,2024-11-09,123,5149,1171,2,685.84,20,Gift Card,EMP-053
TXN-001464,2024-10-23,108,5455,1074,4,200.35,10,Gift Card,EMP-064
TXN-001465,2024-01-01,117,5382,1251,2,507.1,0,Gift Card,EMP-016
TXN-001466,2024-12-09,116,,1064,1,552.48,0,Mobile Pay,EMP-018
TXN-001467,2024-04-21,114,5333,1071,1,1318.02,0,Mobile Pay,EMP-014
TXN-001468,2024-06-23,142,,1053,1,766.15,15,Cash,EMP-053
TXN-001469,2024-07-12,113,5339,1169,2,279.74,5,Mobile Pay,EMP-046
TXN-001470,2024-04-06,132,5124,1223,4,463.61,10,Mobile Pay,EMP-007
TXN-001471,2024-05-09,154,5400,1001,1,119.01,25,Gift Card,EMP-038
TXN-001472,2024-04-14,118,5145,1106,2,596.44,20,Credit Card,EMP-061
TXN-001473,2024-09-28,115,5329,1017,4,150.66,5,Cash,EMP-062
TXN-001474,2024-07-18,109,5463,1070,1,486.38,5,Mobile Pay,EMP-050
TXN-001475,2024-04-22,110,5478,1253,1,847.34,10,Cash,EMP-067
TXN-001476,2024-05-10,152,5264,1177,3,281.35,20,Credit Card,EMP-009
TXN-001477,2024-10-17,117,5144,1246,2,872.87,0,Mobile Pay,EMP-068
TXN-001478,2024-01-02,150,5353,1039,5,1314.79,20,Gift Card,EMP-044
TXN-001479,2024-01-01,120,,1124,4,413.09,10,Cash,EMP-076
TXN-001480,2024-04-12,137,5308,1161,5,656.61,15,Credit Card,EMP-049
TXN-001481,2024-08-29,155,5023,1160,3,500.98,15,Mobile Pay,EMP-031
TXN-001482,2024-09-29,102,5287,1086,1,73.07,0,Gift Card,EMP-018
TXN-001483,2024-04-28,135,5211,1106,1,1176.8,0,Gift Card,EMP-057
TXN-001484,2024-03-10,103,5049,1057,3,966.98,0,Gift Card,EMP-053
TXN-001485,2024-03-02,114,5457,1072,1,153.0,15,Debit Card,EMP-079
TXN-001486,2024-03-01,148,5274,1024,2,226.58,0,Mobile Pay,EMP-036
TXN-001487,2024-10-04,154,5003,1043,4,200.64,5,Mobile Pay,EMP-043
TXN-001488,2024-02-21,118,5294,1023,1,483.35,20,Cash,EMP-046
TXN-001489,2024-08-19,107,,1143,5,454.97,0,Cash,EMP-025
TXN-001490,2024-03-29,112,5375,1211,2,363.04,5,Debit Card,EMP-017
TXN-001491,2024-05-31,109,5316,1118,1,652.62,0,Debit Card,EMP-047
TXN-001492,2024-11-17,128,5351,1194,2,1185.05,0,Debit Card,EMP-061
TXN-001493,2024-07-12,112,,1002,4,190.4,0,Credit Card,EMP-021
TXN-001494,2024-04-18,115,,1019,2,429.42,10,Gift Card,EMP-072
TXN-001495,2024-12-12,138,5460,1136,3,1425.87,25,Debit Card,EMP-077
TXN-001496,2024-09-29,112,5217,1170,5,582.74,25,Cash,EMP-041
TXN-001497,2024-05-13,154,5395,1156,1,247.44,5,Mobile Pay,EMP-038
TXN-001498,2024-07-11,138,5447,1198,1,713.52,0,Credit Card,EMP-030
TXN-001499,2024-12-24,131,,1137,4,1081.97,0,Credit Card,EMP-067
TXN-001500,2024-04-02,104,5123,1138,5,983.72,0,Debit Card,EMP-069
TXN-001501,2024-10-09,117,5132,1022,3,785.55,0,Debit Card,EMP-006
TXN-001502,2024-08-06,151,5411,1126,2,1282.68,0,Gift Card,EMP-019
TXN-001503,2024-11-15,106,5279,1114,3,181.33,25,Debit Card,EMP-036
TXN-001504,2024-06-21,102,,1008,1,267.86,0,Credit Card,EMP-042
TXN-001505,2024-03-25,106,5041,1194,2,1079.35,25,Credit Card,EMP-057
TXN-001506,2024-10-02,139,5383,1166,1,683.28,0,Cash,EMP-041
TXN-001507,2024-07-13,119,5330,1173,3,668.02,10,Debit Card,EMP-011
TXN-001508,2024-10-06,131,5276,1209,3,333.99,25,Gift Card,EMP-010
TXN-001509,2024-03-18,151,5318,1045,1,520.4,15,Mobile Pay,EMP-061
TXN-001510,2024-01-21,139,,1130,1,714.12,0,Cash,EMP-032
TXN-001511,2024-07-12,147,,1089,5,174.52,10,Gift Card,EMP-020
TXN-001512,2024-07-26,152,5076,1097,3,1026.2,5,Cash,EMP-048
TXN-001513,2024-12-04,137,5401,1013,4,103.35,0,Gift Card,EMP-006
TXN-001514,2024-11-16,139,5210,1121,5,570.32,25,Gift Card,EMP-046
TXN-001515,2024-01-09,155,5480,1198,5,766.31,0,Debit Card,EMP-009
TXN-001516,2024-02-01,126,5443,1069,3,946.17,0,Gift Card,EMP-068
TXN-001517,2024-01-03,142,5438,1067,2,498.82,25,Mobile Pay,EMP-032
TXN-001518,2024-09-21,142,5270,1050,1,724.88,20,Cash,EMP-032
TXN-001519,2024-03-20,144,5316,1173,3,625.62,0,Gift Card,EMP-074
TXN-001520,2024-11-26,111,5152,1172,1,444.8,5,Mobile Pay,EMP-017
TXN-001521,2024-07-07,107,5109,1185,3,824.48,10,Credit Card,EMP-060
TXN-001522,2024-01-21,125,5323,1211,2,465.84,15,Cash,EMP-038
TXN-001523,2024-01-22,124,5345,1048,3,658.16,0,Cash,EMP-025
TXN-001524,2024-01-12,151,5210,1172,3,250.57,10,Gift Card,EMP-074
TXN-001525,2024-09-28,115,,1130,1,1026.37,15,Debit Card,EMP-072
TXN-001526,2024-12-23,122,5141,1129,2,308.26,25,Gift Card,EMP-008
TXN-001527,2024-12-10,104,5327,1177,3,369.97,5,Debit Card,EMP-028
TXN-001528,2024-04-16,134,5424,1249,3,905.17,15,Credit Card,EMP-051
TXN-001529,2024-04-23,107,,1207,5,314.53,25,Gift Card,EMP-060
TXN-001530,2024-03-04,138,5123,1140,1,29.38,5,Mobile Pay,EMP-028
TXN-001531,2024-03-09,127,5020,1104,1,568.6,0,Credit Card,EMP-079
TXN-001532,2024-09-15,107,5199,1128,4,955.51,20,Gift Card,EMP-068
TXN-001533,2024-01-05,152,5013,1003,1,1049.79,0,Cash,EMP-054
TXN-001534,2024-02-27,101,5473,1141,2,419.54,20,Cash,EMP-061
TXN-001535,2024-11-22,139,5421,1180,1,712.94,20,Credit Card,EMP-080
TXN-001536,2024-12-14,109,5177,1055,1,803.28,0,Cash,EMP-078
TXN-001537,2024-02-06,137,5395,1207,3,307.43,0,Gift Card,EMP-038
TXN-001538,2024-04-25,102,5429,1060,5,115.58,0,Mobile Pay,EMP-025
TXN-001539,2024-03-28,139,5310,1209,5,569.75,0,Credit Card,EMP-031
TXN-001540,2024-08-19,117,5047,1071,1,812.06,10,Debit Card,EMP-067
TXN-001541,2024-10-01,124,,1105,1,95.94,15,Debit Card,EMP-064
TXN-001542,2024-07-21,134,5023,1110,1,618.09,0,Debit Card,EMP-055
TXN-001543,2024-01-10,134,5028,1241,2,165.7,15,Mobile Pay,EMP-051
TXN-001544,2024-11-07,110,5197,1023,4,613.23,0,Cash,EMP-028
TXN-001545,2024-02-21,122,5459,1244,3,495.43,0,Mobile Pay,EMP-066
TXN-001546,2024-10-08,141,,1047,4,855.81,20,Gift Card,EMP-019
TXN-001547,2024-11-14,148,5148,1054,1,1357.03,0,Debit Card,EMP-039
TXN-001548,2024-10-10,113,5399,1002,3,331.81,10,Debit Card,EMP-062
TXN-001549,2024-12-07,127,5069,1234,1,622.92,5,Debit Card,EMP-048
TXN-001550,2024-11-10,124,,1186,4,318.67,0,Gift Card,EMP-007
TXN-001551,2024-09-16,152,5033,1095,3,1293.69,10,Gift Card,EMP-024
TXN-001552,2024-01-09,152,5298,1183,2,464.96,20,Gift Card,EMP-074
TXN-001553,2024-11-15,152,5293,1242,4,33.95,10,Gift Card,EMP-078
TXN-001554,2024-11-03,130,5437,1191,1,398.8,10,Debit Card,EMP-069
TXN-001555,2024-07-06,110,5127,1149,3,818.93,0,Cash,EMP-003
TXN-001556,2024-09-13,155,5499,1228,2,433.47,0,Debit Card,EMP-014
TXN-001557,2024-04-04,150,5150,1215,2,116.92,20,Mobile Pay,EMP-073
TXN-001558,2024-10-13,102,5358,1246,5,902.53,25,Debit Card,EMP-051
TXN-001559,2024-11-23,102,5456,1031,4,239.47,0,Debit Card,EMP-040
TXN-001560,2024-10-14,115,5310,1242,3,43.63,15,Debit Card,EMP-067
TXN-001561,2024-03-11,153,5428,1169,3,368.98,0,Cash,EMP-053
TXN-001562,2024-12-05,140,5289,1031,4,351.22,15,Credit Card,EMP-071
TXN-001563,2024-03-16,110,5346,1104,4,545.39,10,Credit Card,EMP-071
TXN-001564,2024-07-14,154,5037,1147,2,832.59,0,Gift Card,EMP-062
TXN-001565,2024-08-06,150,5074,1026,2,769.42,15,Gift Card,EMP-044
TXN-001566,2024-03-02,135,5204,1065,2,901.22,5,Gift Card,EMP-040
TXN-001567,2024-09-17,102,,1070,2,760.17,25,Debit Card,EMP-001
TXN-001568,2024-01-04,125,5200,1171,1,987.29,0,Credit Card,EMP-050
TXN-001569,2024-09-14,140,5416,1052,3,306.53,0,Credit Card,EMP-009
TXN-001570,2024-07-11,119,5041,1136,5,637.38,0,Cash,EMP-007
TXN-001571,2024-08-20,113,5267,1105,5,85.97,25,Mobile Pay,EMP-019
TXN-001572,2024-01-26,102,5138,1187,4,480.72,25,Mobile Pay,EMP-077
TXN-001573,2024-05-24,109,5229,1101,4,722.97,20,Debit Card,EMP-077
TXN-001574,2024-03-11,132,5381,1089,4,91.87,20,Credit Card,EMP-021
TXN-001575,2024-10-16,150,,1180,3,979.46,0,Mobile Pay,EMP-068
TXN-001576,2024-12-11,113,5101,1137,4,622.22,5,Credit Card,EMP-017
TXN-001577,2024-06-09,126,5176,1092,1,74.71,25,Gift Card,EMP-011
TXN-001578,2024-08-25,111,5464,1003,1,579.77,0,Gift Card,EMP-021
TXN-001579,2024-01-01,153,5121,1098,5,205.08,15,Debit Card,EMP-060
TXN-001580,2024-09-10,113,5062,1140,2,50.96,25,Credit Card,EMP-070
TXN-001581,2024-05-31,111,,1079,5,455.81,15,Credit Card,EMP-019
TXN-001582,2024-07-21,128,5048,1076,3,250.68,10,Credit Card,EMP-031
TXN-001583,2024-08-19,131,5203,1053,5,927.79,0,Debit Card,EMP-060
TXN-001584,2024-09-12,101,5038,1171,2,767.06,0,Mobile Pay,EMP-076
TXN-001585,2024-10-01,134,5133,1212,4,215.38,0,Gift Card,EMP-070
TXN-001586,2024-06-23,139,5351,1189,4,898.59,5,Mobile Pay,EMP-030
TXN-001587,2024-10-03,135,5090,1063,3,1020.32,20,Credit Card,EMP-044
TXN-001588,2024-04-27,132,5011,1147,5,1128.97,20,Mobile Pay,EMP-016
TXN-001589,2024-08-20,132,5480,1123,2,869.07,20,Gift Card,EMP-019
TXN-001590,2024-01-08,106,5073,1094,2,531.13,0,Debit Card,EMP-045
TXN-001591,2024-06-16,143,5347,1173,3,705.67,0,Cash,EMP-070
TXN-001592,2024-08-17,110,5291,1240,1,523.92,0,Credit Card,EMP-074
TXN-001593,2024-03-12,139,5386,1084,1,961.31,10,Debit Card,EMP-056
TXN-001594,2024-11-15,102,5444,1156,2,339.51,0,Credit Card,EMP-043
TXN-001595,2024-01-18,154,5339,1244,5,748.19,20,Gift Card,EMP-033
TXN-001596,2024-09-16,139,,1249,3,606.02,0,Credit Card,EMP-037
TXN-001597,2024-06-26,152,5492,1116,1,375.82,25,Credit Card,EMP-046
TXN-001598,2024-04-01,131,5199,1061,2,347.29,0,Credit Card,EMP-079
TXN-001599,2024-08-19,140,,1071,1,848.75,25,Mobile Pay,EMP-079
TXN-001600,2024-09-29,140,,1127,5,117.57,20,Gift Card,EMP-064
TXN-001601,2024-03-19,113,5295,1215,4,121.26,0,Gift Card,EMP-041
TXN-001602,2024-12-14,141,5349,1135,2,8.12,15,Credit Card,EMP-035
TXN-001603,2024-01-16,125,5199,1170,5,737.36,15,Mobile Pay,EMP-073
TXN-001604,2024-01-20,135,5460,1008,2,512.81,15,Cash,EMP-035
TXN-001605,2024-05-08,126,5303,1047,2,1242.24,0,Cash,EMP-079
TXN-001606,2024-05-30,144,5068,1048,5,802.73,10,Mobile Pay,EMP-029
TXN-001607,2024-04-09,107,5478,1140,3,66.87,20,Debit Card,EMP-034
TXN-001608,2024-02-10,149,5272,1176,3,620.86,25,Debit Card,EMP-044
TXN-001609,2024-07-18,138,5484,1043,2,247.82,5,Cash,EMP-068
TXN-001610,2024-11-07,133,,1201,1,72.73,20,Cash,EMP-047
TXN-001611,2024-01-14,125,5489,1244,5,772.1,15,Credit Card,EMP-079
TXN-001612,2024-06-13,117,5422,1194,2,884.43,0,Debit Card,EMP-040
TXN-001613,2024-11-17,153,5262,1160,5,456.69,0,Credit Card,EMP-062
TXN-001614,2024-11-02,146,5426,1124,3,399.36,5,Cash,EMP-005
TXN-001615,2024-02-14,121,5045,1215,3,83.3,25,Credit Card,EMP-042
TXN-001616,2024-06-16,140,5187,1052,2,319.82,20,Mobile Pay,EMP-068
TXN-001617,2024-02-19,103,5162,1061,1,325.85,10,Debit Card,EMP-014
TXN-001618,2024-05-25,150,,1244,3,845.01,0,Mobile Pay,EMP-050
TXN-001619,2024-11-11,138,,1136,5,1424.11,25,Gift Card,EMP-008
TXN-001620,2024-11-05,118,5003,1188,3,126.95,0,Debit Card,EMP-066
TXN-001621,2024-09-26,109,5083,1143,3,508.57,20,Mobile Pay,EMP-008
TXN-001622,2024-06-15,149,5405,1222,4,1111.86,25,Cash,EMP-039
TXN-001623,2024-03-26,148,5172,1036,3,158.02,15,Gift Card,EMP-055
TXN-001624,2024-07-05,140,5430,1204,3,925.92,0,Gift Card,EMP-017
TXN-001625,2024-06-04,106,,1246,4,720.73,15,Credit Card,EMP-018
TXN-001626,2024-01-04,124,5157,1226,2,476.62,5,Credit Card,EMP-031
TXN-001627,2024-03-08,108,5423,1165,3,163.03,15,Credit Card,EMP-027
TXN-001628,2024-01-03,114,,1083,4,388.95,0,Credit Card,EMP-037
TXN-001629,2024-06-04,125,5196,1073,5,470.86,25,Debit Card,EMP-064
TXN-001630,2024-12-19,151,5326,1240,4,603.49,10,Mobile Pay,EMP-020
TXN-001631,2024-01-04,146,5378,1034,2,298.92,15,Cash,EMP-027
TXN-001632,2024-02-05,135,5362,1135,1,10.77,0,Debit Card,EMP-009
TXN-001633,2024-03-05,101,5330,1052,3,526.18,0,Credit Card,EMP-049
TXN-001634,2024-01-05,132,5134,1227,2,545.96,5,Gift Card,EMP-060
TXN-001635,2024-06-25,134,5206,1007,1,223.23,25,Debit Card,EMP-024
TXN-001636,2024-06-28,124,5498,1123,5,719.1,10,Mobile Pay,EMP-018
TXN-001637,2024-07-13,110,5166,1040,5,312.62,0,Gift Card,EMP-059
TXN-001638,2024-07-14,126,5052,1231,1,206.68,0,Mobile Pay,EMP-016
TXN-001639,2024-11-26,113,5110,1121,4,667.4,5,Gift Card,EMP-075
TXN-001640,2024-04-05,112,,1245,2,1286.53,0,Gift Card,EMP-073
TXN-001641,2024-11-10,107,5489,1055,4,1068.32,15,Gift Card,EMP-010
TXN-001642,2024-11-23,111,5121,1078,3,232.17,15,Debit Card,EMP-074
TXN-001643,2024-10-03,127,5136,1053,1,678.87,25,Mobile Pay,EMP-064
TXN-001644,2024-04-22,102,5482,1042,5,1144.9,15,Cash,EMP-033
TXN-001645,2024-10-22,147,5366,1208,1,1309.43,0,Mobile Pay,EMP-078
TXN-001646,2024-10-25,105,5225,1113,2,127.85,0,Cash,EMP-032
TXN-001647,2024-12-07,132,5466,1231,1,197.04,5,Mobile Pay,EMP-042
TXN-001648,2024-03-11,116,5265,1149,2,1260.94,0,Credit Card,EMP-013
TXN-001649,2024-03-09,104,5371,1204,5,622.51,5,Debit Card,EMP-005
TXN-001650,2024-01-23,144,5415,1068,4,1194.47,25,Cash,EMP-027
TXN-001651,2024-12-20,133,5341,1190,3,427.25,0,Debit Card,EMP-069
TXN-001652,2024-07-20,151,5384,1237,1,39.14,5,Credit Card,EMP-036
TXN-001653,2024-06-03,137,5417,1061,5,353.37,15,Credit Card,EMP-059
TXN-001654,2024-02-04,147,5107,1089,5,201.1,0,Credit Card,EMP-020
TXN-001655,2024-11-25,138,5482,1148,3,564.54,0,Credit Card,EMP-039
TXN-001656,2024-04-11,113,5261,1123,1,600.15,5,Credit Card,EMP-074
TXN-001657,2024-07-31,106,5255,1121,5,593.78,0,Debit Card,EMP-051
TXN-001658,2024-01-25,111,5106,1163,1,646.26,25,Mobile Pay,EMP-060
TXN-001659,2024-12-04,144,5381,1036,1,98.16,0,Credit Card,EMP-049
TXN-001660,2024-07-25,140,5061,1027,1,524.4,25,Debit Card,EMP-044
TXN-001661,2024-12-04,116,5477,1191,2,454.71,5,Credit Card,EMP-038
TXN-001662,2024-10-19,101,5274,1050,2,761.9,25,Cash,EMP-067
TXN-001663,2024-02-23,106,5051,1039,3,1157.64,0,Gift Card,EMP-051
TXN-001664,2024-11-16,137,5004,1135,3,9.82,0,Debit Card,EMP-077
TXN-001665,2024-05-26,113,5302,1097,3,663.85,15,Mobile Pay,EMP-009
TXN-001666,2024-12-01,137,5341,1001,5,159.27,15,Debit Card,EMP-075
TXN-001667,2024-09-11,130,,1211,1,301.39,0,Cash,EMP-025
TXN-001668,2024-08-05,125,5187,1240,3,696.47,0,Debit Card,EMP-004
TXN-001669,2024-05-12,102,5079,1242,2,19.48,25,Credit Card,EMP-055
TXN-001670,2024-03-04,132,5285,1093,3,1117.43,0,Debit Card,EMP-077
TXN-001671,2024-11-13,128,5043,1016,4,731.56,0,Mobile Pay,EMP-030
TXN-001672,2024-03-07,107,5483,1033,3,300.74,15,Cash,EMP-021
TXN-001673,2024-12-16,119,5363,1162,1,1106.98,5,Credit Card,EMP-016
TXN-001674,2024-01-09,132,5489,1158,5,310.48,25,Cash,EMP-055
TXN-001675,2024-06-06,150,5346,1160,3,424.7,15,Cash,EMP-055
TXN-001676,2024-03-29,109,5054,1243,3,50.57,25,Mobile Pay,EMP-001
TXN-001677,2024-02-26,151,5408,1012,5,180.22,0,Credit Card,EMP-027
TXN-001678,2024-01-14,115,5283,1207,1,614.26,25,Mobile Pay,EMP-036
TXN-001679,2024-02-16,101,5278,1126,5,700.6,0,Cash,EMP-058
TXN-001680,2024-02-24,122,5055,1038,1,849.58,25,Credit Card,EMP-026
TXN-001681,2024-09-17,104,,1011,4,678.53,5,Cash,EMP-011
TXN-001682,2024-01-25,118,5271,1209,4,630.13,10,Debit Card,EMP-052
TXN-001683,2024-03-30,137,,1030,4,848.46,0,Cash,EMP-069
TXN-001684,2024-09-27,139,5219,1174,3,295.05,25,Credit Card,EMP-027
TXN-001685,2024-03-02,152,5343,1144,2,544.39,20,Debit Card,EMP-057
TXN-001686,2024-05-10,110,5421,1215,1,89.22,15,Gift Card,EMP-009
TXN-001687,2024-09-25,102,5243,1062,1,1184.86,0,Cash,EMP-052
TXN-001688,2024-07-31,138,5320,1109,1,175.13,0,Credit Card,EMP-007
TXN-001689,2024-08-16,117,5467,1151,1,766.62,0,Cash,EMP-075
TXN-001690,2024-04-30,146,5420,1140,5,58.97,10,Gift Card,EMP-001
TXN-001691,2024-06-10,151,5162,1064,2,922.54,0,Cash,EMP-079
TXN-001692,2024-11-07,154,5331,1129,5,183.22,25,Mobile Pay,EMP-078
TXN-001693,2024-09-27,130,5101,1127,5,146.03,25,Credit Card,EMP-054
TXN-001694,2024-07-14,125,5210,1155,1,253.42,0,Debit Card,EMP-063
TXN-001695,2024-05-26,116,5136,1244,2,421.07,0,Cash,EMP-056
TXN-001696,2024-04-03,138,5342,1054,5,1154.0,10,Gift Card,EMP-073
TXN-001697,2024-02-28,146,,1157,3,231.04,0,Mobile Pay,EMP-018
TXN-001698,2024-01-14,135,5419,1055,2,860.58,0,Credit Card,EMP-053
TXN-001699,2024-01-29,141,5014,1216,3,288.99,0,Gift Card,EMP-011
TXN-001700,2024-04-30,133,5292,1095,5,1052.98,25,Debit Card,EMP-015
TXN-001701,2024-02-12,154,,1250,5,176.12,10,Gift Card,EMP-004
TXN-001702,2024-02-06,120,5133,1249,5,767.08,0,Debit Card,EMP-016
TXN-001703,2024-08-19,148,5262,1243,2,85.7,25,Gift Card,EMP-048
TXN-001704,2024-08-12,102,5415,1239,3,210.04,0,Mobile Pay,EMP-061
TXN-001705,2024-06-12,154,5092,1122,2,199.38,20,Gift Card,EMP-011
TXN-001706,2024-06-02,106,5342,1153,2,263.97,25,Gift Card,EMP-035
TXN-001707,2024-03-25,110,5258,1154,4,1051.07,20,Gift Card,EMP-062
TXN-001708,2024-12-06,123,,1163,2,566.5,0,Cash,EMP-012
TXN-001709,2024-10-24,136,5253,1109,2,177.95,0,Mobile Pay,EMP-037
TXN-001710,2024-12-11,122,5114,1229,4,651.58,15,Credit Card,EMP-059
TXN-001711,2024-10-24,126,5328,1205,2,445.05,10,Credit Card,EMP-078
TXN-001712,2024-08-03,125,5192,1180,5,800.1,5,Cash,EMP-079
TXN-001713,2024-08-07,105,5077,1007,4,173.56,0,Debit Card,EMP-072
TXN-001714,2024-06-22,123,5477,1027,5,693.3,5,Mobile Pay,EMP-036
TXN-001715,2024-10-04,151,5293,1140,2,32.54,10,Gift Card,EMP-052
TXN-001716,2024-09-29,128,5450,1179,2,702.78,10,Mobile Pay,EMP-062
TXN-001717,2024-03-18,105,5294,1253,4,744.72,0,Gift Card,EMP-009
TXN-001718,2024-02-15,138,5057,1077,2,53.41,15,Gift Card,EMP-021
TXN-001719,2024-04-14,147,5243,1183,4,300.47,0,Cash,EMP-024
TXN-001720,2024-05-07,107,5261,1012,4,233.83,15,Credit Card,EMP-022
TXN-001721,2024-07-03,110,5253,1233,3,786.91,0,Gift Card,EMP-013
TXN-001722,2024-08-07,119,5356,1082,3,122.53,0,Gift Card,EMP-054
TXN-001723,2024-07-24,148,5247,1217,1,145.71,0,Cash,EMP-077
TXN-001724,2024-10-02,135,5279,1147,1,1131.15,20,Mobile Pay,EMP-071
TXN-001725,2024-03-15,134,5211,1025,1,568.65,5,Cash,EMP-080
TXN-001726,2024-04-04,135,5135,1236,4,137.85,5,Gift Card,EMP-051
TXN-001727,2024-12-22,125,5259,1159,5,1058.72,10,Credit Card,EMP-042
TXN-001728,2024-06-23,104,5337,1151,1,617.3,0,Gift Card,EMP-018
TXN-001729,2024-11-02,131,5399,1174,3,244.6,5,Mobile Pay,EMP-006
TXN-001730,2024-06-28,144,,1030,1,456.22,5,Gift Card,EMP-069
TXN-001731,2024-10-11,127,5127,1207,2,413.19,0,Gift Card,EMP-075
TXN-001732,2024-05-13,132,,1084,1,809.09,0,Credit Card,EMP-077
TXN-001733,2024-12-01,134,5152,1167,5,492.92,10,Debit Card,EMP-007
TXN-001734,2024-05-30,118,5442,1236,5,135.49,20,Mobile Pay,EMP-064
TXN-001735,2024-07-29,101,5082,1013,3,99.42,15,Mobile Pay,EMP-047
TXN-001736,2024-09-07,137,5014,1194,4,850.21,10,Cash,EMP-029
TXN-001737,2024-04-08,109,5217,1201,2,63.05,15,Cash,EMP-052
TXN-001738,2024-07-14,127,5394,1201,3,42.86,10,Credit Card,EMP-014
TXN-001739,2024-07-22,104,5117,1162,1,846.42,20,Debit Card,EMP-024
TXN-001740,2024-03-01,152,5390,1045,4,285.79,20,Mobile Pay,EMP-061
TXN-001741,2024-06-08,125,5034,1103,1,48.01,0,Credit Card,EMP-023
TXN-001742,2024-05-23,155,,1182,5,820.48,10,Gift Card,EMP-067
TXN-001743,2024-11-23,135,,1100,1,295.82,0,Mobile Pay,EMP-076
TXN-001744,2024-09-21,109,5286,1252,2,923.07,0,Debit Card,EMP-074
TXN-001745,2024-10-31,101,5402,1226,3,1085.75,25,Debit Card,EMP-053
TXN-001746,2024-05-14,110,5038,1219,1,352.36,0,Credit Card,EMP-027
TXN-001747,2024-09-27,122,5245,1065,2,534.46,20,Cash,EMP-076
TXN-001748,2024-07-16,136,,1222,3,1096.13,0,Cash,EMP-034
TXN-001749,2024-09-20,136,,1045,2,340.79,15,Cash,EMP-047
TXN-001750,2024-05-17,120,5130,1013,3,69.85,10,Mobile Pay,EMP-044
TXN-001751,2024-03-15,109,5057,1223,2,300.42,0,Mobile Pay,EMP-037
TXN-001752,2024-10-02,144,5251,1158,5,431.73,0,Mobile Pay,EMP-057
TXN-001753,2024-07-22,142,5330,1196,2,159.09,25,Debit Card,EMP-004
TXN-001754,2024-04-08,111,5350,1223,1,521.63,25,Cash,EMP-002
TXN-001755,2024-12-01,151,5310,1139,4,79.06,5,Credit Card,EMP-033
TXN-001756,2024-06-17,139,,1183,2,364.24,15,Gift Card,EMP-065
TXN-001757,2024-03-15,115,5434,1069,3,831.58,0,Credit Card,EMP-014
TXN-001758,2024-09-20,133,5242,1018,3,692.11,0,Mobile Pay,EMP-045
TXN-001759,2024-03-29,124,5489,1072,3,107.56,10,Mobile Pay,EMP-007
TXN-001760,2024-09-29,105,5352,1054,4,1221.81,5,Mobile Pay,EMP-071
TXN-001761,2024-02-24,152,5466,1004,3,700.18,5,Gift Card,EMP-016
TXN-001762,2024-03-16,117,5338,1138,5,716.3,20,Gift Card,EMP-073
TXN-001763,2024-10-23,110,5397,1109,5,377.94,0,Cash,EMP-041
TXN-001764,2024-09-03,118,5053,1149,4,1067.53,0,Cash,EMP-049
TXN-001765,2024-04-29,135,5306,1010,4,1011.81,10,Debit Card,EMP-035
TXN-001766,2024-03-08,138,5115,1232,4,720.96,0,Gift Card,EMP-031
TXN-001767,2024-05-01,142,5057,1146,5,472.9,25,Credit Card,EMP-051
TXN-001768,2024-03-21,134,5088,1242,5,40.66,0,Gift Card,EMP-072
TXN-001769,2024-04-18,108,,1043,1,123.11,0,Debit Card,EMP-023
TXN-001770,2024-01-02,128,5236,1005,4,67.49,0,Credit Card,EMP-004
TXN-001771,2024-09-17,152,5285,1216,4,454.68,20,Credit Card,EMP-002
TXN-001772,2024-10-07,151,5196,1022,1,1159.45,10,Credit Card,EMP-031
TXN-001773,2024-10-10,106,5328,1075,5,24.58,0,Mobile Pay,EMP-036
TXN-001774,2024-08-03,109,5328,1201,2,76.2,15,Cash,EMP-053
TXN-001775,2024-10-28,101,5017,1081,2,1091.79,0,Mobile Pay,EMP-052
TXN-001776,2024-04-03,122,5483,1001,5,112.17,20,Mobile Pay,EMP-010
TXN-001777,2024-06-18,128,,1006,4,856.06,20,Cash,EMP-012
TXN-001778,2024-02-07,120,5189,1004,1,841.03,0,Debit Card,EMP-037
TXN-001779,2024-01-01,140,5204,1207,5,433.48,10,Gift Card,EMP-061
TXN-001780,2024-01-22,149,5287,1134,2,735.96,20,Mobile Pay,EMP-071
TXN-001781,2024-04-13,137,5371,1076,5,259.99,20,Debit Card,EMP-050
TXN-001782,2024-11-06,128,5276,1118,5,1301.38,0,Mobile Pay,EMP-068
TXN-001783,2024-12-15,124,5037,1170,1,617.47,15,Gift Card,EMP-055
TXN-001784,2024-04-02,130,,1093,4,977.23,0,Gift Card,EMP-031
TXN-001785,2024-03-05,145,,1006,3,878.06,25,Gift Card,EMP-074
TXN-001786,2024-10-13,106,5154,1213,5,405.76,0,Gift Card,EMP-048
TXN-001787,2024-03-12,133,5171,1241,3,172.87,0,Mobile Pay,EMP-063
TXN-001788,2024-08-21,132,5070,1075,3,21.15,20,Gift Card,EMP-024
TXN-001789,2024-02-08,136,5330,1025,2,732.5,10,Credit Card,EMP-078
TXN-001790,2024-12-30,118,,1152,2,774.09,0,Debit Card,EMP-078
TXN-001791,2024-09-01,104,,1086,3,74.27,15,Cash,EMP-017
TXN-001792,2024-02-23,132,5190,1211,1,537.85,15,Mobile Pay,EMP-065
TXN-001793,2024-03-05,155,,1001,3,163.55,25,Credit Card,EMP-074
TXN-001794,2024-01-10,126,,1241,2,327.5,15,Mobile Pay,EMP-036
TXN-001795,2024-01-28,155,5142,1118,4,751.6,0,Gift Card,EMP-021
TXN-001796,2024-10-13,118,5403,1157,1,206.54,0,Credit Card,EMP-063
TXN-001797,2024-09-23,111,5093,1167,3,641.28,25,Debit Card,EMP-012
TXN-001798,2024-03-10,151,5277,1108,3,272.58,0,Mobile Pay,EMP-009
TXN-001799,2024-01-31,149,5357,1202,1,841.43,0,Credit Card,EMP-074
TXN-001800,2024-07-09,152,5237,1250,1,105.83,0,Cash,EMP-024
TXN-001801,2024-08-06,124,,1021,2,1254.14,25,Credit Card,EMP-073
TXN-001802,2024-03-10,128,5414,1052,5,293.63,15,Credit Card,EMP-001
TXN-001803,2024-09-04,106,5334,1066,5,245.55,10,Gift Card,EMP-042
TXN-001804,2024-12-23,137,5408,1076,5,190.35,25,Mobile Pay,EMP-076
TXN-001805,2024-10-11,109,5176,1147,5,701.16,10,Cash,EMP-061
TXN-001806,2024-02-29,140,,1106,5,1153.61,0,Mobile Pay,EMP-026
TXN-001807,2024-06-08,147,5394,1208,1,974.21,0,Cash,EMP-043
TXN-001808,2024-01-24,126,5312,1040,2,208.18,0,Credit Card,EMP-060
TXN-001809,2024-05-31,124,5372,1055,4,1242.74,10,Gift Card,EMP-031
TXN-001810,2024-06-21,126,5030,1224,3,435.98,20,Credit Card,EMP-055
TXN-001811,2024-08-17,117,5367,1050,3,870.72,5,Gift Card,EMP-039
TXN-001812,2024-03-31,141,5408,1082,3,136.48,20,Debit Card,EMP-070
TXN-001813,2024-01-25,118,5227,1085,1,591.62,20,Cash,EMP-058
TXN-001814,2024-11-13,111,5203,1086,2,64.2,0,Credit Card,EMP-077
TXN-001815,2024-01-18,107,5166,1139,1,174.28,25,Cash,EMP-004
TXN-001816,2024-12-07,106,5486,1154,1,604.02,25,Gift Card,EMP-050
TXN-001817,2024-02-18,122,,1154,3,1299.37,25,Mobile Pay,EMP-007
TXN-001818,2024-12-17,146,5207,1180,5,516.82,15,Debit Card,EMP-041
TXN-001819,2024-05-17,106,5000,1179,2,966.63,0,Mobile Pay,EMP-041
TXN-001820,2024-10-16,111,,1092,4,83.19,0,Credit Card,EMP-041
TXN-001821,2024-02-26,123,5093,1087,5,636.56,10,Mobile Pay,EMP-080
TXN-001822,2024-06-22,154,,1009,4,283.76,0,Mobile Pay,EMP-025
TXN-001823,2024-03-07,123,,1119,5,615.72,15,Credit Card,EMP-030
TXN-001824,2024-12-07,126,,1193,3,339.81,5,Cash,EMP-002
TXN-001825,2024-04-14,118,,1177,3,574.81,0,Credit Card,EMP-028
TXN-001826,2024-08-07,119,5389,1012,1,173.07,0,Gift Card,EMP-039
TXN-001827,2024-11-16,122,5334,1158,5,475.29,0,Gift Card,EMP-046
TXN-001828,2024-06-26,137,5351,1195,3,587.61,0,Credit Card,EMP-047
TXN-001829,2024-07-17,137,5249,1019,5,366.36,0,Credit Card,EMP-051
TXN-001830,2024-10-19,104,5280,1110,1,902.75,20,Mobile Pay,EMP-062
TXN-001831,2024-05-14,133,5245,1012,3,213.17,0,Debit Card,EMP-025
TXN-001832,2024-10-18,124,5493,1218,2,355.66,0,Credit Card,EMP-051
TXN-001833,2024-09-08,122,5080,1118,3,935.65,0,Debit Card,EMP-021
TXN-001834,2024-11-20,114,,1090,4,384.52,15,Cash,EMP-017
TXN-001835,2024-07-19,112,5130,1048,5,585.94,0,Debit Card,EMP-074
TXN-001836,2024-12-25,122,5157,1200,1,592.06,0,Credit Card,EMP-005
TXN-001837,2024-10-19,144,5429,1011,1,826.55,15,Debit Card,EMP-001
TXN-001838,2024-11-22,133,5211,1196,3,296.29,5,Credit Card,EMP-020
TXN-001839,2024-02-29,109,5406,1023,5,433.93,0,Cash,EMP-043
TXN-001840,2024-08-21,151,5284,1086,5,89.52,25,Cash,EMP-073
TXN-001841,2024-04-05,128,5394,1023,3,345.95,0,Mobile Pay,EMP-006
TXN-001842,2024-04-28,112,5411,1245,1,1291.07,0,Mobile Pay,EMP-048
TXN-001843,2024-06-30,102,5237,1134,5,489.86,0,Credit Card,EMP-057
TXN-001844,2024-02-28,146,5115,1024,5,225.92,0,Debit Card,EMP-025
TXN-001845,2024-08-08,151,,1180,5,994.74,0,Credit Card,EMP-046
TXN-001846,2024-09-25,147,5250,1202,1,653.87,15,Gift Card,EMP-013
TXN-001847,2024-08-10,135,5108,1028,3,605.84,15,Gift Card,EMP-071
TXN-001848,2024-02-11,130,5383,1187,4,582.99,0,Credit Card,EMP-049
TXN-001849,2024-10-11,150,,1133,3,580.03,5,Mobile Pay,EMP-069
TXN-001850,2024-12-24,125,,1155,5,315.9,0,Gift Card,EMP-075
TXN-001851,2024-09-02,120,5169,1231,1,130.94,0,Gift Card,EMP-018
TXN-001852,2024-03-27,112,5027,1185,5,841.52,5,Gift Card,EMP-038
TXN-001853,2024-10-01,109,5117,1033,2,254.5,0,Cash,EMP-012
TXN-001854,2024-05-22,147,5108,1072,2,134.8,0,Credit Card,EMP-054
TXN-001855,2024-07-03,144,5005,1148,2,858.91,0,Debit Card,EMP-005
TXN-001856,2024-11-20,145,5365,1054,2,1352.72,5,Debit Card,EMP-017
TXN-001857,2024-08-12,107,5356,1128,2,687.83,15,Debit Card,EMP-006
TXN-001858,2024-03-07,127,5024,1129,3,197.69,20,Debit Card,EMP-001
TXN-001859,2024-12-15,139,5406,1252,2,1295.51,25,Mobile Pay,EMP-059
TXN-001860,2024-07-01,135,,1102,2,772.48,0,Credit Card,EMP-003
TXN-001861,2024-11-29,144,,1042,1,1286.51,25,Cash,EMP-049
TXN-001862,2024-11-07,134,5383,1011,2,963.77,0,Credit Card,EMP-034
TXN-001863,2024-05-06,105,5141,1216,5,571.67,20,Mobile Pay,EMP-021
TXN-001864,2024-03-18,108,5480,1146,4,242.39,25,Credit Card,EMP-065
TXN-001865,2024-01-29,154,5496,1094,4,398.02,20,Mobile Pay,EMP-006
TXN-001866,2024-07-15,137,5043,1060,5,148.56,20,Cash,EMP-047
TXN-001867,2024-01-31,117,5401,1078,3,320.87,0,Mobile Pay,EMP-056
TXN-001868,2024-07-19,113,5394,1251,2,560.15,20,Cash,EMP-002
TXN-001869,2024-06-03,109,5097,1166,2,836.61,20,Debit Card,EMP-056
TXN-001870,2024-03-01,114,,1023,4,397.37,0,Cash,EMP-072
TXN-001871,2024-12-22,133,5347,1083,5,360.6,0,Gift Card,EMP-064
TXN-001872,2024-10-31,140,,1244,4,796.47,0,Debit Card,EMP-040
TXN-001873,2024-12-30,117,5194,1022,2,1034.63,5,Gift Card,EMP-044
TXN-001874,2024-05-02,130,5144,1228,2,355.49,15,Credit Card,EMP-047
TXN-001875,2024-09-29,153,5103,1061,1,198.25,5,Credit Card,EMP-011
TXN-001876,2024-12-27,126,5255,1214,1,318.25,15,Cash,EMP-048
TXN-001877,2024-08-27,144,5288,1200,3,1011.6,25,Cash,EMP-059
TXN-001878,2024-07-24,147,5137,1151,3,917.27,5,Cash,EMP-031
TXN-001879,2024-08-11,126,5138,1095,4,959.43,20,Credit Card,EMP-056
TXN-001880,2024-04-16,122,,1232,3,784.43,15,Credit Card,EMP-069
TXN-001881,2024-12-23,140,5429,1233,3,327.11,0,Cash,EMP-024
TXN-001882,2024-07-23,137,5190,1153,4,199.67,20,Cash,EMP-058
TXN-001883,2024-04-03,118,5232,1029,2,945.74,5,Cash,EMP-076
TXN-001884,2024-03-01,153,,1069,3,546.48,0,Cash,EMP-070
TXN-001885,2024-10-25,127,5481,1051,1,99.13,10,Cash,EMP-040
TXN-001886,2024-04-19,115,5211,1184,4,1046.83,5,Credit Card,EMP-003
TXN-001887,2024-01-16,134,5253,1137,3,878.49,0,Debit Card,EMP-016
TXN-001888,2024-02-10,136,5469,1095,3,1088.48,15,Debit Card,EMP-027
TXN-001889,2024-07-04,112,5458,1209,4,670.82,25,Cash,EMP-035
TXN-001890,2024-12-14,132,5057,1167,2,619.39,0,Credit Card,EMP-068
TXN-001891,2024-07-29,115,5075,1204,4,608.7,25,Mobile Pay,EMP-017
TXN-001892,2024-10-22,113,5096,1111,4,564.49,0,Credit Card,EMP-036
TXN-001893,2024-02-01,145,5322,1166,3,983.31,0,Mobile Pay,EMP-069
TXN-001894,2024-02-02,134,5332,1007,1,296.78,0,Credit Card,EMP-020
TXN-001895,2024-09-04,120,5033,1220,2,1013.3,15,Mobile Pay,EMP-025
TXN-001896,2024-03-02,137,5495,1109,1,158.3,5,Mobile Pay,EMP-068
TXN-001897,2024-11-17,103,5465,1178,2,379.0,0,Debit Card,EMP-049
TXN-001898,2024-11-14,126,5397,1089,2,136.28,0,Gift Card,EMP-024
TXN-001899,2024-10-21,123,5126,1186,2,522.98,15,Gift Card,EMP-046
TXN-001900,2024-12-03,110,5086,1175,4,572.19,5,Gift Card,EMP-025
TXN-001901,2024-09-24,124,,1155,4,264.07,5,Cash,EMP-029
TXN-001902,2024-03-07,123,,1059,1,591.45,25,Mobile Pay,EMP-012
TXN-001903,2024-01-26,112,,1142,4,643.86,25,Credit Card,EMP-065
TXN-001904,2024-03-22,101,5050,1213,4,400.71,0,Debit Card,EMP-051
TXN-001905,2024-02-21,115,5283,1091,5,529.61,0,Credit Card,EMP-064
TXN-001906,2024-12-07,149,5362,1204,3,910.84,10,Mobile Pay,EMP-062
TXN-001907,2024-04-12,114,5074,1084,2,863.78,0,Debit Card,EMP-021
TXN-001908,2024-12-30,139,,1131,3,392.44,10,Debit Card,EMP-045
TXN-001909,2024-10-13,153,5367,1172,2,508.53,0,Cash,EMP-052
TXN-001910,2024-01-30,114,5172,1097,3,709.11,0,Mobile Pay,EMP-032
TXN-001911,2024-11-21,105,5125,1203,1,177.48,0,Cash,EMP-051
TXN-001912,2024-12-16,116,,1204,1,699.48,25,Cash,EMP-030
TXN-001913,2024-10-13,136,,1244,3,571.54,0,Credit Card,EMP-010
TXN-001914,2024-04-22,133,5029,1199,3,739.13,20,Debit Card,EMP-074
TXN-001915,2024-08-30,147,,1169,3,243.52,25,Credit Card,EMP-047
TXN-001916,2024-06-12,141,5479,1065,1,737.31,15,Credit Card,EMP-055
TXN-001917,2024-05-17,122,5344,1019,3,389.51,20,Cash,EMP-003
TXN-001918,2024-10-18,138,5192,1239,2,414.14,15,Mobile Pay,EMP-071
TXN-001919,2024-09-11,152,,1092,1,79.57,0,Credit Card,EMP-033
TXN-001920,2024-03-27,140,5036,1112,4,477.93,0,Debit Card,EMP-012
TXN-001921,2024-03-17,149,5124,1079,4,362.18,20,Mobile Pay,EMP-069
TXN-001922,2024-10-17,134,,1166,4,737.49,5,Credit Card,EMP-022
TXN-001923,2024-08-06,139,5408,1126,2,1319.0,0,Mobile Pay,EMP-050
TXN-001924,2024-12-11,137,5356,1196,5,126.66,25,Gift Card,EMP-054
TXN-001925,2024-06-29,141,5481,1061,5,335.16,10,Debit Card,EMP-015
TXN-001926,2024-11-04,113,5158,1024,1,199.57,15,Debit Card,EMP-030
TXN-001927,2024-03-04,105,,1038,3,480.54,0,Cash,EMP-063
TXN-001928,2024-07-12,152,5233,1070,3,976.06,25,Credit Card,EMP-007
TXN-001929,2024-01-01,120,5202,1036,3,148.23,20,Mobile Pay,EMP-052
TXN-001930,2024-06-01,106,5158,1147,4,887.99,5,Mobile Pay,EMP-045
TXN-001931,2024-08-06,103,5169,1177,1,609.12,20,Debit Card,EMP-046
TXN-001932,2024-06-10,148,5301,1179,4,533.64,10,Gift Card,EMP-055
TXN-001933,2024-11-11,141,5056,1048,5,1002.39,15,Debit Card,EMP-073
TXN-001934,2024-12-22,124,5355,1098,5,234.06,25,Credit Card,EMP-023
TXN-001935,2024-07-07,127,5236,1090,2,199.78,20,Cash,EMP-031
TXN-001936,2024-02-10,140,5268,1219,5,415.94,15,Gift Card,EMP-051
TXN-001937,2024-06-27,120,5126,1237,3,51.02,10,Cash,EMP-029
TXN-001938,2024-06-06,120,,1182,5,459.46,0,Mobile Pay,EMP-073
TXN-001939,2024-11-04,146,5426,1151,3,606.24,10,Gift Card,EMP-058
TXN-001940,2024-05-25,117,5209,1058,1,1065.98,0,Debit Card,EMP-029
TXN-001941,2024-01-25,147,5309,1152,4,720.07,5,Gift Card,EMP-069
TXN-001942,2024-11-24,118,5478,1198,1,919.41,5,Debit Card,EMP-014
TXN-001943,2024-01-05,145,5031,1229,2,630.27,0,Mobile Pay,EMP-006
TXN-001944,2024-09-02,113,5178,1084,3,753.78,20,Cash,EMP-044
TXN-001945,2024-08-29,103,5064,1205,2,365.3,0,Credit Card,EMP-039
TXN-001946,2024-05-22,105,5475,1146,2,356.38,5,Gift Card,EMP-007
TXN-001947,2024-01-15,109,5054,1037,1,1052.17,5,Mobile Pay,EMP-043
TXN-001948,2024-07-20,113,5200,1222,3,790.04,15,Mobile Pay,EMP-001
TXN-001949,2024-10-11,137,5472,1241,5,256.42,5,Credit Card,EMP-034
TXN-001950,2024-12-27,121,5356,1093,4,1063.61,20,Debit Card,EMP-011
TXN-001951,2024-02-07,114,5024,1058,3,1374.75,0,Debit Card,EMP-053
TXN-001952,2024-03-21,155,,1239,2,414.21,5,Cash,EMP-059
TXN-001953,2024-05-29,102,5055,1047,3,723.03,5,Mobile Pay,EMP-075
TXN-001954,2024-07-31,126,5336,1130,5,913.02,0,Credit Card,EMP-071
TXN-001955,2024-11-29,118,5291,1081,4,1003.42,0,Debit Card,EMP-012
TXN-001956,2024-11-27,105,5146,1170,4,773.99,10,Debit Card,EMP-005
TXN-001957,2024-06-03,115,,1054,5,1239.92,15,Credit Card,EMP-021
TXN-001958,2024-03-23,126,5216,1209,3,502.56,0,Mobile Pay,EMP-044
TXN-001959,2024-03-22,140,5078,1051,2,94.06,0,Debit Card,EMP-003
TXN-001960,2024-03-09,114,5110,1085,1,631.4,5,Credit Card,EMP-029
TXN-001961,2024-04-11,145,5375,1065,1,641.58,20,Mobile Pay,EMP-047
TXN-001962,2024-01-06,131,,1113,5,290.81,15,Cash,EMP-032
TXN-001963,2024-01-30,106,5028,1045,2,329.71,5,Gift Card,EMP-072
TXN-001964,2024-05-12,118,5110,1209,2,473.27,0,Debit Card,EMP-070
TXN-001965,2024-05-31,152,5297,1118,1,658.74,0,Mobile Pay,EMP-021
TXN-001966,2024-03-24,124,5451,1170,1,691.25,25,Mobile Pay,EMP-034
TXN-001967,2024-12-04,107,5490,1227,4,875.49,25,Cash,EMP-034
TXN-001968,2024-07-30,112,5479,1028,3,542.49,0,Mobile Pay,EMP-047
TXN-001969,2024-11-23,110,5225,1139,4,97.17,0,Cash,EMP-065
TXN-001970,2024-02-02,138,5410,1047,3,638.01,20,Mobile Pay,EMP-069
TXN-001971,2024-05-24,110,5378,1183,2,257.76,25,Debit Card,EMP-025
TXN-001972,2024-08-19,112,,1147,1,1144.23,0,Credit Card,EMP-012
TXN-001973,2024-01-25,116,5021,1031,3,255.19,20,Gift Card,EMP-007
TXN-001974,2024-12-08,155,5232,1235,1,130.5,25,Cash,EMP-005
TXN-001975,2024-11-18,138,5053,1239,5,276.32,10,Cash,EMP-023
TXN-001976,2024-11-02,132,5056,1082,1,130.43,0,Debit Card,EMP-019
TXN-001977,2024-09-09,136,5112,1243,4,58.42,0,Debit Card,EMP-003
TXN-001978,2024-07-03,125,,1220,2,718.0,20,Cash,EMP-034
TXN-001979,2024-10-29,113,5098,1226,1,886.13,5,Debit Card,EMP-038
TXN-001980,2024-05-30,120,5009,1078,5,285.28,25,Gift Card,EMP-077
TXN-001981,2024-10-24,152,5010,1237,2,53.65,0,Cash,EMP-079
TXN-001982,2024-12-15,140,5036,1097,3,1195.57,5,Mobile Pay,EMP-064
TXN-001983,2024-05-11,141,5218,1160,2,794.58,0,Gift Card,EMP-041
TXN-001984,2024-07-31,131,5254,1060,3,101.57,0,Debit Card,EMP-046
TXN-001985,2024-10-17,126,,1040,3,139.86,0,Debit Card,EMP-078
TXN-001986,2024-03-09,111,5474,1008,2,505.58,10,Credit Card,EMP-010
TXN-001987,2024-06-14,114,5210,1237,1,82.39,0,Gift Card,EMP-041
TXN-001988,2024-06-10,128,5119,1194,2,1020.09,25,Debit Card,EMP-053
TXN-001989,2024-03-29,112,5391,1212,1,327.01,20,Mobile Pay,EMP-010
TXN-001990,2024-06-20,143,5330,1170,5,437.24,15,Credit Card,EMP-025
TXN-001991,2024-04-14,155,5389,1186,1,311.75,0,Cash,EMP-074
TXN-001992,2024-09-30,105,5080,1219,1,643.69,0,Debit Card,EMP-013
TXN-001993,2024-03-29,143,5261,1201,1,39.93,15,Gift Card,EMP-020
TXN-001994,2024-08-10,120,5205,1140,1,44.54,0,Gift Card,EMP-015
TXN-001995,2024-09-28,120,5199,1084,3,723.25,0,Credit Card,EMP-006
TXN-001996,2024-07-17,132,5477,1046,4,288.16,25,Debit Card,EMP-041
TXN-001997,2024-09-23,126,5326,1084,3,1123.33,20,Cash,EMP-016
TXN-001998,2024-11-01,112,5337,1112,1,404.58,0,Mobile Pay,EMP-019
TXN-001999,2024-04-01,145,,1020,1,42.85,0,Cash,EMP-021
TXN-002000,2024-11-09,119,5057,1065,4,715.36,0,Credit Card,EMP-061
TXN-002001,2024-11-10,140,5301,1115,5,479.04,10,Gift Card,EMP-068
TXN-002002,2024-02-19,148,5056,1167,5,329.21,0,Credit Card,EMP-029
TXN-002003,2024-08-09,111,5381,1109,1,245.85,0,Credit Card,EMP-045
TXN-002004,2024-04-10,126,5278,1192,2,116.16,0,Credit Card,EMP-042
TXN-002005,2024-11-19,134,5125,1012,2,146.54,0,Cash,EMP-071
TXN-002006,2024-12-18,111,5315,1042,5,1235.46,0,Credit Card,EMP-058
TXN-002007,2024-07-22,149,5234,1137,4,913.23,5,Debit Card,EMP-023
TXN-002008,2024-10-11,125,5312,1228,2,387.83,5,Mobile Pay,EMP-053
TXN-002009,2024-02-12,141,,1130,5,650.27,20,Debit Card,EMP-051
TXN-002010,2024-08-20,150,5494,1027,1,602.34,0,Credit Card,EMP-025
TXN-002011,2024-03-20,115,5460,1170,5,553.71,0,Credit Card,EMP-070
TXN-002012,2024-09-17,130,5095,1188,5,138.44,0,Gift Card,EMP-062
TXN-002013,2024-06-15,102,5358,1182,4,797.81,25,Mobile Pay,EMP-050
TXN-002014,2024-02-18,124,5370,1167,5,282.5,0,Credit Card,EMP-069
TXN-002015,2024-09-24,150,5126,1026,1,875.34,0,Mobile Pay,EMP-078
TXN-002016,2024-08-15,145,5257,1245,1,920.45,15,Gift Card,EMP-054
TXN-002017,2024-10-23,120,5354,1219,3,508.92,25,Debit Card,EMP-003
TXN-002018,2024-03-18,153,5488,1180,4,647.68,20,Debit Card,EMP-079
TXN-002019,2024-06-30,129,,1148,2,1012.53,10,Gift Card,EMP-065
TXN-002020,2024-10-30,115,5166,1145,5,360.37,10,Mobile Pay,EMP-002
TXN-002021,2024-08-15,139,,1189,1,579.2,25,Cash,EMP-061
TXN-002022,2024-03-14,105,5155,1196,4,234.01,20,Mobile Pay,EMP-003
TXN-002023,2024-10-14,144,5157,1001,4,131.99,10,Gift Card,EMP-046
TXN-002024,2024-12-17,105,5141,1159,5,1320.78,5,Gift Card,EMP-065
TXN-002025,2024-06-03,130,5429,1029,5,670.44,15,Debit Card,EMP-052
TXN-002026,2024-10-24,125,,1138,3,940.75,0,Cash,EMP-038
TXN-002027,2024-06-10,133,5327,1003,4,970.51,0,Cash,EMP-022
TXN-002028,2024-03-01,126,,1214,2,479.08,25,Credit Card,EMP-051
TXN-002029,2024-07-23,154,5009,1075,5,18.79,0,Cash,EMP-069
TXN-002030,2024-05-09,136,5000,1092,5,64.17,5,Credit Card,EMP-043
TXN-002031,2024-09-04,140,5121,1079,5,652.65,25,Cash,EMP-014
TXN-002032,2024-10-10,110,5007,1089,4,144.97,15,Credit Card,EMP-007
TXN-002033,2024-01-01,149,5199,1055,4,540.81,0,Gift Card,EMP-077
TXN-002034,2024-07-01,123,5486,1166,4,572.56,10,Credit Card,EMP-072
TXN-002035,2024-05-13,143,5277,1197,3,449.8,20,Mobile Pay,EMP-073
TXN-002036,2024-01-27,102,5467,1129,1,371.3,25,Debit Card,EMP-054
TXN-002037,2024-11-25,149,,1206,2,389.29,20,Cash,EMP-016
TXN-002038,2024-01-25,117,5486,1060,2,101.93,0,Mobile Pay,EMP-062
TXN-002039,2024-05-20,126,5462,1171,3,656.26,0,Cash,EMP-005
TXN-002040,2024-07-12,121,,1037,3,978.27,20,Mobile Pay,EMP-018
TXN-002041,2024-06-10,155,5480,1239,2,338.24,0,Gift Card,EMP-002
TXN-002042,2024-06-18,119,5337,1061,4,196.14,0,Cash,EMP-064
TXN-002043,2024-06-06,144,5147,1123,3,996.65,15,Gift Card,EMP-029
TXN-002044,2024-11-03,153,,1112,2,288.82,5,Cash,EMP-001
TXN-002045,2024-09-07,122,,1213,3,197.3,5,Credit Card,EMP-022
TXN-002046,2024-12-25,148,5001,1213,2,402.91,20,Debit Card,EMP-024
TXN-002047,2024-02-16,131,5398,1239,2,475.58,0,Mobile Pay,EMP-064
TXN-002048,2024-03-21,147,5279,1109,2,328.66,15,Gift Card,EMP-042
TXN-002049,2024-12-30,138,5092,1173,3,844.1,0,Cash,EMP-018
TXN-002050,2024-12-30,121,5257,1220,4,735.55,15,Gift Card,EMP-011
TXN-002051,2024-08-17,155,5270,1018,1,361.33,15,Cash,EMP-077
TXN-002052,2024-02-17,115,5241,1067,3,430.36,5,Cash,EMP-019
TXN-002053,2024-06-01,147,5436,1113,3,294.23,0,Mobile Pay,EMP-016
TXN-002054,2024-07-01,130,5292,1149,2,753.6,10,Cash,EMP-078
TXN-002055,2024-04-14,102,5273,1010,2,685.12,5,Credit Card,EMP-068
TXN-002056,2024-04-21,113,5352,1108,2,276.51,0,Mobile Pay,EMP-005
TXN-002057,2024-09-19,136,5415,1122,1,175.37,15,Debit Card,EMP-062
TXN-002058,2024-10-05,128,5284,1122,2,129.05,15,Credit Card,EMP-041
TXN-002059,2024-04-02,154,5167,1032,2,407.43,15,Debit Card,EMP-062
TXN-002060,2024-09-19,123,5054,1013,4,76.87,25,Debit Card,EMP-038
TXN-002061,2024-05-22,131,,1223,4,364.69,20,Debit Card,EMP-076
TXN-002062,2024-07-22,114,5114,1151,4,1063.66,0,Gift Card,EMP-078
TXN-002063,2024-10-21,117,5220,1066,3,242.84,0,Gift Card,EMP-076
TXN-002064,2024-10-21,104,5057,1150,5,1157.32,15,Mobile Pay,EMP-030
TXN-002065,2024-10-22,144,5476,1005,3,110.79,0,Credit Card,EMP-011
TXN-002066,2024-10-03,119,5463,1153,2,265.54,10,Mobile Pay,EMP-036
TXN-002067,2024-09-20,154,5480,1199,5,831.41,25,Gift Card,EMP-048
TXN-002068,2024-08-12,150,5421,1044,4,663.45,15,Gift Card,EMP-045
TXN-002069,2024-09-23,138,5431,1033,1,317.57,0,Debit Card,EMP-010
TXN-002070,2024-08-13,143,5311,1191,1,357.12,0,Cash,EMP-068
TXN-002071,2024-10-03,106,5231,1049,4,1041.31,0,Cash,EMP-075
TXN-002072,2024-09-27,152,5168,1077,1,114.14,10,Debit Card,EMP-055
TXN-002073,2024-09-11,134,5200,1195,1,638.97,0,Debit Card,EMP-028
TXN-002074,2024-11-22,128,5385,1008,5,335.55,0,Credit Card,EMP-074
TXN-002075,2024-05-05,106,5275,1157,3,343.16,15,Gift Card,EMP-002
TXN-002076,2024-01-12,154,5443,1189,5,877.68,0,Credit Card,EMP-057
TXN-002077,2024-08-27,128,5286,1148,4,482.99,5,Debit Card,EMP-048
TXN-002078,2024-02-15,135,5258,1161,1,919.05,25,Credit Card,EMP-041
TXN-002079,2024-04-09,148,,1033,1,263.97,0,Gift Card,EMP-031
TXN-002080,2024-10-26,109,5272,1021,5,600.47,25,Cash,EMP-018
TXN-002081,2024-11-26,147,,1222,4,758.3,0,Gift Card,EMP-008
TXN-002082,2024-12-19,155,5051,1136,5,877.38,0,Credit Card,EMP-037
TXN-002083,2024-06-16,130,5365,1016,2,1019.11,20,Credit Card,EMP-044
TXN-002084,2024-12-22,149,5194,1204,4,877.75,0,Mobile Pay,EMP-011
TXN-002085,2024-04-21,137,5205,1177,2,373.18,5,Cash,EMP-031
TXN-002086,2024-11-12,121,5278,1016,4,903.75,0,Cash,EMP-038
TXN-002087,2024-08-18,125,5440,1171,4,593.45,5,Gift Card,EMP-063
TXN-002088,2024-10-17,107,5059,1048,4,629.73,10,Debit Card,EMP-051
TXN-002089,2024-12-13,133,,1158,2,213.83,25,Mobile Pay,EMP-024
TXN-002090,2024-08-21,150,5215,1008,4,582.58,20,Credit Card,EMP-044
TXN-002091,2024-05-07,152,,1076,3,179.71,10,Credit Card,EMP-053
TXN-002092,2024-02-09,130,5356,1009,3,400.69,5,Cash,EMP-069
TXN-002093,2024-11-21,124,5021,1236,1,125.53,0,Debit Card,EMP-072
TXN-002094,2024-10-06,117,5004,1001,2,86.78,25,Mobile Pay,EMP-027
TXN-002095,2024-08-04,117,5052,1035,3,578.53,10,Mobile Pay,EMP-015
TXN-002096,2024-09-27,114,5406,1194,1,954.33,20,Gift Card,EMP-006
TXN-002097,2024-08-02,143,5440,1127,5,119.55,0,Gift Card,EMP-023
TXN-002098,2024-03-29,140,5480,1130,5,780.18,25,Cash,EMP-041
TXN-002099,2024-06-28,150,5425,1029,3,947.13,25,Debit Card,EMP-063
TXN-002100,2024-03-04,128,5328,1117,5,16.13,0,Credit Card,EMP-050
TXN-002101,2024-05-18,120,5103,1199,2,974.83,0,Gift Card,EMP-064
TXN-002102,2024-04-15,133,5183,1141,2,600.12,5,Debit Card,EMP-052
TXN-002103,2024-05-25,117,,1195,1,473.49,5,Credit Card,EMP-078
TXN-002104,2024-01-07,113,5178,1160,5,917.17,20,Credit Card,EMP-024
TXN-002105,2024-10-06,111,5403,1033,1,209.32,10,Credit Card,EMP-022
TXN-002106,2024-04-29,142,,1229,3,332.01,25,Mobile Pay,EMP-018
TXN-002107,2024-01-04,104,,1069,4,917.8,10,Credit Card,EMP-073
TXN-002108,2024-04-20,154,5122,1041,5,434.01,0,Credit Card,EMP-080
TXN-002109,2024-09-04,141,,1183,2,358.87,0,Cash,EMP-070
TXN-002110,2024-08-26,110,5243,1008,4,480.03,10,Gift Card,EMP-053
TXN-002111,2024-04-14,132,,1047,3,655.01,0,Debit Card,EMP-038
TXN-002112,2024-01-08,114,5344,1068,2,1254.19,20,Credit Card,EMP-014
TXN-002113,2024-09-30,120,,1213,4,339.64,20,Credit Card,EMP-049
TXN-002114,2024-04-20,126,,1013,4,114.23,0,Credit Card,EMP-020
TXN-002115,2024-01-18,126,5121,1009,4,323.96,0,Credit Card,EMP-074
TXN-002116,2024-07-03,101,5015,1051,3,116.63,25,Mobile Pay,EMP-078
TXN-002117,2024-06-09,122,5069,1008,5,278.13,0,Credit Card,EMP-060
TXN-002118,2024-04-20,103,5398,1158,4,340.12,0,Debit Card,EMP-012
TXN-002119,2024-02-25,148,5021,1053,5,830.44,25,Credit Card,EMP-050
TXN-002120,2024-09-10,153,,1037,3,573.42,15,Cash,EMP-053
TXN-002121,2024-02-27,105,5413,1127,4,86.98,0,Mobile Pay,EMP-033
TXN-002122,2024-06-05,153,5074,1063,2,709.87,10,Cash,EMP-017
TXN-002123,2024-04-04,110,5007,1093,3,707.4,0,Debit Card,EMP-076
TXN-002124,2024-05-18,143,5467,1194,1,573.78,10,Cash,EMP-058
TXN-002125,2024-08-30,144,5106,1227,2,611.23,20,Cash,EMP-041
TXN-002126,2024-02-18,142,5040,1058,4,1364.79,10,Gift Card,EMP-004
TXN-002127,2024-12-12,123,5354,1035,5,338.74,15,Credit Card,EMP-049
TXN-002128,2024-01-19,121,5056,1034,5,223.53,0,Debit Card,EMP-056
TXN-002129,2024-10-03,147,5146,1226,5,723.15,20,Cash,EMP-062
TXN-002130,2024-10-11,144,5263,1110,4,817.64,0,Debit Card,EMP-060
TXN-002131,2024-07-13,120,5137,1016,4,1037.92,10,Credit Card,EMP-066
TXN-002132,2024-04-28,137,5045,1113,1,284.12,0,Mobile Pay,EMP-038
TXN-002133,2024-11-13,120,,1217,1,246.34,0,Mobile Pay,EMP-074
TXN-002134,2024-09-27,113,5498,1239,4,461.63,0,Debit Card,EMP-042
TXN-002135,2024-04-27,129,5138,1072,1,141.0,0,Credit Card,EMP-029
TXN-002136,2024-10-20,112,5221,1248,2,1019.41,0,Debit Card,EMP-009
TXN-002137,2024-03-26,148,5480,1052,2,582.76,0,Cash,EMP-043
TXN-002138,2024-01-01,102,5031,1225,1,673.1,20,Debit Card,EMP-038
TXN-002139,2024-12-31,101,5313,1104,1,485.92,0,Credit Card,EMP-033
TXN-002140,2024-03-01,155,,1104,1,635.54,20,Gift Card,EMP-020
TXN-002141,2024-04-30,148,5233,1036,5,184.3,25,Gift Card,EMP-006
TXN-002142,2024-07-17,135,5153,1003,1,803.84,20,Mobile Pay,EMP-034
TXN-002143,2024-07-17,139,,1063,5,467.61,10,Debit Card,EMP-032
TXN-002144,2024-08-10,129,5125,1031,1,331.77,0,Gift Card,EMP-011
TXN-002145,2024-06-11,145,5189,1024,3,204.53,15,Gift Card,EMP-019
TXN-002146,2024-10-20,113,5009,1247,3,634.13,0,Credit Card,EMP-047
TXN-002147,2024-04-14,102,5210,1083,4,552.29,15,Mobile Pay,EMP-074
TXN-002148,2024-11-06,118,5360,1153,4,226.26,20,Mobile Pay,EMP-019
TXN-002149,2024-01-28,142,,1025,1,439.58,0,Gift Card,EMP-012
TXN-002150,2024-12-18,115,,1130,5,530.95,25,Gift Card,EMP-037
TXN-002151,2024-01-01,134,5017,1039,3,1316.69,0,Mobile Pay,EMP-034
TXN-002152,2024-12-18,123,5404,1084,2,1223.7,20,Cash,EMP-021
TXN-002153,2024-04-23,119,,1089,1,222.6,0,Gift Card,EMP-013
TXN-002154,2024-10-13,136,5054,1244,1,474.24,20,Credit Card,EMP-023
TXN-002155,2024-11-19,143,5146,1250,4,157.56,0,Credit Card,EMP-008
TXN-002156,2024-08-25,128,,1155,4,173.94,0,Credit Card,EMP-011
TXN-002157,2024-03-06,106,,1144,1,736.22,0,Debit Card,EMP-026
TXN-002158,2024-03-06,105,5218,1146,3,454.32,0,Debit Card,EMP-004
TXN-002159,2024-12-01,101,5191,1232,4,771.28,20,Mobile Pay,EMP-042
TXN-002160,2024-04-24,149,5467,1245,3,1266.9,10,Mobile Pay,EMP-006
TXN-002161,2024-06-05,129,,1168,4,297.39,5,Cash,EMP-050
TXN-002162,2024-01-13,124,5003,1028,4,542.39,5,Cash,EMP-063
TXN-002163,2024-03-17,106,5215,1067,4,348.01,20,Gift Card,EMP-022
TXN-002164,2024-03-24,144,,1241,2,230.15,25,Debit Card,EMP-051
TXN-002165,2024-08-19,146,5214,1253,4,351.73,15,Mobile Pay,EMP-020
TXN-002166,2024-03-07,129,5318,1071,4,1337.61,25,Gift Card,EMP-035
TXN-002167,2024-11-15,111,5339,1076,5,242.81,0,Debit Card,EMP-047
TXN-002168,2024-01-08,133,5412,1010,3,739.53,25,Cash,EMP-019
TXN-002169,2024-03-05,120,5107,1061,1,217.88,10,Mobile Pay,EMP-049
TXN-002170,2024-10-07,151,5172,1040,4,329.94,10,Gift Card,EMP-046
TXN-002171,2024-03-24,126,5008,1092,3,49.93,10,Credit Card,EMP-016
TXN-002172,2024-02-21,135,5100,1172,5,459.23,0,Gift Card,EMP-019
TXN-002173,2024-08-25,120,5119,1064,2,462.65,15,Gift Card,EMP-037
TXN-002174,2024-09-13,105,5370,1224,5,421.02,10,Gift Card,EMP-054
TXN-002175,2024-10-01,150,5443,1006,1,905.22,15,Credit Card,EMP-013
TXN-002176,2024-01-23,120,5189,1047,2,588.0,10,Credit Card,EMP-024
TXN-002177,2024-05-06,120,5026,1221,5,592.93,20,Credit Card,EMP-031
TXN-002178,2024-09-11,133,5446,1037,4,516.13,0,Credit Card,EMP-026
TXN-002179,2024-03-24,129,5304,1016,5,1098.33,0,Credit Card,EMP-012
TXN-002180,2024-05-21,131,5470,1009,1,412.27,5,Credit Card,EMP-064
TXN-002181,2024-02-20,127,5284,1151,1,990.8,0,Mobile Pay,EMP-020
TXN-002182,2024-06-30,147,5026,1176,5,636.88,10,Credit Card,EMP-075
TXN-002183,2024-11-27,134,5420,1073,3,469.09,15,Credit Card,EMP-016
TXN-002184,2024-02-09,134,5172,1053,2,1117.76,0,Credit Card,EMP-061
TXN-002185,2024-03-26,134,5227,1143,1,399.06,25,Debit Card,EMP-060
TXN-002186,2024-11-02,127,5057,1195,1,299.84,20,Credit Card,EMP-071
TXN-002187,2024-12-19,154,5499,1132,2,357.23,0,Debit Card,EMP-077
TXN-002188,2024-10-28,150,5251,1163,1,1307.78,5,Mobile Pay,EMP-044
TXN-002189,2024-04-26,107,5442,1011,1,703.03,0,Cash,EMP-071
TXN-002190,2024-01-08,123,5401,1173,4,1187.21,0,Credit Card,EMP-022
TXN-002191,2024-11-29,150,5408,1066,2,208.56,5,Mobile Pay,EMP-024
TXN-002192,2024-03-24,151,5019,1249,4,942.6,20,Gift Card,EMP-046
TXN-002193,2024-08-21,152,5199,1067,4,411.13,15,Credit Card,EMP-056
TXN-002194,2024-11-13,124,5468,1177,2,288.54,0,Cash,EMP-008
TXN-002195,2024-02-29,125,5074,1215,1,86.72,0,Mobile Pay,EMP-002
TXN-002196,2024-04-21,153,5488,1051,5,111.72,10,Debit Card,EMP-037
TXN-002197,2024-04-18,135,,1180,2,866.5,0,Cash,EMP-070
TXN-002198,2024-05-29,120,,1129,1,190.52,20,Gift Card,EMP-010
TXN-002199,2024-01-08,107,,1081,3,1110.8,0,Mobile Pay,EMP-061
TXN-002200,2024-07-05,145,5198,1196,3,268.67,20,Debit Card,EMP-030
TXN-002201,2024-12-07,120,5119,1223,5,557.5,0,Credit Card,EMP-001
TXN-002202,2024-06-15,132,5141,1005,4,137.51,10,Debit Card,EMP-063
TXN-002203,2024-09-15,108,5438,1210,3,377.74,25,Debit Card,EMP-071
TXN-002204,2024-06-21,109,5056,1083,5,545.27,0,Mobile Pay,EMP-064
TXN-002205,2024-06-17,149,5190,1207,5,297.82,25,Gift Card,EMP-013
TXN-002206,2024-06-23,141,5480,1093,1,808.04,25,Debit Card,EMP-030
TXN-002207,2024-07-15,149,5222,1005,3,75.85,10,Mobile Pay,EMP-060
TXN-002208,2024-08-27,107,,1037,1,473.2,25,Debit Card,EMP-008
TXN-002209,2024-09-13,149,5134,1119,4,385.14,5,Mobile Pay,EMP-008
TXN-002210,2024-04-20,134,5116,1026,1,662.89,0,Mobile Pay,EMP-038
TXN-002211,2024-02-07,130,5361,1216,2,339.2,20,Credit Card,EMP-021
TXN-002212,2024-10-15,144,5201,1045,5,348.67,20,Debit Card,EMP-058
TXN-002213,2024-04-05,129,5023,1143,4,394.96,20,Cash,EMP-018
TXN-002214,2024-01-06,110,5105,1115,4,770.69,0,Debit Card,EMP-044
TXN-002215,2024-04-16,127,5243,1187,2,564.38,15,Gift Card,EMP-017
TXN-002216,2024-04-21,131,5427,1229,5,528.13,0,Mobile Pay,EMP-004
TXN-002217,2024-05-14,138,5201,1133,2,1292.96,0,Credit Card,EMP-043
TXN-002218,2024-07-08,151,,1200,1,654.35,0,Mobile Pay,EMP-026
TXN-002219,2024-10-22,139,5167,1108,4,519.54,20,Cash,EMP-002
TXN-002220,2024-06-09,129,5210,1050,1,935.61,25,Gift Card,EMP-077
TXN-002221,2024-08-25,128,5081,1128,1,923.51,0,Debit Card,EMP-068
TXN-002222,2024-05-12,126,5440,1038,2,1019.8,25,Debit Card,EMP-024
TXN-002223,2024-01-31,131,5075,1181,1,434.91,0,Credit Card,EMP-060
TXN-002224,2024-07-08,132,5061,1167,1,618.08,20,Debit Card,EMP-008
TXN-002225,2024-05-30,119,5058,1041,3,594.23,20,Gift Card,EMP-071
TXN-002226,2024-04-29,128,5427,1009,5,267.51,0,Debit Card,EMP-075
TXN-002227,2024-04-01,137,5211,1048,5,428.29,0,Credit Card,EMP-035
TXN-002228,2024-04-04,104,5039,1174,4,307.23,0,Credit Card,EMP-058
TXN-002229,2024-08-25,114,,1227,1,1121.28,20,Debit Card,EMP-058
TXN-002230,2024-01-21,103,,1228,3,448.05,5,Debit Card,EMP-024
TXN-002231,2024-07-30,125,5143,1214,5,346.92,5,Credit Card,EMP-057
TXN-002232,2024-03-22,136,5123,1145,1,218.68,5,Gift Card,EMP-005
TXN-002233,2024-07-22,123,5080,1194,5,1222.95,15,Credit Card,EMP-078
TXN-002234,2024-04-22,145,,1189,2,763.46,25,Debit Card,EMP-070
TXN-002235,2024-02-14,125,,1041,2,722.96,15,Credit Card,EMP-039
TXN-002236,2024-10-15,128,,1210,4,280.65,25,Mobile Pay,EMP-043
TXN-002237,2024-03-28,123,5155,1117,2,26.46,25,Cash,EMP-080
TXN-002238,2024-11-16,133,5000,1151,5,692.09,20,Cash,EMP-001
TXN-002239,2024-08-02,155,5211,1192,1,163.0,0,Credit Card,EMP-070
TXN-002240,2024-01-06,154,,1171,2,898.02,0,Debit Card,EMP-024
TXN-002241,2024-02-09,153,5153,1232,2,859.84,0,Cash,EMP-034
TXN-002242,2024-10-04,111,5088,1147,3,1259.32,5,Debit Card,EMP-027
TXN-002243,2024-03-29,103,5034,1002,2,368.98,15,Cash,EMP-045
TXN-002244,2024-01-31,119,5172,1030,3,795.31,0,Debit Card,EMP-052
TXN-002245,2024-10-24,145,5145,1130,2,959.51,5,Debit Card,EMP-025
TXN-002246,2024-03-24,138,5083,1076,4,323.0,0,Credit Card,EMP-069
TXN-002247,2024-01-14,115,5330,1089,1,164.83,0,Cash,EMP-035
TXN-002248,2024-02-16,150,,1042,3,1200.37,20,Cash,EMP-079
TXN-002249,2024-11-03,110,,1158,2,241.36,25,Mobile Pay,EMP-026
TXN-002250,2024-02-08,111,5142,1124,1,541.03,0,Mobile Pay,EMP-024
TXN-002251,2024-10-31,114,5289,1199,4,1077.49,15,Gift Card,EMP-013
TXN-002252,2024-10-27,115,5359,1034,1,245.25,25,Cash,EMP-030
TXN-002253,2024-07-24,131,5140,1033,3,317.32,0,Gift Card,EMP-052
TXN-002254,2024-05-08,102,5359,1099,5,499.51,20,Credit Card,EMP-058
TXN-002255,2024-04-27,148,5337,1007,5,124.94,10,Cash,EMP-018
TXN-002256,2024-05-18,123,5032,1016,2,565.4,15,Cash,EMP-002
TXN-002257,2024-06-11,107,5071,1025,5,568.29,0,Cash,EMP-031
TXN-002258,2024-12-07,138,5248,1216,4,250.81,0,Cash,EMP-060
TXN-002259,2024-11-05,109,5128,1250,2,125.78,0,Gift Card,EMP-070
TXN-002260,2024-04-30,121,5345,1182,5,738.51,0,Gift Card,EMP-024
TXN-002261,2024-01-04,128,5021,1078,4,369.84,20,Gift Card,EMP-026
TXN-002262,2024-04-16,136,5301,1226,4,608.31,15,Credit Card,EMP-046
TXN-002263,2024-11-12,135,5366,1242,3,19.01,20,Cash,EMP-008
TXN-002264,2024-09-23,148,5183,1086,5,82.1,5,Gift Card,EMP-022
TXN-002265,2024-06-13,126,5069,1180,2,676.13,0,Gift Card,EMP-035
TXN-002266,2024-07-22,124,5086,1124,3,380.39,5,Cash,EMP-048
TXN-002267,2024-02-11,112,5081,1202,2,1034.96,15,Credit Card,EMP-014
TXN-002268,2024-09-30,141,5478,1047,4,790.97,0,Cash,EMP-058
TXN-002269,2024-03-29,112,5128,1142,1,422.45,0,Debit Card,EMP-021
TXN-002270,2024-05-05,112,5293,1237,5,50.58,0,Credit Card,EMP-078
TXN-002271,2024-12-25,129,5355,1168,1,381.85,0,Mobile Pay,EMP-052
TXN-002272,2024-01-01,154,5423,1068,1,1326.29,15,Mobile Pay,EMP-025
TXN-002273,2024-04-04,102,5020,1018,2,572.93,0,Credit Card,EMP-011
TXN-002274,2024-10-21,140,5275,1057,2,628.0,0,Debit Card,EMP-039
TXN-002275,2024-08-25,155,5195,1024,1,115.98,0,Mobile Pay,EMP-003
TXN-002276,2024-09-27,126,5164,1037,3,758.95,20,Credit Card,EMP-054
TXN-002277,2024-01-29,119,5200,1122,2,245.59,15,Credit Card,EMP-002
TXN-002278,2024-10-20,128,5138,1084,1,696.87,25,Mobile Pay,EMP-019
TXN-002279,2024-04-24,113,5453,1173,4,664.75,0,Credit Card,EMP-080
TXN-002280,2024-05-12,109,5153,1073,2,427.87,0,Mobile Pay,EMP-045
TXN-002281,2024-05-21,148,,1231,2,231.56,25,Debit Card,EMP-060
TXN-002282,2024-08-28,127,5244,1169,1,368.44,20,Debit Card,EMP-033
TXN-002283,2024-11-05,118,5419,1075,4,13.05,0,Mobile Pay,EMP-042
TXN-002284,2024-06-23,154,5044,1026,4,677.22,5,Debit Card,EMP-039
TXN-002285,2024-12-23,115,5286,1047,4,549.26,10,Cash,EMP-035
TXN-002286,2024-02-09,128,5176,1197,3,424.56,5,Gift Card,EMP-050
TXN-002287,2024-10-20,111,5005,1066,3,174.13,10,Gift Card,EMP-048
TXN-002288,2024-04-25,136,,1097,5,1259.09,0,Cash,EMP-060
TXN-002289,2024-03-29,105,5136,1051,1,128.17,0,Gift Card,EMP-044
TXN-002290,2024-04-26,131,5160,1129,3,400.75,0,Credit Card,EMP-051
TXN-002291,2024-05-22,154,5008,1061,1,219.68,5,Mobile Pay,EMP-069
TXN-002292,2024-02-09,132,,1068,4,1119.97,0,Cash,EMP-029
TXN-002293,2024-08-21,114,5141,1130,4,1052.25,0,Mobile Pay,EMP-049
TXN-002294,2024-02-12,155,5493,1139,3,154.23,20,Cash,EMP-054
TXN-002295,2024-08-27,126,5119,1034,5,389.54,0,Cash,EMP-039
TXN-002296,2024-12-21,139,5382,1023,5,489.86,0,Credit Card,EMP-020
TXN-002297,2024-08-19,108,5431,1122,1,237.95,10,Cash,EMP-006
TXN-002298,2024-12-23,102,5197,1117,3,22.77,5,Cash,EMP-053
TXN-002299,2024-08-07,146,,1009,2,257.92,25,Cash,EMP-055
TXN-002300,2024-10-30,131,,1131,4,523.77,5,Credit Card,EMP-052
TXN-002301,2024-08-29,109,5280,1180,2,893.08,0,Mobile Pay,EMP-053
TXN-002302,2024-08-31,140,5041,1234,1,635.38,25,Gift Card,EMP-065
TXN-002303,2024-08-08,139,5346,1085,1,523.06,20,Mobile Pay,EMP-027
TXN-002304,2024-10-20,145,5086,1107,5,60.58,25,Mobile Pay,EMP-004
TXN-002305,2024-06-10,155,5011,1205,3,484.5,0,Debit Card,EMP-016
TXN-002306,2024-12-21,128,5287,1117,1,12.55,20,Mobile Pay,EMP-004
TXN-002307,2024-07-27,105,5390,1101,4,761.01,0,Gift Card,EMP-002
TXN-002308,2024-08-30,150,5090,1050,5,1117.18,0,Gift Card,EMP-069
TXN-002309,2024-03-22,121,5359,1126,2,665.19,5,Mobile Pay,EMP-012
TXN-002310,2024-08-22,128,,1189,3,949.44,10,Debit Card,EMP-052
TXN-002311,2024-10-27,138,5356,1075,5,12.7,5,Credit Card,EMP-031
TXN-002312,2024-06-16,102,5354,1078,1,348.09,10,Cash,EMP-073
TXN-002313,2024-11-08,125,,1251,5,704.37,0,Credit Card,EMP-079
TXN-002314,2024-06-23,117,5188,1210,5,308.65,0,Cash,EMP-030
TXN-002315,2024-10-14,151,5337,1234,2,603.64,0,Debit Card,EMP-010
TXN-002316,2024-08-26,101,5257,1186,4,485.75,20,Cash,EMP-029
TXN-002317,2024-12-13,149,5296,1030,1,625.43,0,Mobile Pay,EMP-033
TXN-002318,2024-10-24,155,,1236,5,180.49,0,Cash,EMP-001
TXN-002319,2024-04-12,131,,1241,1,260.75,0,Mobile Pay,EMP-039
TXN-002320,2024-01-22,141,5262,1115,5,903.37,0,Gift Card,EMP-009
TXN-002321,2024-08-20,127,5307,1041,5,494.84,0,Cash,EMP-039
TXN-002322,2024-09-26,155,,1084,1,1104.89,25,Debit Card,EMP-067
TXN-002323,2024-09-16,112,5289,1169,4,294.04,10,Credit Card,EMP-010
TXN-002324,2024-08-02,108,5350,1139,5,72.69,20,Credit Card,EMP-022
TXN-002325,2024-08-29,103,,1104,5,459.23,0,Credit Card,EMP-031
TXN-002326,2024-11-15,112,5411,1031,4,239.28,5,Cash,EMP-036
TXN-002327,2024-05-17,142,5322,1056,2,184.87,10,Cash,EMP-067
TXN-002328,2024-12-14,112,5041,1211,1,679.56,10,Debit Card,EMP-039
TXN-002329,2024-03-24,102,5305,1169,5,364.22,0,Debit Card,EMP-029
TXN-002330,2024-08-22,118,5465,1094,5,339.68,25,Mobile Pay,EMP-008
TXN-002331,2024-05-07,109,5000,1157,3,216.64,5,Mobile Pay,EMP-041
TXN-002332,2024-03-09,123,5021,1217,3,285.79,5,Mobile Pay,EMP-033
TXN-002333,2024-09-13,151,5225,1193,3,169.42,10,Credit Card,EMP-032
TXN-002334,2024-07-23,133,5460,1212,5,347.12,0,Credit Card,EMP-046
TXN-002335,2024-10-18,118,5189,1116,4,483.97,20,Debit Card,EMP-026
TXN-002336,2024-03-06,130,5413,1060,5,118.94,20,Cash,EMP-075
TXN-002337,2024-02-07,132,5418,1034,2,300.82,0,Credit Card,EMP-033
TXN-002338,2024-04-05,127,5492,1155,5,246.77,0,Credit Card,EMP-050
TXN-002339,2024-08-01,137,5476,1102,5,363.83,20,Debit Card,EMP-025
TXN-002340,2024-06-25,139,5455,1097,2,1065.65,5,Debit Card,EMP-042
TXN-002341,2024-10-10,133,5284,1189,4,687.05,25,Mobile Pay,EMP-079
TXN-002342,2024-04-05,108,5154,1096,2,548.78,10,Gift Card,EMP-023
TXN-002343,2024-01-26,139,5458,1134,2,926.78,0,Cash,EMP-026
TXN-002344,2024-11-04,106,5306,1136,2,1246.0,0,Mobile Pay,EMP-002
TXN-002345,2024-01-16,142,5025,1002,4,355.21,20,Debit Card,EMP-079
TXN-002346,2024-02-04,115,5338,1245,1,1247.67,10,Gift Card,EMP-010
TXN-002347,2024-04-21,137,5415,1077,4,56.61,15,Debit Card,EMP-070
TXN-002348,2024-08-28,142,5222,1034,3,202.52,20,Cash,EMP-021
TXN-002349,2024-12-07,122,5005,1241,5,318.85,0,Credit Card,EMP-067
TXN-002350,2024-04-03,132,5291,1060,4,109.05,20,Gift Card,EMP-014
TXN-002351,2024-11-14,109,5205,1242,5,24.36,0,Cash,EMP-052
TXN-002352,2024-09-30,143,,1034,3,447.39,5,Credit Card,EMP-058
TXN-002353,2024-11-11,137,5220,1105,3,64.21,25,Debit Card,EMP-038
TXN-002354,2024-01-04,117,5251,1080,1,393.4,0,Cash,EMP-029
TXN-002355,2024-02-07,155,5161,1169,4,203.13,0,Credit Card,EMP-007
TXN-002356,2024-09-11,132,5037,1126,3,983.02,0,Debit Card,EMP-054
TXN-002357,2024-02-14,103,5494,1194,2,951.72,15,Gift Card,EMP-075
TXN-002358,2024-11-01,113,5247,1185,2,436.94,25,Credit Card,EMP-025
TXN-002359,2024-06-01,118,5158,1188,4,71.91,10,Gift Card,EMP-078
TXN-002360,2024-01-01,148,5227,1200,5,680.19,20,Debit Card,EMP-029
TXN-002361,2024-06-10,145,5002,1253,4,384.2,20,Cash,EMP-010
TXN-002362,2024-11-07,145,5470,1019,5,760.58,15,Credit Card,EMP-062
TXN-002363,2024-12-21,138,5275,1062,3,1287.98,0,Cash,EMP-046
TXN-002364,2024-07-15,153,,1050,1,1136.68,15,Gift Card,EMP-001
TXN-002365,2024-06-25,148,,1089,1,162.19,15,Mobile Pay,EMP-034
TXN-002366,2024-05-18,116,5187,1184,5,1040.57,0,Mobile Pay,EMP-007
TXN-002367,2024-11-27,119,,1126,1,1258.17,5,Credit Card,EMP-040
TXN-002368,2024-06-12,149,5009,1229,2,432.17,0,Debit Card,EMP-011
TXN-002369,2024-10-03,150,5201,1007,2,250.87,0,Debit Card,EMP-066
TXN-002370,2024-07-09,118,5350,1235,1,124.63,25,Gift Card,EMP-070
TXN-002371,2024-01-07,122,5357,1039,1,856.21,20,Cash,EMP-056
TXN-002372,2024-12-29,122,5121,1154,4,686.51,0,Debit Card,EMP-008
TXN-002373,2024-04-07,102,5435,1155,5,342.29,0,Mobile Pay,EMP-063
TXN-002374,2024-01-22,103,5247,1130,5,899.0,0,Credit Card,EMP-016
TXN-002375,2024-11-02,153,5370,1180,3,785.08,5,Credit Card,EMP-012
TXN-002376,2024-04-12,125,,1175,4,990.3,0,Credit Card,EMP-043
TXN-002377,2024-10-02,111,5175,1071,4,989.05,5,Debit Card,EMP-016
TXN-002378,2024-02-27,130,,1153,2,326.39,0,Credit Card,EMP-041
TXN-002379,2024-04-25,131,5243,1154,3,1235.47,15,Cash,EMP-038
TXN-002380,2024-09-02,135,5442,1186,2,550.0,5,Credit Card,EMP-057
TXN-002381,2024-02-02,140,,1075,5,16.29,15,Debit Card,EMP-074
TXN-002382,2024-05-19,127,5198,1108,2,569.03,20,Debit Card,EMP-032
TXN-002383,2024-06-16,124,5001,1180,2,873.17,0,Debit Card,EMP-050
TXN-002384,2024-02-07,124,,1190,4,369.58,25,Credit Card,EMP-028
TXN-002385,2024-07-17,104,5416,1133,4,871.08,5,Credit Card,EMP-051
TXN-002386,2024-07-21,103,,1062,2,870.93,0,Mobile Pay,EMP-035
TXN-002387,2024-01-05,114,,1160,5,703.45,0,Gift Card,EMP-016
TXN-002388,2024-03-25,110,5014,1016,3,970.44,0,Credit Card,EMP-078
TXN-002389,2024-05-14,130,5482,1087,3,595.73,25,Gift Card,EMP-047
TXN-002390,2024-04-28,126,5095,1220,1,584.95,0,Gift Card,EMP-069
TXN-002391,2024-08-08,153,5178,1012,4,117.98,10,Cash,EMP-033
TXN-002392,2024-05-19,121,5022,1252,3,1126.39,10,Cash,EMP-043
TXN-002393,2024-04-25,136,5322,1132,1,347.81,20,Cash,EMP-045
TXN-002394,2024-09-28,149,5144,1055,3,721.03,20,Mobile Pay,EMP-021
TXN-002395,2024-03-26,132,5063,1153,5,360.43,25,Credit Card,EMP-041
TXN-002396,2024-12-24,127,5415,1105,1,62.47,20,Debit Card,EMP-040
TXN-002397,2024-10-04,129,,1109,2,159.22,20,Mobile Pay,EMP-003
TXN-002398,2024-03-08,133,5187,1051,3,110.56,0,Credit Card,EMP-048
TXN-002399,2024-04-11,147,5347,1175,1,436.38,20,Mobile Pay,EMP-013
TXN-002400,2024-06-10,104,5292,1109,3,164.58,0,Debit Card,EMP-033
TXN-002401,2024-06-03,129,5157,1020,5,43.64,10,Credit Card,EMP-049
TXN-002402,2024-05-15,152,5348,1188,3,119.38,25,Gift Card,EMP-007
TXN-002403,2024-06-12,106,5376,1186,5,454.1,20,Mobile Pay,EMP-039
TXN-002404,2024-07-26,108,5453,1149,5,686.99,5,Debit Card,EMP-042
TXN-002405,2024-12-31,130,5286,1156,4,326.31,0,Cash,EMP-060
TXN-002406,2024-01-26,145,5381,1198,4,505.94,25,Credit Card,EMP-070
TXN-002407,2024-05-15,137,5051,1063,2,1006.36,0,Credit Card,EMP-078
TXN-002408,2024-07-03,153,5435,1111,2,611.34,25,Debit Card,EMP-018
TXN-002409,2024-04-17,103,5132,1145,2,385.16,0,Cash,EMP-031
TXN-002410,2024-03-24,130,5493,1209,4,435.2,0,Cash,EMP-022
TXN-002411,2024-08-12,111,5363,1122,2,237.04,15,Debit Card,EMP-006
TXN-002412,2024-03-10,107,,1062,3,1070.37,0,Credit Card,EMP-055
TXN-002413,2024-11-11,118,5264,1049,3,713.32,0,Debit Card,EMP-039
TXN-002414,2024-09-10,139,5076,1169,1,173.97,25,Cash,EMP-042
TXN-002415,2024-02-13,125,5064,1085,1,892.4,25,Cash,EMP-056
TXN-002416,2024-10-18,136,,1177,2,468.99,0,Credit Card,EMP-001
TXN-002417,2024-07-20,110,5344,1202,2,785.98,20,Debit Card,EMP-017
TXN-002418,2024-09-09,105,5480,1116,4,329.71,0,Mobile Pay,EMP-052
TXN-002419,2024-06-01,101,5226,1187,2,531.71,15,Credit Card,EMP-031
TXN-002420,2024-07-12,140,5086,1205,5,204.55,10,Debit Card,EMP-037
TXN-002421,2024-02-13,146,5405,1187,3,692.39,0,Debit Card,EMP-064
TXN-002422,2024-05-18,151,5242,1005,3,124.12,0,Mobile Pay,EMP-059
TXN-002423,2024-08-03,128,5431,1036,2,141.46,0,Credit Card,EMP-032
TXN-002424,2024-12-27,141,5182,1104,4,372.03,10,Mobile Pay,EMP-010
TXN-002425,2024-05-24,142,5248,1147,5,887.99,5,Credit Card,EMP-067
TXN-002426,2024-04-21,132,5347,1252,5,1088.96,10,Gift Card,EMP-010
TXN-002427,2024-05-11,138,5017,1154,5,1242.47,15,Cash,EMP-002
TXN-002428,2024-05-24,153,5073,1153,4,337.74,20,Cash,EMP-028
TXN-002429,2024-03-06,125,5131,1034,1,408.6,0,Credit Card,EMP-021
TXN-002430,2024-10-07,142,5412,1150,1,1088.69,0,Cash,EMP-079
TXN-002431,2024-05-27,101,5008,1144,1,1295.47,0,Mobile Pay,EMP-056
TXN-002432,2024-12-23,113,5465,1253,5,831.96,10,Mobile Pay,EMP-039
TXN-002433,2024-03-29,126,5174,1212,4,394.76,25,Credit Card,EMP-066
TXN-002434,2024-09-13,129,5104,1135,5,9.83,25,Credit Card,EMP-043
TXN-002435,2024-12-02,134,5198,1140,1,67.36,20,Credit Card,EMP-026
TXN-002436,2024-12-23,120,5205,1186,4,371.57,10,Mobile Pay,EMP-004
TXN-002437,2024-12-13,118,5319,1084,5,920.38,20,Debit Card,EMP-070
TXN-002438,2024-05-03,129,5470,1249,2,423.83,5,Mobile Pay,EMP-016
TXN-002439,2024-01-26,127,5072,1215,1,97.74,20,Mobile Pay,EMP-017
TXN-002440,2024-01-04,147,5163,1026,4,623.82,20,Cash,EMP-043
TXN-002441,2024-09-12,121,5165,1171,3,1035.77,25,Cash,EMP-013
TXN-002442,2024-03-29,104,5003,1066,4,177.51,25,Cash,EMP-067
TXN-002443,2024-07-31,144,,1207,1,466.15,15,Credit Card,EMP-054
TXN-002444,2024-07-14,112,,1091,3,372.34,10,Cash,EMP-009
TXN-002445,2024-09-19,110,5002,1151,2,850.42,5,Gift Card,EMP-053
TXN-002446,2024-09-30,121,5428,1110,4,383.44,0,Credit Card,EMP-058
TXN-002447,2024-01-11,140,5451,1246,3,513.0,10,Debit Card,EMP-028
TXN-002448,2024-09-19,145,5408,1165,3,113.81,0,Gift Card,EMP-079
TXN-002449,2024-09-30,118,5446,1058,1,598.47,5,Cash,EMP-075
TXN-002450,2024-01-07,139,5421,1150,4,1141.33,25,Gift Card,EMP-063
TXN-002451,2024-03-10,118,5284,1216,1,329.05,5,Cash,EMP-050
TXN-002452,2024-11-08,103,5468,1070,4,701.71,5,Cash,EMP-049
TXN-002453,2024-12-19,137,5007,1126,3,816.69,25,Debit Card,EMP-074
TXN-002454,2024-05-08,141,5424,1174,5,197.91,0,Debit Card,EMP-056
TXN-002455,2024-01-01,142,5075,1044,1,747.85,5,Credit Card,EMP-046
TXN-002456,2024-09-28,134,,1154,3,1290.47,0,Mobile Pay,EMP-025
TXN-002457,2024-06-08,148,,1040,4,144.63,25,Mobile Pay,EMP-037
TXN-002458,2024-09-29,108,5489,1112,3,327.81,0,Gift Card,EMP-055
TXN-002459,2024-05-16,101,5103,1233,5,656.27,0,Gift Card,EMP-041
TXN-002460,2024-11-24,118,5412,1134,1,884.45,20,Debit Card,EMP-032
TXN-002461,2024-11-27,102,5219,1197,3,323.64,20,Gift Card,EMP-036
TXN-002462,2024-03-25,134,5475,1118,2,974.22,0,Mobile Pay,EMP-025
TXN-002463,2024-12-24,114,5302,1001,1,113.67,15,Credit Card,EMP-068
TXN-002464,2024-02-16,150,,1120,2,296.19,20,Cash,EMP-044
TXN-002465,2024-10-15,102,5428,1080,4,464.98,0,Debit Card,EMP-018
TXN-002466,2024-08-23,129,5060,1186,5,326.84,0,Debit Card,EMP-022
TXN-002467,2024-04-26,146,5018,1121,4,1066.59,15,Cash,EMP-070
TXN-002468,2024-11-17,118,5282,1164,4,586.66,25,Gift Card,EMP-042
TXN-002469,2024-12-26,132,5215,1067,3,284.59,15,Debit Card,EMP-076
TXN-002470,2024-09-25,135,5278,1020,5,82.48,0,Mobile Pay,EMP-027
TXN-002471,2024-08-24,132,5164,1132,5,336.67,0,Gift Card,EMP-075
TXN-002472,2024-06-03,141,5364,1095,4,917.04,0,Mobile Pay,EMP-071
TXN-002473,2024-04-17,114,5210,1130,5,603.16,0,Debit Card,EMP-003
TXN-002474,2024-12-16,126,5303,1123,1,677.35,0,Credit Card,EMP-078
TXN-002475,2024-01-15,152,5280,1162,5,1282.65,0,Debit Card,EMP-073
TXN-002476,2024-11-27,142,5433,1203,1,154.21,0,Credit Card,EMP-063
TXN-002477,2024-01-04,139,5435,1235,1,89.53,0,Credit Card,EMP-059
TXN-002478,2024-10-27,136,5301,1034,2,256.43,20,Gift Card,EMP-078
TXN-002479,2024-04-28,155,5339,1058,4,808.4,10,Gift Card,EMP-059
TXN-002480,2024-01-24,132,,1063,3,912.69,25,Gift Card,EMP-079
TXN-002481,2024-07-30,113,5115,1221,3,1009.75,15,Mobile Pay,EMP-002
TXN-002482,2024-09-06,111,,1114,2,221.78,0,Cash,EMP-043
TXN-002483,2024-06-23,129,5162,1162,1,600.03,15,Debit Card,EMP-012
TXN-002484,2024-09-25,115,5378,1123,5,816.77,10,Cash,EMP-034
TXN-002485,2024-01-23,107,5107,1080,1,444.9,10,Credit Card,EMP-040
TXN-002486,2024-09-04,149,5052,1244,2,422.43,5,Cash,EMP-007
TXN-002487,2024-04-11,141,5166,1103,4,72.07,0,Credit Card,EMP-075
TXN-002488,2024-11-23,135,5228,1113,1,295.09,0,Debit Card,EMP-039
TXN-002489,2024-11-17,127,5134,1069,4,659.59,10,Credit Card,EMP-030
TXN-002490,2024-08-04,102,5416,1186,1,613.67,20,Debit Card,EMP-018
TXN-002491,2024-11-09,143,5259,1082,2,106.67,0,Cash,EMP-075
TXN-002492,2024-09-12,146,5307,1094,2,415.52,25,Debit Card,EMP-014
TXN-002493,2024-09-17,146,5106,1101,1,1420.16,0,Gift Card,EMP-012
TXN-002494,2024-06-18,142,5155,1144,2,838.26,5,Debit Card,EMP-023
TXN-002495,2024-06-02,105,5190,1024,5,160.47,15,Cash,EMP-069
TXN-002496,2024-05-06,130,5484,1150,2,873.4,10,Cash,EMP-050
TXN-002497,2024-08-29,123,5062,1182,5,458.07,15,Gift Card,EMP-037
TXN-002498,2024-11-28,140,5379,1022,1,1240.48,20,Credit Card,EMP-057
TXN-002499,2024-01-02,105,5084,1087,5,491.03,0,Mobile Pay,EMP-073
TXN-002500,2024-10-09,107,5456,1019,2,686.83,10,Cash,EMP-062
TXN-002501,2024-07-16,153,5130,1179,5,935.87,5,Mobile Pay,EMP-058
TXN-002502,2024-05-27,152,,1007,2,261.1,20,Cash,EMP-031
TXN-002503,2024-04-13,155,5217,1198,3,950.22,0,Gift Card,EMP-075
TXN-002504,2024-07-15,113,,1182,4,738.78,20,Mobile Pay,EMP-059
TXN-002505,2024-03-04,128,5211,1154,1,1110.69,0,Debit Card,EMP-041
TXN-002506,2024-07-20,103,5486,1235,2,76.01,0,Debit Card,EMP-029
TXN-002507,2024-05-17,114,,1158,4,378.37,20,Gift Card,EMP-029
TXN-002508,2024-08-03,131,5048,1125,4,282.57,0,Cash,EMP-020
TXN-002509,2024-11-21,119,5140,1078,1,242.41,0,Debit Card,EMP-032
TXN-002510,2024-06-28,124,5464,1017,4,135.2,10,Debit Card,EMP-049
TXN-002511,2024-01-27,109,5384,1029,4,756.69,5,Credit Card,EMP-073
TXN-002512,2024-10-26,125,5329,1201,5,76.17,15,Cash,EMP-075
TXN-002513,2024-03-21,155,5192,1164,3,447.03,0,Cash,EMP-078
TXN-002514,2024-01-24,153,5405,1007,5,164.38,15,Credit Card,EMP-023
TXN-002515,2024-06-20,154,5106,1088,3,131.23,10,Cash,EMP-071
TXN-002516,2024-07-23,115,5274,1124,5,387.76,0,Cash,EMP-061
TXN-002517,2024-05-03,118,5184,1245,4,769.68,0,Cash,EMP-062
TXN-002518,2024-05-29,106,,1149,1,1166.03,10,Gift Card,EMP-059
TXN-002519,2024-09-26,105,5109,1133,2,924.32,0,Cash,EMP-002
TXN-002520,2024-10-25,128,5333,1083,4,367.89,0,Gift Card,EMP-025
TXN-002521,2024-01-27,104,5026,1179,1,718.74,25,Debit Card,EMP-011
TXN-002522,2024-06-08,105,5480,1053,3,859.17,5,Mobile Pay,EMP-062
TXN-002523,2024-09-30,152,,1106,1,642.81,25,Gift Card,EMP-010
TXN-002524,2024-10-07,141,5207,1117,5,13.22,15,Mobile Pay,EMP-039
TXN-002525,2024-03-06,142,5208,1085,5,844.07,0,Debit Card,EMP-055
TXN-002526,2024-10-23,105,5369,1169,3,204.01,10,Debit Card,EMP-026
TXN-002527,2024-01-07,112,5027,1104,5,303.63,20,Cash,EMP-043
TXN-002528,2024-12-22,111,5070,1005,3,124.11,0,Credit Card,EMP-038
TXN-002529,2024-03-19,121,5052,1007,1,199.26,10,Cash,EMP-076
TXN-002530,2024-10-16,128,5205,1037,2,461.37,5,Gift Card,EMP-019
TXN-002531,2024-03-06,121,5016,1035,2,549.33,0,Debit Card,EMP-023
TXN-002532,2024-01-25,143,5048,1096,5,362.07,0,Credit Card,EMP-015
TXN-002533,2024-04-16,107,5294,1066,2,187.49,5,Debit Card,EMP-047
TXN-002534,2024-04-02,114,5407,1133,2,852.76,5,Gift Card,EMP-033
TXN-002535,2024-06-20,109,5170,1214,2,470.54,10,Debit Card,EMP-065
TXN-002536,2024-07-23,128,5226,1077,1,103.8,0,Cash,EMP-075
TXN-002537,2024-09-19,104,5381,1111,5,579.88,15,Debit Card,EMP-056
TXN-002538,2024-08-20,153,5443,1163,2,1056.56,10,Gift Card,EMP-071
TXN-002539,2024-11-22,115,5425,1161,3,631.15,20,Credit Card,EMP-043
TXN-002540,2024-12-18,124,5206,1046,3,387.72,0,Cash,EMP-063
TXN-002541,2024-07-18,141,5446,1246,5,463.8,0,Gift Card,EMP-054
TXN-002542,2024-08-01,115,5189,1077,2,55.67,20,Gift Card,EMP-048
TXN-002543,2024-03-22,118,5485,1074,4,330.65,20,Cash,EMP-030
TXN-002544,2024-06-22,127,5358,1054,2,1009.48,15,Debit Card,EMP-020
TXN-002545,2024-05-28,132,5198,1052,5,638.12,0,Cash,EMP-014
TXN-002546,2024-06-22,142,5442,1122,4,111.93,5,Gift Card,EMP-029
TXN-002547,2024-06-14,136,5210,1070,3,516.99,20,Debit Card,EMP-074
TXN-002548,2024-01-14,110,5275,1106,3,1114.05,25,Gift Card,EMP-031
TXN-002549,2024-11-11,143,5403,1156,1,398.55,20,Credit Card,EMP-046
TXN-002550,2024-04-24,126,,1173,5,1378.22,5,Mobile Pay,EMP-012
TXN-002551,2024-01-15,109,5242,1063,4,456.03,0,Mobile Pay,EMP-022
TXN-002552,2024-01-03,153,5216,1242,4,20.01,0,Gift Card,EMP-018
TXN-002553,2024-07-16,108,5067,1188,3,79.62,20,Debit Card,EMP-076
TXN-002554,2024-06-01,142,5165,1201,3,77.39,0,Gift Card,EMP-022
TXN-002555,2024-07-17,114,5207,1216,2,479.6,0,Mobile Pay,EMP-018
TXN-002556,2024-10-26,101,5153,1221,2,1255.07,20,Gift Card,EMP-034
TXN-002557,2024-09-15,112,5056,1217,4,265.84,20,Cash,EMP-073
TXN-002558,2024-08-23,102,5344,1023,4,531.56,5,Debit Card,EMP-043
TXN-002559,2024-04-22,125,,1154,1,611.27,0,Cash,EMP-074
TXN-002560,2024-01-15,139,5290,1030,3,661.09,0,Credit Card,EMP-025
TXN-002561,2024-04-25,143,5243,1060,4,102.02,25,Debit Card,EMP-036
TXN-002562,2024-09-30,137,,1204,5,463.16,10,Credit Card,EMP-008
TXN-002563,2024-02-06,105,5019,1222,3,850.22,0,Credit Card,EMP-052
TXN-002564,2024-01-06,143,5302,1250,1,150.52,0,Credit Card,EMP-040
TXN-002565,2024-12-01,110,5019,1231,5,248.04,20,Mobile Pay,EMP-016
TXN-002566,2024-07-25,105,,1235,5,101.47,0,Debit Card,EMP-038
TXN-002567,2024-03-14,133,5132,1032,3,594.17,10,Gift Card,EMP-034
TXN-002568,2024-03-20,104,5217,1016,4,577.59,0,Mobile Pay,EMP-076
TXN-002569,2024-02-21,121,5040,1053,4,1092.01,0,Credit Card,EMP-064
TXN-002570,2024-02-29,138,5050,1053,3,1061.83,0,Debit Card,EMP-039
TXN-002571,2024-08-25,134,5477,1172,5,511.66,0,Cash,EMP-012
TXN-002572,2024-03-02,120,5323,1034,3,436.12,0,Mobile Pay,EMP-010
TXN-002573,2024-11-07,124,5261,1055,4,1241.93,20,Cash,EMP-055
TXN-002574,2024-04-06,106,5493,1155,1,152.98,25,Cash,EMP-079
TXN-002575,2024-02-26,137,,1169,3,389.94,0,Debit Card,EMP-020
TXN-002576,2024-03-01,146,,1090,2,244.49,0,Cash,EMP-028
TXN-002577,2024-06-18,143,5494,1014,2,354.37,20,Credit Card,EMP-053
TXN-002578,2024-10-07,112,5165,1065,4,883.82,10,Credit Card,EMP-001
TXN-002579,2024-03-12,105,5414,1163,4,814.11,10,Gift Card,EMP-068
TXN-002580,2024-07-02,139,5291,1110,2,592.88,0,Credit Card,EMP-048
TXN-002581,2024-02-24,128,5174,1152,4,1199.39,15,Mobile Pay,EMP-027
TXN-002582,2024-07-06,155,5074,1094,2,536.23,25,Credit Card,EMP-059
TXN-002583,2024-03-20,126,5185,1100,3,190.83,0,Cash,EMP-049
TXN-002584,2024-01-05,119,,1122,3,103.07,0,Debit Card,EMP-001
TXN-002585,2024-07-12,112,5440,1131,3,754.93,0,Gift Card,EMP-057
TXN-002586,2024-02-22,127,5416,1225,4,516.91,0,Cash,EMP-013
TXN-002587,2024-09-05,127,,1035,2,434.89,5,Gift Card,EMP-015
TXN-002588,2024-03-03,115,5071,1090,2,395.25,0,Debit Card,EMP-023
TXN-002589,2024-10-11,121,5241,1040,2,194.31,5,Cash,EMP-078
TXN-002590,2024-10-29,106,,1153,1,237.8,10,Mobile Pay,EMP-078
TXN-002591,2024-02-29,108,5360,1059,2,564.2,15,Credit Card,EMP-041
TXN-002592,2024-04-09,110,5474,1082,2,152.02,0,Credit Card,EMP-056
TXN-002593,2024-05-28,132,5184,1031,5,278.34,0,Gift Card,EMP-060
TXN-002594,2024-09-25,155,5008,1062,1,550.65,0,Cash,EMP-014
TXN-002595,2024-11-14,116,5168,1074,3,337.47,0,Gift Card,EMP-043
TXN-002596,2024-03-05,142,5048,1202,3,1180.84,10,Mobile Pay,EMP-072
TXN-002597,2024-07-28,109,5321,1205,5,326.95,0,Debit Card,EMP-011
TXN-002598,2024-11-24,102,5114,1131,4,769.77,5,Cash,EMP-064
TXN-002599,2024-10-13,115,,1165,4,145.4,0,Debit Card,EMP-013
TXN-002600,2024-04-23,129,5367,1211,3,585.06,5,Mobile Pay,EMP-077
TXN-002601,2024-10-21,123,5165,1004,4,527.42,15,Gift Card,EMP-074
TXN-002602,2024-06-05,112,5142,1179,5,862.98,0,Mobile Pay,EMP-078
TXN-002603,2024-08-08,110,5183,1146,5,422.76,20,Credit Card,EMP-049
TXN-002604,2024-02-04,116,5235,1187,2,332.15,25,Cash,EMP-048
TXN-002605,2024-08-15,129,5073,1229,4,313.56,0,Debit Card,EMP-054
TXN-002606,2024-12-05,104,5282,1144,2,595.94,15,Debit Card,EMP-003
TXN-002607,2024-09-19,140,5315,1072,2,100.6,20,Cash,EMP-035
TXN-002608,2024-06-03,112,5465,1118,3,1291.48,0,Gift Card,EMP-037
TXN-002609,2024-12-11,117,,1048,2,557.96,5,Cash,EMP-066
TXN-002610,2024-01-03,146,,1197,2,255.05,10,Credit Card,EMP-043
TXN-002611,2024-06-24,121,5055,1064,5,1112.38,15,Cash,EMP-059
TXN-002612,2024-05-24,112,5196,1217,4,324.08,20,Credit Card,EMP-021
TXN-002613,2024-05-22,149,,1043,2,156.94,5,Debit Card,EMP-080
TXN-002614,2024-06-22,115,5476,1173,1,1082.11,15,Gift Card,EMP-018
TXN-002615,2024-09-25,154,5466,1100,2,159.14,20,Mobile Pay,EMP-024
TXN-002616,2024-12-19,132,5050,1159,3,1102.71,0,Gift Card,EMP-018
TXN-002617,2024-03-08,150,5277,1007,2,180.33,0,Cash,EMP-031
TXN-002618,2024-10-29,131,5107,1046,1,365.01,20,Debit Card,EMP-017
TXN-002619,2024-06-30,115,5429,1193,5,158.94,0,Gift Card,EMP-006
TXN-002620,2024-06-03,112,5003,1137,2,968.61,0,Mobile Pay,EMP-013
TXN-002621,2024-12-09,116,5329,1150,2,568.28,15,Gift Card,EMP-029
TXN-002622,2024-09-07,104,5001,1155,1,239.06,0,Gift Card,EMP-044
TXN-002623,2024-08-08,125,5174,1026,3,599.73,25,Credit Card,EMP-066
TXN-002624,2024-07-07,129,5372,1091,5,660.87,0,Debit Card,EMP-001
TXN-002625,2024-05-26,109,5111,1204,2,873.29,0,Mobile Pay,EMP-060
TXN-002626,2024-08-26,122,5145,1235,4,121.37,10,Mobile Pay,EMP-037
TXN-002627,2024-05-05,119,5314,1114,3,166.93,5,Gift Card,EMP-014
TXN-002628,2024-02-11,127,5496,1172,4,372.89,15,Credit Card,EMP-045
TXN-002629,2024-03-31,105,5214,1169,2,268.43,0,Gift Card,EMP-021
TXN-002630,2024-10-10,136,5244,1023,1,614.55,20,Credit Card,EMP-080
TXN-002631,2024-01-31,108,,1040,4,163.26,25,Gift Card,EMP-057
TXN-002632,2024-01-13,114,5218,1099,3,841.14,5,Debit Card,EMP-020
TXN-002633,2024-04-11,110,5299,1176,1,531.35,0,Mobile Pay,EMP-067
TXN-002634,2024-05-25,132,5466,1166,1,776.13,0,Cash,EMP-020
TXN-002635,2024-11-06,148,,1080,2,369.6,25,Cash,EMP-032
TXN-002636,2024-10-18,116,5076,1193,1,273.62,5,Debit Card,EMP-034
TXN-002637,2024-08-11,125,5435,1089,4,169.53,5,Debit Card,EMP-062
TXN-002638,2024-10-01,113,5283,1183,4,258.64,20,Cash,EMP-073
TXN-002639,2024-02-06,134,5470,1226,2,1115.23,0,Credit Card,EMP-013
TXN-002640,2024-05-20,123,5411,1171,2,999.38,20,Mobile Pay,EMP-038
TXN-002641,2024-04-04,124,5112,1111,1,588.2,0,Mobile Pay,EMP-024
TXN-002642,2024-05-23,116,5413,1081,4,1172.66,15,Mobile Pay,EMP-041
TXN-002643,2024-07-16,129,5270,1158,5,342.46,10,Gift Card,EMP-055
TXN-002644,2024-03-22,146,5147,1043,3,143.26,0,Credit Card,EMP-040
TXN-002645,2024-07-27,127,,1161,5,494.48,0,Gift Card,EMP-054
TXN-002646,2024-06-16,110,5056,1099,1,779.24,20,Debit Card,EMP-058
TXN-002647,2024-08-01,148,5118,1183,3,324.2,0,Gift Card,EMP-057
TXN-002648,2024-10-26,109,5137,1200,1,639.98,0,Gift Card,EMP-015
TXN-002649,2024-06-03,101,5461,1112,2,446.6,0,Debit Card,EMP-038
TXN-002650,2024-09-09,155,5478,1119,1,593.83,10,Cash,EMP-064
TXN-002651,2024-10-17,108,,1119,5,744.07,10,Credit Card,EMP-059
TXN-002652,2024-01-13,106,5068,1053,3,616.94,25,Gift Card,EMP-019
TXN-002653,2024-05-04,145,5079,1050,1,771.1,10,Cash,EMP-009
TXN-002654,2024-07-21,126,5006,1125,2,294.18,20,Debit Card,EMP-018
TXN-002655,2024-09-23,109,,1110,2,486.34,0,Credit Card,EMP-067
TXN-002656,2024-05-29,153,,1129,3,412.11,5,Debit Card,EMP-028
TXN-002657,2024-08-04,151,5011,1218,5,416.09,0,Gift Card,EMP-078
TXN-002658,2024-07-26,114,5357,1128,4,932.3,0,Cash,EMP-033
TXN-002659,2024-11-06,139,5468,1235,2,79.83,0,Gift Card,EMP-048
TXN-002660,2024-08-02,113,5058,1072,2,144.26,10,Gift Card,EMP-048
TXN-002661,2024-02-17,153,5025,1233,1,596.72,0,Credit Card,EMP-043
TXN-002662,2024-05-29,134,5460,1101,1,677.1,0,Debit Card,EMP-068
TXN-002663,2024-09-17,119,5018,1148,3,883.6,0,Credit Card,EMP-037
TXN-002664,2024-02-01,133,5197,1070,3,534.33,0,Debit Card,EMP-043
TXN-002665,2024-04-07,133,,1134,2,746.95,25,Cash,EMP-059
TXN-002666,2024-06-12,141,5319,1091,1,473.43,0,Mobile Pay,EMP-067
TXN-002667,2024-06-11,154,,1098,4,249.61,10,Credit Card,EMP-012
TXN-002668,2024-11-07,143,5466,1010,1,562.76,20,Gift Card,EMP-068
TXN-002669,2024-12-21,107,5359,1144,4,1063.06,0,Credit Card,EMP-047
TXN-002670,2024-09-21,128,5264,1238,1,208.64,0,Gift Card,EMP-074
TXN-002671,2024-08-28,148,5296,1212,5,380.07,5,Debit Card,EMP-021
TXN-002672,2024-07-30,121,,1017,1,137.43,15,Gift Card,EMP-027
TXN-002673,2024-07-10,138,5034,1049,3,735.35,20,Cash,EMP-057
TXN-002674,2024-12-27,116,5487,1039,2,980.53,0,Cash,EMP-021
TXN-002675,2024-07-17,150,,1103,4,79.49,15,Gift Card,EMP-006
TXN-002676,2024-02-04,128,5475,1175,4,648.3,25,Gift Card,EMP-027
TXN-002677,2024-01-03,151,5077,1209,5,632.08,15,Debit Card,EMP-021
TXN-002678,2024-08-24,136,5303,1046,2,266.95,10,Cash,EMP-009
TXN-002679,2024-11-22,121,5084,1095,2,1151.7,15,Cash,EMP-055
TXN-002680,2024-02-24,153,5239,1248,2,772.56,0,Gift Card,EMP-073
TXN-002681,2024-08-29,130,5327,1033,2,305.86,0,Mobile Pay,EMP-061
TXN-002682,2024-08-28,108,5059,1117,5,27.44,10,Debit Card,EMP-041
TXN-002683,2024-03-06,125,5471,1178,2,703.74,0,Gift Card,EMP-008
TXN-002684,2024-01-05,104,,1114,2,386.69,10,Debit Card,EMP-025
TXN-002685,2024-05-31,104,5347,1173,3,817.64,25,Mobile Pay,EMP-061
TXN-002686,2024-02-18,128,5364,1194,1,985.0,25,Credit Card,EMP-049
TXN-002687,2024-07-05,126,5204,1182,4,634.73,20,Cash,EMP-006
TXN-002688,2024-11-06,116,5437,1157,2,288.63,10,Cash,EMP-003
TXN-002689,2024-01-09,153,5479,1158,3,416.07,0,Mobile Pay,EMP-047
TXN-002690,2024-04-10,112,5355,1200,2,816.54,0,Gift Card,EMP-010
TXN-002691,2024-05-12,102,5234,1063,3,1091.34,10,Mobile Pay,EMP-032
TXN-002692,2024-08-03,141,5403,1013,5,142.98,0,Credit Card,EMP-043
TXN-002693,2024-01-20,126,,1191,2,390.9,20,Credit Card,EMP-004
TXN-002694,2024-09-15,146,5292,1009,2,205.8,10,Mobile Pay,EMP-044
TXN-002695,2024-11-02,115,5104,1117,3,26.47,10,Gift Card,EMP-065
TXN-002696,2024-12-31,112,5307,1053,1,704.98,10,Gift Card,EMP-052
TXN-002697,2024-08-29,146,5124,1146,5,245.67,20,Mobile Pay,EMP-037
TXN-002698,2024-12-13,114,5448,1213,1,239.01,25,Debit Card,EMP-053
TXN-002699,2024-08-04,126,5158,1094,5,301.68,15,Cash,EMP-076
TXN-002700,2024-03-26,101,,1185,1,689.92,0,Debit Card,EMP-003
TXN-002701,2024-10-06,143,,1101,4,1160.56,0,Cash,EMP-012
TXN-002702,2024-10-28,153,5106,1007,2,228.25,25,Credit Card,EMP-052
TXN-002703,2024-11-29,147,5356,1052,2,577.04,5,Cash,EMP-054
TXN-002704,2024-12-01,154,5390,1233,2,428.53,0,Credit Card,EMP-008
TXN-002705,2024-01-30,153,,1185,5,417.24,5,Credit Card,EMP-071
TXN-002706,2024-08-15,120,,1134,5,448.19,0,Debit Card,EMP-068
TXN-002707,2024-11-25,118,5487,1252,1,1402.76,15,Gift Card,EMP-077
TXN-002708,2024-04-02,104,5117,1160,3,783.52,5,Mobile Pay,EMP-054
TXN-002709,2024-08-05,135,5087,1023,1,375.45,0,Debit Card,EMP-018
TXN-002710,2024-12-11,155,,1163,5,866.12,10,Mobile Pay,EMP-033
TXN-002711,2024-08-22,115,5367,1217,1,133.84,0,Credit Card,EMP-045
TXN-002712,2024-12-14,116,5379,1141,1,851.97,20,Mobile Pay,EMP-026
TXN-002713,2024-11-05,107,5071,1115,5,750.85,0,Cash,EMP-018
TXN-002714,2024-12-07,147,5208,1109,3,290.75,0,Credit Card,EMP-052
TXN-002715,2024-09-05,132,5260,1110,4,642.53,20,Debit Card,EMP-068
TXN-002716,2024-10-04,128,5120,1208,5,1313.56,15,Credit Card,EMP-012
TXN-002717,2024-12-01,130,5082,1102,4,760.67,0,Gift Card,EMP-021
TXN-002718,2024-04-04,145,5425,1109,5,250.98,0,Gift Card,EMP-025
TXN-002719,2024-08-17,121,5418,1165,2,112.32,0,Gift Card,EMP-078
TXN-002720,2024-12-12,130,5000,1229,3,609.9,5,Cash,EMP-073
TXN-002721,2024-10-01,131,5244,1028,4,337.65,0,Mobile Pay,EMP-042
TXN-002722,2024-11-04,154,5281,1215,2,93.95,15,Gift Card,EMP-004
TXN-002723,2024-06-11,119,5481,1008,1,608.99,25,Credit Card,EMP-050
TXN-002724,2024-06-17,153,5035,1124,2,585.05,15,Mobile Pay,EMP-045
TXN-002725,2024-02-17,108,,1137,3,803.02,20,Credit Card,EMP-008
TXN-002726,2024-11-29,139,,1093,2,1256.68,10,Cash,EMP-077
TXN-002727,2024-12-26,154,5287,1164,4,446.1,15,Mobile Pay,EMP-007
TXN-002728,2024-11-16,113,5301,1060,1,142.27,0,Credit Card,EMP-020
TXN-002729,2024-06-23,154,5200,1163,1,537.38,25,Cash,EMP-022
TXN-002730,2024-10-19,139,5329,1194,3,1253.14,0,Debit Card,EMP-021
TXN-002731,2024-04-26,108,5420,1218,5,318.46,0,Mobile Pay,EMP-022
TXN-002732,2024-01-22,102,5100,1004,2,775.46,10,Debit Card,EMP-050
TXN-002733,2024-11-29,137,5412,1182,4,542.03,15,Debit Card,EMP-061
TXN-002734,2024-11-21,132,5167,1074,1,355.48,10,Cash,EMP-051
TXN-002735,2024-12-05,150,5347,1247,4,544.8,10,Credit Card,EMP-049
TXN-002736,2024-10-04,120,5330,1232,3,960.51,15,Debit Card,EMP-033
TXN-002737,2024-06-18,136,5219,1186,5,295.07,20,Cash,EMP-066
TXN-002738,2024-04-11,151,5101,1171,3,919.26,5,Cash,EMP-071
TXN-002739,2024-08-07,114,5253,1162,4,699.26,20,Cash,EMP-067
TXN-002740,2024-06-09,130,5415,1062,4,649.6,15,Gift Card,EMP-061
TXN-002741,2024-01-03,111,5124,1237,4,63.19,5,Cash,EMP-039
TXN-002742,2024-05-04,145,5305,1224,3,451.66,0,Cash,EMP-004
TXN-002743,2024-06-05,103,5369,1082,5,136.43,0,Gift Card,EMP-035
TXN-002744,2024-07-24,130,5026,1119,2,405.97,10,Debit Card,EMP-078
TXN-002745,2024-04-10,148,5116,1146,4,230.89,0,Gift Card,EMP-041
TXN-002746,2024-05-18,144,5321,1163,1,1150.19,5,Gift Card,EMP-004
TXN-002747,2024-02-02,108,5179,1108,3,296.63,0,Debit Card,EMP-001
TXN-002748,2024-06-02,107,5287,1088,3,123.97,5,Cash,EMP-030
TXN-002749,2024-02-03,144,5395,1036,2,214.74,5,Mobile Pay,EMP-080
TXN-002750,2024-06-18,107,5463,1049,1,594.29,0,Debit Card,EMP-046
TXN-002751,2024-10-21,123,5205,1008,2,360.37,25,Cash,EMP-020
TXN-002752,2024-10-09,152,5093,1112,3,438.4,0,Credit Card,EMP-068
TXN-002753,2024-07-05,144,5366,1127,3,99.56,15,Cash,EMP-044
TXN-002754,2024-02-11,152,5020,1067,5,501.27,0,Gift Card,EMP-030
TXN-002755,2024-06-14,120,5472,1025,3,451.6,15,Cash,EMP-029
TXN-002756,2024-12-18,109,5213,1117,4,23.62,0,Gift Card,EMP-014
TXN-002757,2024-07-31,107,5197,1117,2,14.99,0,Cash,EMP-061
TXN-002758,2024-07-10,148,5445,1247,2,469.66,20,Cash,EMP-013
TXN-002759,2024-03-29,108,5269,1193,5,247.83,25,Mobile Pay,EMP-021
TXN-002760,2024-01-08,137,,1151,2,856.95,0,Gift Card,EMP-056
TXN-002761,2024-05-03,139,5316,1006,3,794.52,0,Mobile Pay,EMP-064
TXN-002762,2024-01-31,140,5369,1080,5,431.12,0,Debit Card,EMP-054
TXN-002763,2024-08-13,112,,1059,2,729.0,10,Debit Card,EMP-068
TXN-002764,2024-10-11,155,5176,1136,1,1432.31,10,Debit Card,EMP-008
TXN-002765,2024-03-15,124,5152,1095,1,993.32,0,Gift Card,EMP-023
TXN-002766,2024-05-01,124,,1028,3,384.25,25,Mobile Pay,EMP-060
TXN-002767,2024-04-04,122,,1156,3,358.55,0,Cash,EMP-034
TXN-002768,2024-04-09,142,5103,1230,3,231.9,5,Mobile Pay,EMP-079
TXN-002769,2024-07-09,103,,1058,2,1358.26,25,Mobile Pay,EMP-016
TXN-002770,2024-12-13,110,,1165,5,81.71,0,Mobile Pay,EMP-078
TXN-002771,2024-03-05,105,5414,1100,4,279.76,5,Debit Card,EMP-066
TXN-002772,2024-02-27,148,5042,1216,1,383.22,25,Debit Card,EMP-080
TXN-002773,2024-03-20,137,5203,1041,1,354.01,15,Mobile Pay,EMP-028
TXN-002774,2024-12-13,102,5395,1118,3,987.81,0,Gift Card,EMP-066
TXN-002775,2024-12-15,123,5149,1116,5,335.49,0,Cash,EMP-026
TXN-002776,2024-01-29,152,,1066,2,146.89,0,Debit Card,EMP-049
TXN-002777,2024-09-23,114,5017,1063,3,811.28,15,Credit Card,EMP-022
TXN-002778,2024-10-31,104,5203,1081,2,852.08,0,Cash,EMP-002
TXN-002779,2024-11-05,144,5208,1200,4,1005.11,15,Cash,EMP-009
TXN-002780,2024-10-01,135,5217,1183,5,388.94,0,Credit Card,EMP-010
TXN-002781,2024-05-04,112,,1213,1,320.56,0,Cash,EMP-013
TXN-002782,2024-05-04,135,,1063,3,626.4,0,Debit Card,EMP-001
TXN-002783,2024-02-20,151,5185,1061,2,267.29,0,Credit Card,EMP-071
TXN-002784,2024-04-10,125,5344,1176,5,644.21,0,Mobile Pay,EMP-029
TXN-002785,2024-07-31,143,5346,1216,1,236.69,25,Debit Card,EMP-049
TXN-002786,2024-11-03,120,5361,1004,4,606.04,20,Mobile Pay,EMP-024
TXN-002787,2024-01-24,117,,1011,1,435.3,0,Mobile Pay,EMP-002
TXN-002788,2024-08-21,151,5186,1030,1,681.11,15,Credit Card,EMP-024
TXN-002789,2024-04-20,108,5391,1118,5,603.44,0,Gift Card,EMP-034
TXN-002790,2024-11-25,139,5215,1078,4,264.45,0,Gift Card,EMP-051
TXN-002791,2024-06-25,112,,1087,4,762.88,20,Mobile Pay,EMP-011
TXN-002792,2024-04-30,145,5059,1113,5,212.55,20,Debit Card,EMP-055
TXN-002793,2024-05-03,148,,1150,4,811.05,20,Mobile Pay,EMP-070
TXN-002794,2024-04-22,130,5106,1241,1,161.75,5,Gift Card,EMP-068
TXN-002795,2024-09-01,147,5084,1192,2,133.72,5,Cash,EMP-049
TXN-002796,2024-02-05,112,5195,1078,4,247.82,20,Debit Card,EMP-028
TXN-002797,2024-01-01,152,,1076,4,344.64,20,Credit Card,EMP-039
TXN-002798,2024-03-30,133,5151,1161,2,821.89,0,Gift Card,EMP-051
TXN-002799,2024-09-29,117,5212,1189,4,653.44,0,Cash,EMP-050
TXN-002800,2024-06-09,133,5303,1097,4,1005.88,0,Debit Card,EMP-049
TXN-002801,2024-10-09,118,5014,1144,5,1171.24,5,Mobile Pay,EMP-078
TXN-002802,2024-11-24,106,5431,1059,3,579.69,0,Debit Card,EMP-077
TXN-002803,2024-02-28,125,5029,1170,3,618.89,5,Cash,EMP-009
TXN-002804,2024-01-23,144,5479,1233,2,451.39,0,Credit Card,EMP-070
TXN-002805,2024-08-19,108,5245,1044,5,429.59,5,Credit Card,EMP-012
TXN-002806,2024-10-01,126,5484,1030,1,688.94,25,Cash,EMP-058
TXN-002807,2024-09-26,142,5266,1157,3,289.8,25,Cash,EMP-075
TXN-002808,2024-11-10,111,,1115,2,754.09,0,Mobile Pay,EMP-016
TXN-002809,2024-02-26,127,5171,1072,3,141.7,0,Gift Card,EMP-080
TXN-002810,2024-09-30,101,5495,1170,4,363.0,0,Mobile Pay,EMP-028
TXN-002811,2024-11-19,121,5361,1206,4,749.84,5,Credit Card,EMP-053
TXN-002812,2024-04-12,124,5489,1213,3,200.54,25,Debit Card,EMP-054
TXN-002813,2024-02-22,132,5111,1108,5,465.88,0,Credit Card,EMP-074
TXN-002814,2024-04-18,138,5331,1135,5,18.49,0,Mobile Pay,EMP-068
TXN-002815,2024-03-26,153,5329,1179,1,429.45,25,Credit Card,EMP-055
TXN-002816,2024-09-09,108,5087,1090,4,219.94,5,Debit Card,EMP-054
TXN-002817,2024-03-02,140,,1206,5,834.66,15,Cash,EMP-075
TXN-002818,2024-01-19,154,5308,1194,1,1160.32,5,Mobile Pay,EMP-021
TXN-002819,2024-11-03,122,5397,1092,5,76.59,5,Cash,EMP-054
TXN-002820,2024-04-30,154,5388,1175,1,822.22,0,Mobile Pay,EMP-036
TXN-002821,2024-04-21,121,,1155,3,269.08,0,Mobile Pay,EMP-035
TXN-002822,2024-02-05,136,5165,1214,1,390.49,10,Mobile Pay,EMP-054
TXN-002823,2024-04-01,146,5093,1232,2,1326.72,20,Credit Card,EMP-016
TXN-002824,2024-12-22,123,5133,1139,3,115.4,0,Debit Card,EMP-072
TXN-002825,2024-05-08,150,5111,1082,1,83.78,5,Credit Card,EMP-061
TXN-002826,2024-11-02,140,5396,1103,1,71.21,20,Cash,EMP-047
TXN-002827,2024-10-23,147,5468,1138,1,721.61,0,Credit Card,EMP-059
TXN-002828,2024-09-04,149,5333,1163,1,1140.65,20,Mobile Pay,EMP-066
TXN-002829,2024-02-02,131,5318,1018,2,773.35,20,Mobile Pay,EMP-004
TXN-002830,2024-09-01,146,5115,1178,3,403.76,0,Debit Card,EMP-040
TXN-002831,2024-03-08,118,5435,1167,1,333.5,5,Credit Card,EMP-053
TXN-002832,2024-12-10,121,5222,1234,3,466.98,0,Credit Card,EMP-070
TXN-002833,2024-02-21,119,5086,1167,5,579.85,10,Debit Card,EMP-004
TXN-002834,2024-03-21,124,5386,1178,1,475.9,10,Mobile Pay,EMP-053
TXN-002835,2024-06-28,143,,1180,5,956.16,20,Credit Card,EMP-044
TXN-002836,2024-08-01,107,5145,1071,3,546.91,25,Cash,EMP-025
TXN-002837,2024-11-13,113,,1139,4,139.84,0,Cash,EMP-040
TXN-002838,2024-11-21,144,5047,1035,5,349.49,0,Gift Card,EMP-023
TXN-002839,2024-07-16,105,5399,1221,1,632.79,5,Cash,EMP-050
TXN-002840,2024-06-12,112,5303,1158,1,281.53,0,Debit Card,EMP-062
TXN-002841,2024-07-14,128,5479,1183,5,293.26,0,Debit Card,EMP-073
TXN-002842,2024-06-26,117,5291,1060,1,97.62,0,Gift Card,EMP-025
TXN-002843,2024-11-07,151,5118,1174,3,197.16,0,Cash,EMP-020
TXN-002844,2024-05-30,148,5262,1001,2,113.09,10,Mobile Pay,EMP-025
TXN-002845,2024-04-13,115,5309,1207,2,376.22,10,Debit Card,EMP-061
TXN-002846,2024-07-08,128,5195,1027,5,1057.63,10,Credit Card,EMP-065
TXN-002847,2024-08-10,119,5089,1199,2,1036.33,0,Mobile Pay,EMP-080
TXN-002848,2024-03-09,118,,1142,2,390.54,15,Credit Card,EMP-074
TXN-002849,2024-06-26,134,5324,1042,5,1273.63,15,Gift Card,EMP-035
TXN-002850,2024-09-02,137,,1216,4,454.74,20,Cash,EMP-042
TXN-002851,2024-04-17,126,5240,1083,3,489.81,0,Cash,EMP-059
TXN-002852,2024-03-04,149,5019,1206,5,674.78,15,Cash,EMP-018
TXN-002853,2024-10-08,119,5140,1131,5,927.88,20,Mobile Pay,EMP-067
TXN-002854,2024-08-10,117,5296,1111,4,590.77,0,Mobile Pay,EMP-014
TXN-002855,2024-08-22,155,5446,1180,4,930.99,0,Credit Card,EMP-034
TXN-002856,2024-11-14,149,,1113,2,300.79,10,Mobile Pay,EMP-014
TXN-002857,2024-06-21,147,5221,1101,3,1000.41,0,Cash,EMP-010
TXN-002858,2024-10-04,107,5351,1187,4,544.27,25,Cash,EMP-034
TXN-002859,2024-10-15,145,5145,1228,2,617.11,15,Gift Card,EMP-056
TXN-002860,2024-10-21,118,5474,1133,3,811.03,0,Cash,EMP-053
TXN-002861,2024-07-28,132,5117,1220,3,1032.07,10,Credit Card,EMP-018
TXN-002862,2024-12-30,136,5407,1192,4,219.96,0,Mobile Pay,EMP-069
TXN-002863,2024-10-27,120,5063,1043,1,237.34,0,Cash,EMP-008
TXN-002864,2024-12-15,132,5361,1220,4,681.54,0,Mobile Pay,EMP-039
TXN-002865,2024-09-20,116,5387,1203,5,94.32,10,Gift Card,EMP-032
TXN-002866,2024-07-27,125,,1221,2,1044.44,15,Gift Card,EMP-045
TXN-002867,2024-04-23,150,,1005,1,128.25,0,Mobile Pay,EMP-071
TXN-002868,2024-10-22,152,,1097,5,1057.98,5,Credit Card,EMP-038
TXN-002869,2024-11-25,146,5464,1236,4,152.04,25,Cash,EMP-068
TXN-002870,2024-07-11,121,5198,1195,4,473.47,0,Credit Card,EMP-025
TXN-002871,2024-08-04,141,5108,1056,5,171.4,10,Mobile Pay,EMP-066
TXN-002872,2024-11-02,107,5119,1097,5,1179.93,0,Debit Card,EMP-026
TXN-002873,2024-04-23,146,5244,1095,1,862.34,25,Debit Card,EMP-016
TXN-002874,2024-08-16,128,5236,1078,2,243.4,20,Debit Card,EMP-050
TXN-002875,2024-05-05,103,5356,1242,5,27.81,25,Mobile Pay,EMP-034
TXN-002876,2024-09-10,144,5139,1248,3,1229.01,5,Cash,EMP-065
TXN-002877,2024-12-30,129,5097,1086,4,50.72,10,Credit Card,EMP-031
TXN-002878,2024-08-31,102,5144,1100,3,201.79,0,Credit Card,EMP-062
TXN-002879,2024-08-03,123,5227,1120,2,250.52,10,Credit Card,EMP-010
TXN-002880,2024-06-11,114,5397,1194,1,871.73,0,Credit Card,EMP-006
TXN-002881,2024-10-19,127,,1218,3,351.49,20,Cash,EMP-065
TXN-002882,2024-03-17,116,5175,1062,5,1116.94,15,Mobile Pay,EMP-047
TXN-002883,2024-05-05,144,5442,1088,2,291.22,20,Mobile Pay,EMP-005
TXN-002884,2024-11-19,103,5006,1175,3,1028.84,25,Credit Card,EMP-074
TXN-002885,2024-02-10,138,5157,1018,3,363.93,20,Credit Card,EMP-011
TXN-002886,2024-11-03,148,5302,1177,4,526.34,15,Credit Card,EMP-012
TXN-002887,2024-10-07,148,5110,1027,4,888.87,10,Mobile Pay,EMP-055
TXN-002888,2024-02-09,106,5217,1080,5,600.84,20,Gift Card,EMP-063
TXN-002889,2024-12-08,127,5298,1001,4,102.5,20,Gift Card,EMP-019
TXN-002890,2024-12-28,124,5068,1158,4,205.76,15,Gift Card,EMP-076
TXN-002891,2024-07-10,146,5141,1005,2,110.37,5,Debit Card,EMP-001
TXN-002892,2024-04-02,119,5465,1148,1,927.89,15,Cash,EMP-062
TXN-002893,2024-12-14,110,5468,1062,1,1020.62,10,Credit Card,EMP-046
TXN-002894,2024-02-04,103,5192,1056,3,287.23,25,Cash,EMP-058
TXN-002895,2024-05-04,130,5129,1055,5,924.71,15,Debit Card,EMP-034
TXN-002896,2024-08-21,113,5001,1077,3,110.45,10,Cash,EMP-014
TXN-002897,2024-01-09,147,5085,1239,2,484.34,25,Debit Card,EMP-046
TXN-002898,2024-02-12,127,5386,1138,4,1009.22,10,Mobile Pay,EMP-062
TXN-002899,2024-06-03,124,5470,1025,1,527.61,5,Credit Card,EMP-019
TXN-002900,2024-06-30,127,5483,1132,3,477.95,0,Cash,EMP-027
TXN-002901,2024-11-14,111,5326,1240,1,810.69,25,Gift Card,EMP-078
TXN-002902,2024-06-16,152,5029,1088,5,277.38,10,Credit Card,EMP-022
TXN-002903,2024-10-10,154,5265,1251,1,676.18,20,Mobile Pay,EMP-045
TXN-002904,2024-11-13,107,5437,1046,5,205.47,5,Cash,EMP-069
TXN-002905,2024-10-19,147,5021,1024,1,186.92,5,Gift Card,EMP-009
TXN-002906,2024-05-12,139,5360,1222,2,812.39,10,Debit Card,EMP-014
TXN-002907,2024-12-18,154,5381,1156,2,433.46,0,Gift Card,EMP-014
TXN-002908,2024-03-29,113,5463,1017,3,142.06,0,Credit Card,EMP-038
TXN-002909,2024-07-24,142,,1023,3,356.54,15,Debit Card,EMP-007
TXN-002910,2024-02-02,120,5413,1083,3,343.95,0,Mobile Pay,EMP-057
TXN-002911,2024-09-29,104,,1023,5,552.74,20,Cash,EMP-079
TXN-002912,2024-10-08,127,5233,1078,4,342.06,5,Cash,EMP-042
TXN-002913,2024-06-04,139,5094,1031,5,308.92,0,Debit Card,EMP-053
TXN-002914,2024-11-10,104,5078,1220,4,1180.36,10,Credit Card,EMP-080
TXN-002915,2024-02-22,145,,1006,4,592.31,20,Gift Card,EMP-012
TXN-002916,2024-01-09,145,5435,1016,5,1029.56,0,Debit Card,EMP-033
TXN-002917,2024-03-09,127,5072,1205,5,410.35,0,Debit Card,EMP-011
TXN-002918,2024-11-20,111,5205,1208,4,942.52,20,Debit Card,EMP-004
TXN-002919,2024-09-27,146,5409,1050,1,900.65,0,Credit Card,EMP-045
TXN-002920,2024-10-18,141,5324,1059,3,437.29,25,Debit Card,EMP-017
TXN-002921,2024-10-09,110,5080,1161,1,689.74,0,Mobile Pay,EMP-035
TXN-002922,2024-10-13,152,5130,1087,2,926.27,25,Credit Card,EMP-019
TXN-002923,2024-11-08,146,5461,1090,1,194.18,15,Gift Card,EMP-003
TXN-002924,2024-12-27,126,5264,1239,1,252.13,20,Credit Card,EMP-037
TXN-002925,2024-10-09,117,5093,1008,1,321.61,20,Cash,EMP-039
TXN-002926,2024-09-01,139,5354,1068,3,935.23,0,Gift Card,EMP-003
TXN-002927,2024-05-11,138,5373,1223,5,260.98,15,Mobile Pay,EMP-051
TXN-002928,2024-12-18,125,,1067,3,336.18,15,Mobile Pay,EMP-018
TXN-002929,2024-04-22,133,5474,1132,4,562.92,20,Cash,EMP-055
TXN-002930,2024-12-22,116,5424,1252,1,1370.6,5,Mobile Pay,EMP-007
TXN-002931,2024-08-01,138,5431,1166,1,522.98,0,Credit Card,EMP-025
TXN-002932,2024-10-11,138,5425,1098,3,177.84,25,Credit Card,EMP-074
TXN-002933,2024-11-11,122,,1004,1,471.43,10,Gift Card,EMP-076
TXN-002934,2024-06-14,137,5367,1187,3,423.84,10,Credit Card,EMP-076
TXN-002935,2024-12-30,147,5288,1193,1,179.16,15,Debit Card,EMP-040
TXN-002936,2024-08-13,106,5451,1033,4,241.8,25,Debit Card,EMP-008
TXN-002937,2024-10-15,147,,1085,4,824.99,25,Credit Card,EMP-072
TXN-002938,2024-05-10,141,5417,1222,5,909.2,20,Cash,EMP-049
TXN-002939,2024-12-18,150,5188,1170,5,385.31,0,Debit Card,EMP-068
TXN-002940,2024-03-25,149,,1184,1,853.19,5,Debit Card,EMP-032
TXN-002941,2024-07-10,122,5263,1054,4,582.41,10,Mobile Pay,EMP-063
TXN-002942,2024-07-28,126,,1164,3,611.5,15,Gift Card,EMP-029
TXN-002943,2024-09-02,154,5166,1250,5,148.28,25,Cash,EMP-019
TXN-002944,2024-02-10,131,5480,1060,3,111.28,15,Cash,EMP-077
TXN-002945,2024-11-17,118,5250,1041,5,736.36,25,Cash,EMP-012
TXN-002946,2024-12-17,125,5269,1017,2,165.0,20,Mobile Pay,EMP-042
TXN-002947,2024-03-02,140,,1215,5,114.32,25,Mobile Pay,EMP-033
TXN-002948,2024-06-20,121,5403,1058,1,802.66,15,Mobile Pay,EMP-040
TXN-002949,2024-02-27,116,5218,1157,1,222.16,0,Gift Card,EMP-027
TXN-002950,2024-06-28,108,5427,1189,4,703.17,5,Credit Card,EMP-011
TXN-002951,2024-06-16,118,5088,1148,2,772.93,0,Gift Card,EMP-036
TXN-002952,2024-10-04,139,5339,1203,2,180.42,25,Mobile Pay,EMP-053
TXN-002953,2024-10-10,128,5130,1013,1,123.52,0,Gift Card,EMP-005
TXN-002954,2024-05-20,136,5153,1003,1,971.38,0,Cash,EMP-029
TXN-002955,2024-08-12,126,5269,1192,4,127.48,25,Credit Card,EMP-045
TXN-002956,2024-06-16,116,5176,1067,5,362.55,0,Mobile Pay,EMP-006
TXN-002957,2024-11-10,148,5476,1228,4,490.22,0,Mobile Pay,EMP-018
TXN-002958,2024-01-25,145,5473,1162,3,845.37,0,Credit Card,EMP-077
TXN-002959,2024-12-19,127,5178,1040,4,281.52,0,Gift Card,EMP-047
TXN-002960,2024-01-22,123,5486,1044,3,890.45,5,Gift Card,EMP-032
TXN-002961,2024-01-11,136,5163,1173,2,994.39,0,Debit Card,EMP-050
TXN-002962,2024-04-03,126,5189,1107,4,64.44,10,Cash,EMP-051
TXN-002963,2024-01-02,154,5011,1115,4,717.23,15,Credit Card,EMP-073
TXN-002964,2024-12-22,130,5033,1146,4,520.17,15,Cash,EMP-009
TXN-002965,2024-03-19,151,5049,1147,3,1071.06,0,Cash,EMP-027
TXN-002966,2024-12-10,112,5277,1026,5,630.0,5,Gift Card,EMP-044
TXN-002967,2024-12-05,123,5222,1147,4,910.34,15,Gift Card,EMP-005
TXN-002968,2024-09-03,117,5313,1005,2,95.1,10,Debit Card,EMP-056
TXN-002969,2024-10-01,127,,1121,5,1049.11,0,Debit Card,EMP-001
TXN-002970,2024-10-25,132,5027,1069,4,924.06,5,Cash,EMP-015
TXN-002971,2024-06-26,104,5063,1054,1,844.03,0,Credit Card,EMP-043
TXN-002972,2024-11-25,119,5392,1065,5,673.84,10,Debit Card,EMP-010
TXN-002973,2024-12-03,123,5088,1068,3,1138.61,25,Gift Card,EMP-044
TXN-002974,2024-07-24,147,5331,1066,4,120.3,10,Credit Card,EMP-051
TXN-002975,2024-09-30,140,5109,1085,3,911.79,0,Debit Card,EMP-019
TXN-002976,2024-10-01,154,5009,1094,5,606.17,15,Mobile Pay,EMP-077
TXN-002977,2024-06-03,142,5050,1214,4,355.84,20,Credit Card,EMP-020
TXN-002978,2024-09-28,150,5060,1198,2,935.29,20,Debit Card,EMP-031
TXN-002979,2024-04-19,120,5326,1190,4,431.56,0,Cash,EMP-003
TXN-002980,2024-08-26,129,5499,1027,1,604.84,10,Mobile Pay,EMP-076
TXN-002981,2024-09-07,119,5125,1185,1,874.31,15,Cash,EMP-074
TXN-002982,2024-06-23,119,5480,1011,3,747.7,20,Credit Card,EMP-016
TXN-002983,2024-08-24,102,5051,1007,1,159.65,25,Cash,EMP-079
TXN-002984,2024-12-13,107,,1008,4,507.47,0,Mobile Pay,EMP-059
TXN-002985,2024-10-20,135,5250,1203,4,167.79,0,Gift Card,EMP-041
TXN-002986,2024-06-09,108,5079,1175,3,497.18,5,Gift Card,EMP-075
TXN-002987,2024-08-05,151,5101,1114,4,262.48,25,Debit Card,EMP-048
TXN-002988,2024-12-10,103,5208,1204,4,617.52,0,Mobile Pay,EMP-017
TXN-002989,2024-03-09,114,5043,1137,2,806.67,15,Credit Card,EMP-025
TXN-002990,2024-11-09,130,5309,1002,3,168.37,0,Mobile Pay,EMP-040
TXN-002991,2024-11-10,115,5472,1059,3,596.32,25,Gift Card,EMP-053
TXN-002992,2024-08-14,145,,1197,3,542.84,0,Debit Card,EMP-002
TXN-002993,2024-12-06,152,5116,1014,3,519.85,20,Cash,EMP-072
TXN-002994,2024-03-19,155,5498,1100,3,265.7,0,Mobile Pay,EMP-031
TXN-002995,2024-08-29,152,5398,1208,1,1016.96,0,Gift Card,EMP-067
TXN-002996,2024-07-18,152,,1110,2,900.54,0,Debit Card,EMP-022
TXN-002997,2024-02-08,111,5443,1068,4,1082.04,0,Credit Card,EMP-075
TXN-002998,2024-09-07,154,5075,1203,3,167.24,10,Mobile Pay,EMP-041
TXN-002999,2024-08-19,124,5193,1247,2,401.11,0,Cash,EMP-041
TXN-003000,2024-05-23,107,,1074,5,340.58,15,Credit Card,EMP-028
TXN-003001,2024-07-14,144,5009,1236,3,145.08,0,Credit Card,EMP-027
TXN-003002,2024-10-09,138,5353,1212,2,333.51,25,Mobile Pay,EMP-066
TXN-003003,2024-06-03,132,5143,1200,1,555.98,10,Mobile Pay,EMP-018
TXN-003004,2024-03-25,116,5267,1008,2,617.35,5,Cash,EMP-035
TXN-003005,2024-01-31,135,5086,1231,2,119.25,20,Credit Card,EMP-026
TXN-003006,2024-01-01,119,5471,1131,4,659.28,25,Credit Card,EMP-074
TXN-003007,2024-01-06,135,5055,1108,2,489.75,25,Mobile Pay,EMP-019
TXN-003008,2024-11-05,145,5247,1096,1,232.0,20,Debit Card,EMP-013
TXN-003009,2024-09-12,134,5432,1038,4,477.92,0,Cash,EMP-014
TXN-003010,2024-09-13,153,5115,1100,2,263.84,20,Cash,EMP-043
TXN-003011,2024-07-24,138,5055,1066,5,200.07,0,Mobile Pay,EMP-005
TXN-003012,2024-06-14,144,5311,1184,1,1115.34,20,Cash,EMP-073
TXN-003013,2024-01-17,142,5249,1248,1,1050.79,5,Cash,EMP-017
TXN-003014,2024-06-21,139,,1209,4,544.76,0,Credit Card,EMP-071
TXN-003015,2024-02-05,113,5051,1189,4,918.79,0,Gift Card,EMP-051
TXN-003016,2024-08-25,122,5060,1245,2,579.29,0,Gift Card,EMP-032
TXN-003017,2024-11-22,122,,1231,2,166.15,20,Credit Card,EMP-018
TXN-003018,2024-03-30,102,5387,1029,5,678.21,25,Cash,EMP-036
TXN-003019,2024-09-20,115,5308,1003,2,537.63,15,Gift Card,EMP-030
TXN-003020,2024-09-14,141,5318,1212,1,244.72,0,Mobile Pay,EMP-047
TXN-003021,2024-08-17,131,5043,1062,3,1228.14,15,Cash,EMP-049
TXN-003022,2024-10-20,102,5062,1056,2,267.82,0,Cash,EMP-007
TXN-003023,2024-02-15,137,5044,1039,3,1276.17,15,Gift Card,EMP-075
TXN-003024,2024-12-27,115,,1124,3,592.17,25,Credit Card,EMP-064
TXN-003025,2024-09-09,103,5098,1021,3,1351.24,20,Gift Card,EMP-058
TXN-003026,2024-01-30,117,,1229,4,547.62,0,Cash,EMP-012
TXN-003027,2024-07-19,141,5324,1065,5,720.71,15,Debit Card,EMP-031
TXN-003028,2024-08-17,136,,1099,4,795.33,20,Mobile Pay,EMP-060
TXN-003029,2024-12-07,118,,1112,2,443.41,10,Cash,EMP-076
TXN-003030,2024-08-20,106,5431,1174,4,375.8,5,Credit Card,EMP-030
TXN-003031,2024-04-25,154,5383,1046,4,216.9,15,Mobile Pay,EMP-034
TXN-003032,2024-06-23,135,5143,1030,1,895.14,10,Mobile Pay,EMP-028
TXN-003033,2024-02-29,155,5010,1139,3,82.53,10,Debit Card,EMP-062
TXN-003034,2024-01-27,124,5456,1117,5,21.81,10,Mobile Pay,EMP-053
TXN-003035,2024-03-01,131,5294,1027,4,509.91,10,Mobile Pay,EMP-047
TXN-003036,2024-05-28,110,5236,1173,5,1204.63,25,Debit Card,EMP-022
TXN-003037,2024-07-17,118,5172,1175,1,808.51,5,Gift Card,EMP-002
TXN-003038,2024-11-07,155,5270,1130,3,599.43,20,Credit Card,EMP-056
TXN-003039,2024-07-13,142,5472,1186,4,506.45,0,Debit Card,EMP-067
TXN-003040,2024-03-08,140,5017,1239,4,333.38,25,Mobile Pay,EMP-057
TXN-003041,2024-11-01,137,5105,1096,5,393.48,20,Debit Card,EMP-049
TXN-003042,2024-04-24,152,5381,1128,4,761.09,0,Credit Card,EMP-008
TXN-003043,2024-08-12,136,5066,1195,5,375.38,20,Debit Card,EMP-024
TXN-003044,2024-12-04,142,5461,1204,2,422.15,10,Debit Card,EMP-021
TXN-003045,2024-04-28,151,5026,1050,2,937.42,5,Gift Card,EMP-076
TXN-003046,2024-04-27,126,,1065,1,564.97,20,Gift Card,EMP-034
TXN-003047,2024-12-28,140,,1059,3,730.82,0,Debit Card,EMP-044
TXN-003048,2024-08-12,139,5071,1138,3,986.37,0,Debit Card,EMP-065
TXN-003049,2024-06-24,151,5016,1063,4,759.67,10,Cash,EMP-068
TXN-003050,2024-10-11,122,5484,1087,2,689.05,0,Credit Card,EMP-075
TXN-003051,2024-11-19,117,5005,1193,2,325.14,15,Cash,EMP-040
TXN-003052,2024-03-14,129,5498,1136,4,1295.51,10,Debit Card,EMP-047
TXN-003053,2024-06-19,128,5497,1205,5,203.18,25,Gift Card,EMP-051
TXN-003054,2024-01-15,109,5302,1174,2,244.56,0,Debit Card,EMP-010
TXN-003055,2024-09-03,146,,1009,3,402.92,20,Mobile Pay,EMP-027
TXN-003056,2024-10-30,152,,1199,4,873.55,25,Debit Card,EMP-067
TXN-003057,2024-09-11,152,5128,1052,2,617.01,10,Gift Card,EMP-047
TXN-003058,2024-07-28,143,,1045,5,433.81,20,Cash,EMP-039
TXN-003059,2024-02-28,135,5093,1110,5,378.59,0,Mobile Pay,EMP-001
TXN-003060,2024-01-10,134,,1083,4,287.97,10,Cash,EMP-011
TXN-003061,2024-03-17,146,5374,1241,1,160.8,0,Mobile Pay,EMP-047
TXN-003062,2024-06-01,118,,1094,5,598.88,25,Gift Card,EMP-018
TXN-003063,2024-12-03,118,,1222,4,1052.58,20,Debit Card,EMP-060
TXN-003064,2024-06-12,111,5182,1167,4,559.49,25,Cash,EMP-036
TXN-003065,2024-03-28,104,5203,1212,4,182.0,15,Cash,EMP-070
TXN-003066,2024-04-06,132,5259,1052,2,281.04,5,Gift Card,EMP-028
TXN-003067,2024-07-22,104,,1137,1,919.73,10,Cash,EMP-058
TXN-003068,2024-10-31,118,5038,1040,5,183.11,15,Gift Card,EMP-013
TXN-003069,2024-11-13,103,,1163,1,890.8,20,Mobile Pay,EMP-078
TXN-003070,2024-09-04,105,5179,1172,5,266.45,0,Credit Card,EMP-016
TXN-003071,2024-10-14,116,5064,1040,2,248.64,0,Gift Card,EMP-058
TXN-003072,2024-01-02,149,5101,1213,4,246.54,15,Gift Card,EMP-021
TXN-003073,2024-10-30,141,5480,1233,3,373.28,15,Credit Card,EMP-010
TXN-003074,2024-08-07,106,5227,1216,3,307.43,0,Credit Card,EMP-060
TXN-003075,2024-06-20,108,5439,1213,3,422.53,0,Cash,EMP-072
TXN-003076,2024-08-27,109,5197,1212,3,229.55,0,Gift Card,EMP-070
TXN-003077,2024-05-01,151,5294,1178,4,370.57,25,Debit Card,EMP-056
TXN-003078,2024-12-28,117,5384,1203,3,144.13,5,Cash,EMP-026
TXN-003079,2024-11-18,130,5459,1227,5,728.37,25,Debit Card,EMP-078
TXN-003080,2024-07-11,149,5207,1093,3,997.31,5,Gift Card,EMP-006
TXN-003081,2024-03-21,152,,1158,2,477.08,10,Gift Card,EMP-003
TXN-003082,2024-11-24,127,5442,1076,1,168.7,0,Credit Card,EMP-073
TXN-003083,2024-05-26,131,5181,1003,2,843.51,25,Mobile Pay,EMP-017
TXN-003084,2024-05-27,145,5398,1226,2,563.29,0,Cash,EMP-034
TXN-003085,2024-10-31,139,5400,1040,2,324.91,0,Gift Card,EMP-011
TXN-003086,2024-05-17,107,5467,1237,3,80.53,0,Mobile Pay,EMP-031
TXN-003087,2024-02-25,153,5094,1242,2,36.17,20,Cash,EMP-009
TXN-003088,2024-05-12,151,5292,1126,1,1375.49,0,Credit Card,EMP-067
TXN-003089,2024-05-16,122,5111,1033,5,312.25,10,Mobile Pay,EMP-040
TXN-003090,2024-03-24,151,5427,1041,3,574.98,20,Mobile Pay,EMP-062
TXN-003091,2024-09-01,139,5127,1205,1,467.0,0,Debit Card,EMP-056
TXN-003092,2024-03-24,126,5120,1190,3,297.77,0,Credit Card,EMP-026
TXN-003093,2024-03-14,141,5360,1155,1,254.71,20,Cash,EMP-059
TXN-003094,2024-07-27,110,5154,1018,4,767.0,25,Debit Card,EMP-042
TXN-003095,2024-06-11,119,,1067,2,511.59,5,Credit Card,EMP-052
TXN-003096,2024-11-13,104,5383,1127,4,141.53,25,Cash,EMP-035
TXN-003097,2024-10-19,144,5118,1058,5,1106.38,20,Gift Card,EMP-003
TXN-003098,2024-05-21,138,5343,1082,2,141.46,15,Debit Card,EMP-066
TXN-003099,2024-08-28,116,5101,1143,5,454.3,0,Debit Card,EMP-032
TXN-003100,2024-01-11,141,5127,1240,2,779.58,0,Debit Card,EMP-030
TXN-003101,2024-08-04,149,5150,1080,4,330.41,10,Credit Card,EMP-073
TXN-003102,2024-10-02,104,5080,1096,2,297.28,5,Cash,EMP-006
TXN-003103,2024-06-14,116,,1235,2,61.95,15,Credit Card,EMP-004
TXN-003104,2024-09-06,135,5166,1182,4,376.11,0,Gift Card,EMP-035
TXN-003105,2024-11-20,142,5458,1179,3,432.44,15,Mobile Pay,EMP-040
TXN-003106,2024-02-06,124,5416,1021,1,1117.75,0,Cash,EMP-030
TXN-003107,2024-09-18,134,5394,1206,1,820.83,0,Debit Card,EMP-045
TXN-003108,2024-01-11,120,5352,1090,5,355.47,10,Credit Card,EMP-079
TXN-003109,2024-12-31,155,5254,1224,3,312.77,15,Mobile Pay,EMP-016
TXN-003110,2024-07-19,141,5263,1111,2,774.65,10,Mobile Pay,EMP-032
TXN-003111,2024-01-09,127,,1216,2,508.08,0,Gift Card,EMP-047
TXN-003112,2024-08-09,150,,1061,1,218.49,25,Mobile Pay,EMP-010
TXN-003113,2024-06-09,139,,1011,5,603.17,20,Gift Card,EMP-046
TXN-003114,2024-12-07,105,5449,1167,3,432.31,5,Debit Card,EMP-055
TXN-003115,2024-01-13,149,,1234,5,818.95,0,Credit Card,EMP-006
TXN-003116,2024-02-10,107,5375,1235,1,79.7,5,Gift Card,EMP-020
TXN-003117,2024-09-05,135,5050,1213,5,311.07,5,Credit Card,EMP-036
TXN-003118,2024-07-19,134,5284,1169,1,184.34,20,Gift Card,EMP-061
TXN-003119,2024-12-28,153,,1138,3,893.2,20,Gift Card,EMP-006
TXN-003120,2024-06-28,126,5171,1161,5,431.25,0,Mobile Pay,EMP-062
TXN-003121,2024-03-31,146,5079,1135,4,8.53,0,Credit Card,EMP-071
TXN-003122,2024-02-27,110,5229,1173,2,1141.05,25,Debit Card,EMP-046
TXN-003123,2024-08-03,147,5372,1073,1,212.32,5,Credit Card,EMP-052
TXN-003124,2024-11-05,138,5306,1114,5,397.72,15,Credit Card,EMP-033
TXN-003125,2024-06-26,130,5210,1251,1,617.08,10,Mobile Pay,EMP-062
TXN-003126,2024-05-14,133,5269,1145,4,162.39,25,Cash,EMP-009
TXN-003127,2024-10-14,128,5043,1087,3,1032.58,15,Mobile Pay,EMP-006
TXN-003128,2024-06-28,114,5205,1172,3,425.0,5,Credit Card,EMP-065
TXN-003129,2024-01-25,110,5301,1235,1,108.3,0,Debit Card,EMP-045
TXN-003130,2024-09-27,151,5388,1214,2,501.8,5,Mobile Pay,EMP-062
TXN-003131,2024-09-03,125,5050,1204,4,548.63,25,Credit Card,EMP-076
TXN-003132,2024-03-23,131,5280,1215,2,87.46,0,Credit Card,EMP-019
TXN-003133,2024-05-14,153,5489,1171,3,470.77,15,Cash,EMP-004
TXN-003134,2024-12-02,133,5016,1015,1,407.03,5,Gift Card,EMP-064
TXN-003135,2024-07-24,109,5244,1162,3,951.52,20,Credit Card,EMP-051
TXN-003136,2024-04-19,116,5144,1004,5,464.95,5,Credit Card,EMP-004
TXN-003137,2024-01-16,140,5080,1149,3,581.51,5,Credit Card,EMP-063
TXN-003138,2024-12-20,137,,1250,5,218.83,20,Cash,EMP-035
TXN-003139,2024-07-30,145,5254,1194,2,807.6,15,Credit Card,EMP-067
TXN-003140,2024-11-06,110,,1205,4,304.62,15,Mobile Pay,EMP-008
TXN-003141,2024-01-03,115,,1043,3,120.33,0,Cash,EMP-049
TXN-003142,2024-08-27,112,5052,1116,3,441.83,0,Cash,EMP-067
TXN-003143,2024-10-15,134,5472,1189,2,426.44,0,Cash,EMP-009
TXN-003144,2024-07-30,108,5410,1104,2,476.34,5,Gift Card,EMP-017
TXN-003145,2024-09-06,141,5248,1135,5,14.84,0,Gift Card,EMP-072
TXN-003146,2024-07-14,109,,1205,4,250.98,20,Gift Card,EMP-042
TXN-003147,2024-10-09,120,5155,1208,2,1195.39,0,Debit Card,EMP-021
TXN-003148,2024-05-12,154,5278,1178,4,614.63,5,Credit Card,EMP-032
TXN-003149,2024-08-24,115,5021,1061,1,250.97,0,Gift Card,EMP-005
TXN-003150,2024-12-22,152,5300,1040,1,214.0,10,Credit Card,EMP-078
TXN-003151,2024-05-07,106,,1172,1,413.71,10,Mobile Pay,EMP-012
TXN-003152,2024-09-13,107,,1146,5,486.18,0,Cash,EMP-049
TXN-003153,2024-12-02,132,5371,1174,4,365.47,5,Cash,EMP-009
TXN-003154,2024-01-24,149,5101,1057,1,639.17,0,Credit Card,EMP-072
TXN-003155,2024-11-20,106,5175,1027,2,644.64,0,Cash,EMP-015
TXN-003156,2024-08-15,120,,1224,4,344.9,0,Gift Card,EMP-047
TXN-003157,2024-07-31,152,5024,1001,4,134.08,25,Credit Card,EMP-038
TXN-003158,2024-12-04,102,5035,1210,2,299.62,0,Cash,EMP-046
TXN-003159,2024-07-18,149,,1070,2,577.09,25,Cash,EMP-061
TXN-003160,2024-11-03,102,5137,1069,2,938.8,5,Mobile Pay,EMP-034
TXN-003161,2024-05-12,134,5496,1159,4,1126.47,0,Gift Card,EMP-030
TXN-003162,2024-05-06,140,5382,1156,3,217.21,0,Debit Card,EMP-052
TXN-003163,2024-06-02,111,5114,1019,4,351.2,25,Cash,EMP-030
TXN-003164,2024-02-03,132,,1180,4,803.93,5,Credit Card,EMP-005
TXN-003165,2024-02-11,122,5329,1007,3,309.6,20,Credit Card,EMP-022
TXN-003166,2024-06-13,102,5147,1058,1,912.51,10,Mobile Pay,EMP-038
TXN-003167,2024-09-23,125,5287,1103,5,67.76,10,Gift Card,EMP-033
TXN-003168,2024-09-21,126,5126,1018,1,567.97,0,Credit Card,EMP-059
TXN-003169,2024-08-27,149,5486,1002,2,322.65,25,Cash,EMP-074
TXN-003170,2024-06-07,103,5478,1153,4,213.16,0,Credit Card,EMP-010
TXN-003171,2024-08-14,104,5426,1028,1,522.06,10,Gift Card,EMP-004
TXN-003172,2024-03-28,152,5044,1237,3,40.86,15,Gift Card,EMP-055
TXN-003173,2024-08-17,134,5338,1072,3,104.45,20,Cash,EMP-048
TXN-003174,2024-03-23,150,,1059,1,669.76,5,Debit Card,EMP-047
TXN-003175,2024-05-04,120,5028,1233,5,323.88,0,Mobile Pay,EMP-052
TXN-003176,2024-06-27,148,5490,1055,5,1051.89,25,Mobile Pay,EMP-031
TXN-003177,2024-02-23,149,5155,1117,4,15.28,0,Cash,EMP-065
TXN-003178,2024-09-10,151,5100,1184,5,985.27,15,Gift Card,EMP-049
TXN-003179,2024-06-17,131,5078,1249,4,839.55,25,Credit Card,EMP-034
TXN-003180,2024-12-25,137,5140,1021,2,1470.09,0,Mobile Pay,EMP-078
TXN-003181,2024-07-18,124,5187,1113,5,306.34,0,Mobile Pay,EMP-030
TXN-003182,2024-06-12,146,,1119,1,621.85,20,Debit Card,EMP-044
TXN-003183,2024-01-13,113,5313,1101,3,1189.7,10,Mobile Pay,EMP-039
TXN-003184,2024-07-24,129,5305,1054,1,1221.94,0,Cash,EMP-042
TXN-003185,2024-07-03,146,5306,1125,2,185.18,10,Debit Card,EMP-061
TXN-003186,2024-12-22,126,5202,1216,5,577.56,0,Cash,EMP-042
TXN-003187,2024-03-05,102,5168,1155,5,310.86,0,Mobile Pay,EMP-007
TXN-003188,2024-01-04,153,5407,1013,1,133.43,0,Credit Card,EMP-042
TXN-003189,2024-08-05,113,5235,1019,5,566.31,10,Cash,EMP-080
TXN-003190,2024-11-16,115,5437,1132,1,343.83,0,Gift Card,EMP-066
TXN-003191,2024-03-12,143,5155,1168,4,503.81,0,Gift Card,EMP-052
TXN-003192,2024-09-01,104,5037,1033,3,170.06,10,Gift Card,EMP-016
TXN-003193,2024-09-09,141,5485,1174,2,449.11,20,Cash,EMP-041
TXN-003194,2024-08-02,105,,1018,5,637.39,0,Debit Card,EMP-003
TXN-003195,2024-07-29,153,5203,1055,3,1075.65,0,Mobile Pay,EMP-050
TXN-003196,2024-02-02,154,5114,1164,1,682.28,0,Debit Card,EMP-053
TXN-003197,2024-05-14,116,5311,1196,4,142.71,5,Cash,EMP-079
TXN-003198,2024-10-29,101,5140,1017,2,129.9,0,Debit Card,EMP-074
TXN-003199,2024-12-07,112,5337,1018,3,691.04,0,Gift Card,EMP-020
TXN-003200,2024-11-21,112,5052,1207,4,416.08,5,Mobile Pay,EMP-075
TXN-003201,2024-05-13,111,5432,1155,2,313.34,15,Debit Card,EMP-079
TXN-003202,2024-07-31,118,5266,1195,2,383.22,20,Gift Card,EMP-056
TXN-003203,2024-09-16,120,5038,1029,2,957.35,5,Credit Card,EMP-055
TXN-003204,2024-05-11,136,5164,1007,4,236.73,25,Credit Card,EMP-043
TXN-003205,2024-06-11,145,5400,1180,1,621.3,20,Debit Card,EMP-062
TXN-003206,2024-09-28,123,,1123,5,1014.65,0,Debit Card,EMP-003
TXN-003207,2024-12-31,130,5120,1187,2,433.39,0,Mobile Pay,EMP-023
TXN-003208,2024-07-22,121,5097,1102,5,684.77,10,Credit Card,EMP-069
TXN-003209,2024-01-04,138,5317,1045,5,449.94,25,Mobile Pay,EMP-030
TXN-003210,2024-08-21,154,5308,1249,3,1001.21,25,Gift Card,EMP-041
TXN-003211,2024-06-26,117,5074,1018,4,616.56,10,Credit Card,EMP-010
TXN-003212,2024-02-02,130,5493,1123,1,853.36,5,Gift Card,EMP-055
TXN-003213,2024-03-16,128,5237,1247,1,440.34,0,Debit Card,EMP-047
TXN-003214,2024-10-11,102,5106,1075,1,21.52,0,Cash,EMP-051
TXN-003215,2024-05-07,137,5074,1009,2,362.12,10,Gift Card,EMP-018
TXN-003216,2024-09-18,111,5442,1120,1,218.26,0,Mobile Pay,EMP-067
TXN-003217,2024-09-25,146,5117,1052,4,309.9,15,Cash,EMP-070
TXN-003218,2024-06-27,105,5003,1039,5,688.06,25,Credit Card,EMP-071
TXN-003219,2024-05-31,105,5344,1036,4,165.11,0,Mobile Pay,EMP-079
TXN-003220,2024-12-23,121,5202,1111,1,755.86,0,Gift Card,EMP-042
TXN-003221,2024-06-29,124,5009,1085,1,448.18,0,Gift Card,EMP-015
TXN-003222,2024-11-12,109,5363,1078,2,348.49,20,Debit Card,EMP-027
TXN-003223,2024-12-19,109,5231,1013,2,68.0,5,Cash,EMP-005
TXN-003224,2024-03-19,113,5361,1191,3,377.22,0,Cash,EMP-026
TXN-003225,2024-08-21,150,5222,1085,5,871.2,0,Gift Card,EMP-004
TXN-003226,2024-11-06,108,5113,1029,4,956.79,20,Gift Card,EMP-050
TXN-003227,2024-10-12,114,5127,1121,1,1104.29,10,Cash,EMP-036
TXN-003228,2024-05-09,126,5223,1017,3,193.5,25,Credit Card,EMP-004
TXN-003229,2024-12-17,136,5169,1140,1,39.21,0,Cash,EMP-013
TXN-003230,2024-09-07,154,5211,1105,2,57.66,0,Gift Card,EMP-017
TXN-003231,2024-05-31,153,,1025,1,476.23,20,Gift Card,EMP-074
TXN-003232,2024-12-27,108,5099,1107,3,53.23,0,Cash,EMP-048
TXN-003233,2024-03-22,151,5338,1179,5,548.05,0,Cash,EMP-065
TXN-003234,2024-10-07,120,5325,1050,2,1145.35,15,Cash,EMP-008
TXN-003235,2024-12-24,112,5207,1218,3,513.51,5,Gift Card,EMP-047
TXN-003236,2024-01-24,122,,1198,2,458.92,15,Cash,EMP-065
TXN-003237,2024-12-17,135,5360,1112,5,436.75,0,Mobile Pay,EMP-006
TXN-003238,2024-04-23,102,5300,1022,2,1288.59,0,Cash,EMP-046
TXN-003239,2024-09-30,149,,1229,5,646.74,25,Credit Card,EMP-070
TXN-003240,2024-08-09,153,5158,1018,2,734.24,0,Gift Card,EMP-029
TXN-003241,2024-07-07,119,5393,1246,3,770.31,0,Credit Card,EMP-042
TXN-003242,2024-06-29,139,5253,1145,5,248.32,0,Credit Card,EMP-025
TXN-003243,2024-08-17,120,5362,1152,3,1059.75,25,Mobile Pay,EMP-019
TXN-003244,2024-08-14,107,5349,1224,1,252.17,20,Credit Card,EMP-071
TXN-003245,2024-10-18,137,5271,1251,4,1011.8,0,Credit Card,EMP-045
TXN-003246,2024-12-03,114,5397,1238,2,322.25,20,Gift Card,EMP-077
TXN-003247,2024-07-11,130,5139,1016,4,444.58,0,Debit Card,EMP-065
TXN-003248,2024-11-21,115,5369,1148,1,1052.25,25,Cash,EMP-050
TXN-003249,2024-02-24,137,5428,1190,5,241.05,25,Gift Card,EMP-077
TXN-003250,2024-03-05,145,5168,1120,4,189.31,0,Debit Card,EMP-028
TXN-003251,2024-09-23,144,5265,1174,3,332.7,0,Gift Card,EMP-047
TXN-003252,2024-11-25,126,5262,1247,5,693.83,0,Gift Card,EMP-034
TXN-003253,2024-04-30,104,5124,1249,5,785.26,0,Credit Card,EMP-061
TXN-003254,2024-05-01,155,5313,1128,3,840.84,10,Cash,EMP-060
TXN-003255,2024-12-16,120,5409,1231,3,204.32,0,Credit Card,EMP-058
TXN-003256,2024-07-25,109,5218,1149,4,1225.39,15,Cash,EMP-030
TXN-003257,2024-06-01,107,5290,1197,4,408.39,0,Cash,EMP-032
TXN-003258,2024-06-23,140,5471,1149,5,1027.92,15,Gift Card,EMP-007
TXN-003259,2024-08-24,128,5494,1208,3,1028.82,15,Mobile Pay,EMP-065
TXN-003260,2024-04-24,152,5340,1237,5,72.02,0,Mobile Pay,EMP-062
TXN-003261,2024-09-26,144,5156,1080,1,715.19,25,Debit Card,EMP-008
TXN-003262,2024-08-14,130,5430,1167,4,531.72,20,Credit Card,EMP-025
TXN-003263,2024-06-10,133,5251,1169,5,163.33,5,Mobile Pay,EMP-075
TXN-003264,2024-03-21,121,5256,1039,3,693.61,0,Debit Card,EMP-025
TXN-003265,2024-07-28,136,5488,1149,3,977.74,0,Debit Card,EMP-029
TXN-003266,2024-02-14,153,,1196,4,303.69,15,Debit Card,EMP-021
TXN-003267,2024-08-22,152,5169,1061,1,217.96,10,Gift Card,EMP-058
TXN-003268,2024-03-20,109,,1068,2,1054.94,5,Cash,EMP-062
TXN-003269,2024-09-06,103,5168,1020,5,47.77,5,Cash,EMP-041
TXN-003270,2024-07-07,110,5021,1089,1,182.31,0,Mobile Pay,EMP-015
TXN-003271,2024-08-28,117,5158,1065,3,441.85,10,Mobile Pay,EMP-051
TXN-003272,2024-02-26,143,5127,1197,5,301.85,0,Debit Card,EMP-062
TXN-003273,2024-12-12,127,,1188,3,120.27,0,Mobile Pay,EMP-052
TXN-003274,2024-02-22,135,5464,1232,2,679.62,0,Cash,EMP-050
TXN-003275,2024-05-31,143,5127,1073,1,336.88,10,Cash,EMP-048
TXN-003276,2024-06-14,109,5026,1208,4,1298.51,5,Cash,EMP-055
TXN-003277,2024-01-04,152,5310,1128,3,781.19,5,Debit Card,EMP-018
TXN-003278,2024-09-06,139,5370,1105,1,90.99,10,Mobile Pay,EMP-005
TXN-003279,2024-01-15,126,5125,1134,5,484.93,20,Debit Card,EMP-055
TXN-003280,2024-10-15,104,5076,1005,5,78.65,25,Cash,EMP-044
TXN-003281,2024-12-12,103,5310,1006,4,581.98,25,Credit Card,EMP-009
TXN-003282,2024-06-23,114,,1174,5,223.59,5,Cash,EMP-040
TXN-003283,2024-11-09,111,5457,1009,1,288.65,20,Debit Card,EMP-010
TXN-003284,2024-10-09,153,5351,1167,2,342.24,0,Gift Card,EMP-021
TXN-003285,2024-10-22,108,5075,1236,1,135.7,15,Debit Card,EMP-004
TXN-003286,2024-09-02,104,5021,1022,5,645.36,0,Debit Card,EMP-066
TXN-003287,2024-04-29,130,5093,1168,1,397.98,15,Cash,EMP-080
TXN-003288,2024-10-13,129,5455,1083,2,447.33,0,Credit Card,EMP-052
TXN-003289,2024-04-09,145,5425,1039,1,667.75,0,Debit Card,EMP-054
TXN-003290,2024-10-22,146,5212,1142,4,282.07,15,Gift Card,EMP-075
TXN-003291,2024-06-14,101,5209,1036,5,191.81,20,Credit Card,EMP-055
TXN-003292,2024-05-15,153,5469,1113,3,157.06,0,Cash,EMP-060
TXN-003293,2024-04-21,132,5240,1116,5,353.74,10,Credit Card,EMP-057
TXN-003294,2024-01-02,121,5213,1208,4,1102.31,25,Mobile Pay,EMP-007
TXN-003295,2024-08-10,139,5256,1023,4,334.09,0,Gift Card,EMP-040
TXN-003296,2024-03-20,133,5069,1103,2,71.28,20,Credit Card,EMP-049
TXN-003297,2024-05-11,113,,1031,4,235.29,0,Gift Card,EMP-055
TXN-003298,2024-01-18,133,5277,1086,1,66.39,5,Credit Card,EMP-052
TXN-003299,2024-07-12,154,5295,1079,3,815.49,0,Debit Card,EMP-060
TXN-003300,2024-10-25,112,,1135,3,10.43,0,Gift Card,EMP-047
TXN-003301,2024-05-01,154,5042,1252,4,903.1,0,Credit Card,EMP-074
TXN-003302,2024-11-05,136,5133,1022,1,1283.85,25,Credit Card,EMP-016
TXN-003303,2024-08-29,126,5350,1001,4,147.02,0,Cash,EMP-022
TXN-003304,2024-01-21,104,,1123,4,721.06,10,Credit Card,EMP-037
TXN-003305,2024-04-25,147,5190,1058,4,936.96,20,Mobile Pay,EMP-020
TXN-003306,2024-11-27,104,,1234,3,491.56,0,Credit Card,EMP-005
TXN-003307,2024-10-19,153,5026,1237,1,35.9,25,Gift Card,EMP-047
TXN-003308,2024-01-15,123,5076,1186,3,339.81,25,Debit Card,EMP-030
TXN-003309,2024-12-26,101,,1175,2,835.28,25,Cash,EMP-080
TXN-003310,2024-11-04,142,5354,1122,3,139.93,5,Gift Card,EMP-055
TXN-003311,2024-06-13,120,5383,1153,3,378.41,0,Cash,EMP-020
TXN-003312,2024-07-15,117,5379,1170,2,635.11,0,Cash,EMP-011
TXN-003313,2024-07-26,129,5108,1073,3,241.88,0,Cash,EMP-012
TXN-003314,2024-04-06,150,5313,1062,2,890.41,25,Mobile Pay,EMP-051
TXN-003315,2024-10-20,135,5194,1198,1,860.67,20,Credit Card,EMP-068
TXN-003316,2024-06-12,151,,1088,4,209.02,10,Gift Card,EMP-006
TXN-003317,2024-07-04,133,5264,1134,1,554.02,10,Cash,EMP-076
TXN-003318,2024-11-09,152,5419,1009,3,303.65,20,Debit Card,EMP-037
TXN-003319,2024-01-24,102,5169,1173,5,873.37,20,Debit Card,EMP-024
TXN-003320,2024-05-12,129,5498,1096,5,496.25,0,Credit Card,EMP-015
TXN-003321,2024-02-16,124,5265,1178,1,819.58,10,Mobile Pay,EMP-055
TXN-003322,2024-09-18,139,5164,1157,2,253.43,0,Credit Card,EMP-032
TXN-003323,2024-07-01,143,,1212,2,315.45,0,Mobile Pay,EMP-026
TXN-003324,2024-11-29,149,5004,1071,1,1102.23,0,Debit Card,EMP-054
TXN-003325,2024-05-15,143,5253,1040,2,207.03,0,Cash,EMP-043
TXN-003326,2024-05-31,131,5264,1140,5,61.35,0,Gift Card,EMP-019
TXN-003327,2024-02-02,144,5497,1219,3,604.54,10,Mobile Pay,EMP-040
TXN-003328,2024-07-16,130,5478,1002,1,218.42,25,Gift Card,EMP-033
TXN-003329,2024-12-15,117,5041,1122,4,247.25,0,Mobile Pay,EMP-024
TXN-003330,2024-09-12,152,5176,1087,2,868.23,0,Mobile Pay,EMP-058
TXN-003331,2024-08-07,130,5316,1159,5,1380.74,25,Mobile Pay,EMP-043
TXN-003332,2024-05-30,149,5231,1072,3,116.36,0,Debit Card,EMP-036
TXN-003333,2024-01-03,147,5069,1030,5,980.92,5,Mobile Pay,EMP-001
TXN-003334,2024-12-19,130,5356,1085,3,963.25,0,Gift Card,EMP-027
TXN-003335,2024-05-08,108,5013,1097,2,1303.94,10,Gift Card,EMP-037
TXN-003336,2024-05-30,143,5403,1123,3,807.98,20,Credit Card,EMP-009
TXN-003337,2024-07-03,109,5361,1105,2,72.88,0,Mobile Pay,EMP-004
TXN-003338,2024-12-02,121,5015,1108,2,369.49,0,Mobile Pay,EMP-005
TXN-003339,2024-03-08,116,5153,1181,2,411.42,0,Debit Card,EMP-057
TXN-003340,2024-12-11,149,5366,1046,4,343.71,0,Gift Card,EMP-053
TXN-003341,2024-11-21,123,5446,1167,4,329.64,5,Credit Card,EMP-014
TXN-003342,2024-03-07,132,5007,1161,5,456.64,0,Gift Card,EMP-063
TXN-003343,2024-10-03,105,5213,1195,3,607.48,10,Cash,EMP-080
TXN-003344,2024-09-18,128,5181,1085,3,697.81,10,Credit Card,EMP-067
TXN-003345,2024-01-15,112,5267,1043,3,196.27,0,Credit Card,EMP-022
TXN-003346,2024-12-05,103,5299,1134,3,787.48,10,Mobile Pay,EMP-076
TXN-003347,2024-12-31,133,5274,1156,2,335.04,10,Mobile Pay,EMP-005
TXN-003348,2024-06-17,115,,1040,2,145.36,25,Credit Card,EMP-022
TXN-003349,2024-04-17,128,,1191,4,235.9,20,Cash,EMP-017
TXN-003350,2024-08-14,109,5199,1238,4,304.16,15,Debit Card,EMP-061
TXN-003351,2024-03-14,147,5014,1136,2,996.16,0,Credit Card,EMP-065
TXN-003352,2024-09-04,106,5224,1115,1,717.15,20,Debit Card,EMP-069
TXN-003353,2024-04-26,153,5177,1211,3,391.65,25,Debit Card,EMP-044
TXN-003354,2024-08-05,152,5439,1045,4,300.0,25,Credit Card,EMP-008
TXN-003355,2024-05-10,138,5361,1085,4,520.06,5,Credit Card,EMP-017
TXN-003356,2024-08-24,111,5064,1057,5,972.1,15,Mobile Pay,EMP-003
TXN-003357,2024-06-08,147,5390,1182,2,412.63,15,Cash,EMP-044
TXN-003358,2024-05-28,145,5404,1233,2,522.34,25,Mobile Pay,EMP-005
TXN-003359,2024-05-30,135,5285,1027,1,507.6,15,Gift Card,EMP-054
TXN-003360,2024-11-22,130,5330,1201,2,82.28,20,Cash,EMP-049
TXN-003361,2024-11-07,143,5263,1003,3,641.03,20,Mobile Pay,EMP-030
TXN-003362,2024-04-16,145,5036,1048,2,847.86,10,Gift Card,EMP-078
TXN-003363,2024-06-18,102,5224,1091,1,485.13,20,Debit Card,EMP-031
TXN-003364,2024-12-12,138,5430,1158,3,279.91,0,Mobile Pay,EMP-036
TXN-003365,2024-01-17,121,5304,1125,2,297.59,0,Credit Card,EMP-017
TXN-003366,2024-01-25,102,5261,1058,1,1310.27,5,Gift Card,EMP-064
TXN-003367,2024-02-16,115,,1222,2,1101.26,15,Mobile Pay,EMP-071
TXN-003368,2024-11-15,105,5396,1014,1,324.61,0,Credit Card,EMP-047
TXN-003369,2024-04-21,121,5101,1053,4,773.0,25,Credit Card,EMP-017
TXN-003370,2024-11-21,130,5392,1168,1,393.24,15,Mobile Pay,EMP-047
TXN-003371,2024-11-07,138,5356,1111,3,701.91,15,Mobile Pay,EMP-044
TXN-003372,2024-10-17,102,5188,1088,3,229.72,15,Debit Card,EMP-050
TXN-003373,2024-03-09,108,,1145,3,318.49,15,Cash,EMP-010
TXN-003374,2024-10-13,121,5353,1058,2,1108.35,15,Debit Card,EMP-008
TXN-003375,2024-08-20,133,5499,1229,2,589.85,0,Mobile Pay,EMP-041
TXN-003376,2024-02-19,106,5094,1224,3,201.83,15,Mobile Pay,EMP-038
TXN-003377,2024-12-29,114,,1076,1,210.08,0,Mobile Pay,EMP-050
TXN-003378,2024-11-14,147,5262,1226,5,626.94,0,Cash,EMP-008
TXN-003379,2024-04-06,112,5123,1211,1,615.09,0,Cash,EMP-037
TXN-003380,2024-01-05,128,5395,1189,2,822.02,10,Credit Card,EMP-074
TXN-003381,2024-05-08,136,5421,1024,1,129.71,15,Debit Card,EMP-046
TXN-003382,2024-09-01,102,5362,1147,3,783.74,25,Gift Card,EMP-033
TXN-003383,2024-02-15,110,5462,1035,3,530.39,10,Mobile Pay,EMP-002
TXN-003384,2024-02-14,151,,1142,1,614.04,5,Cash,EMP-030
TXN-003385,2024-05-14,113,5035,1206,2,648.64,20,Debit Card,EMP-060
TXN-003386,2024-08-06,119,5122,1140,2,44.49,0,Credit Card,EMP-020
TXN-003387,2024-01-14,145,,1198,2,493.89,0,Debit Card,EMP-006
TXN-003388,2024-02-17,111,5017,1075,5,19.39,0,Gift Card,EMP-070
TXN-003389,2024-11-26,127,5346,1136,3,1215.46,15,Debit Card,EMP-025
TXN-003390,2024-02-29,138,5444,1212,1,314.29,0,Credit Card,EMP-028
TXN-003391,2024-04-08,145,5418,1083,2,409.29,0,Mobile Pay,EMP-020
TXN-003392,2024-04-29,132,5204,1195,1,455.3,10,Credit Card,EMP-062
TXN-003393,2024-02-13,137,5280,1003,1,1014.36,0,Gift Card,EMP-062
TXN-003394,2024-05-28,116,5057,1010,2,676.69,0,Credit Card,EMP-032
TXN-003395,2024-05-19,102,5220,1244,4,862.22,0,Cash,EMP-067
TXN-003396,2024-08-31,146,,1198,4,627.68,25,Cash,EMP-020
TXN-003397,2024-07-02,105,5115,1182,4,758.91,5,Credit Card,EMP-051
TXN-003398,2024-01-14,133,5328,1214,1,265.85,0,Credit Card,EMP-041
TXN-003399,2024-12-19,113,5015,1194,5,847.45,20,Debit Card,EMP-008
TXN-003400,2024-08-05,123,,1103,5,92.09,10,Mobile Pay,EMP-077
TXN-003401,2024-07-22,109,5366,1102,2,665.86,5,Mobile Pay,EMP-008
TXN-003402,2024-01-15,153,5267,1127,1,86.66,0,Gift Card,EMP-064
TXN-003403,2024-02-03,116,5101,1071,2,1072.07,5,Cash,EMP-028
TXN-003404,2024-01-16,150,5273,1205,4,414.02,10,Cash,EMP-070
TXN-003405,2024-12-21,111,5333,1135,2,14.83,25,Cash,EMP-077
TXN-003406,2024-01-03,155,5268,1216,3,435.9,0,Cash,EMP-071
TXN-003407,2024-06-21,108,5445,1191,2,268.74,0,Gift Card,EMP-054
TXN-003408,2024-01-13,111,5441,1247,2,379.85,20,Mobile Pay,EMP-070
TXN-003409,2024-10-14,126,5100,1233,5,423.25,5,Debit Card,EMP-031
TXN-003410,2024-09-29,117,5210,1005,4,64.67,15,Gift Card,EMP-040
TXN-003411,2024-07-30,148,5220,1108,4,577.21,10,Credit Card,EMP-051
TXN-003412,2024-04-28,126,,1126,2,1212.06,0,Mobile Pay,EMP-043
TXN-003413,2024-06-25,103,5204,1228,1,370.89,10,Cash,EMP-066
TXN-003414,2024-06-03,150,,1002,3,267.99,10,Credit Card,EMP-048
TXN-003415,2024-08-12,114,5364,1046,4,282.11,0,Credit Card,EMP-054
TXN-003416,2024-10-02,102,5469,1098,2,206.56,20,Credit Card,EMP-012
TXN-003417,2024-09-21,151,5011,1156,3,234.03,15,Cash,EMP-035
TXN-003418,2024-07-13,126,5379,1249,5,643.17,5,Mobile Pay,EMP-065
TXN-003419,2024-05-10,115,5432,1237,4,81.56,25,Credit Card,EMP-035
TXN-003420,2024-01-14,141,5139,1051,3,103.71,10,Cash,EMP-073
TXN-003421,2024-06-30,115,5004,1173,1,920.18,0,Credit Card,EMP-077
TXN-003422,2024-07-30,110,5397,1165,2,173.81,20,Gift Card,EMP-061
TXN-003423,2024-05-16,155,,1176,4,365.17,5,Mobile Pay,EMP-068
TXN-003424,2024-04-28,138,5028,1137,3,692.41,25,Credit Card,EMP-075
TXN-003425,2024-04-09,106,5293,1067,4,268.68,15,Credit Card,EMP-070
TXN-003426,2024-02-28,117,5404,1018,1,428.56,5,Cash,EMP-068
TXN-003427,2024-11-17,131,5381,1065,4,733.31,0,Credit Card,EMP-054
TXN-003428,2024-03-29,143,5364,1208,5,932.65,15,Credit Card,EMP-040
TXN-003429,2024-04-02,148,5313,1153,4,400.02,20,Gift Card,EMP-043
TXN-003430,2024-05-30,145,5384,1036,4,204.71,15,Mobile Pay,EMP-017
TXN-003431,2024-08-31,101,,1088,1,150.1,20,Credit Card,EMP-058
TXN-003432,2024-04-14,119,5400,1070,3,571.99,0,Debit Card,EMP-041
TXN-003433,2024-12-11,115,5282,1031,2,315.96,20,Cash,EMP-066
TXN-003434,2024-11-06,155,5349,1125,1,381.93,0,Credit Card,EMP-057
TXN-003435,2024-01-07,144,5064,1120,5,299.95,10,Cash,EMP-058
TXN-003436,2024-07-26,155,5020,1244,3,436.24,10,Gift Card,EMP-037
TXN-003437,2024-02-16,146,5320,1179,2,954.91,15,Cash,EMP-020
TXN-003438,2024-10-04,135,5345,1052,4,539.96,15,Mobile Pay,EMP-063
TXN-003439,2024-10-20,109,5470,1143,4,264.24,15,Mobile Pay,EMP-036
TXN-003440,2024-11-22,106,5423,1117,3,27.98,0,Credit Card,EMP-068
TXN-003441,2024-08-27,139,5404,1246,3,396.18,0,Credit Card,EMP-063
TXN-003442,2024-10-22,120,5038,1031,4,166.77,10,Cash,EMP-049
TXN-003443,2024-12-30,138,,1167,5,297.72,5,Credit Card,EMP-074
TXN-003444,2024-08-22,120,5392,1093,4,1279.69,5,Gift Card,EMP-070
TXN-003445,2024-11-29,132,5123,1196,4,182.82,10,Gift Card,EMP-064
TXN-003446,2024-08-22,108,5454,1002,2,164.3,15,Debit Card,EMP-023
TXN-003447,2024-06-20,142,,1239,5,235.83,0,Gift Card,EMP-021
TXN-003448,2024-03-25,140,5030,1104,4,498.78,20,Mobile Pay,EMP-003
TXN-003449,2024-03-16,114,5431,1139,5,119.23,5,Gift Card,EMP-047
TXN-003450,2024-08-23,143,5422,1017,5,129.42,0,Credit Card,EMP-001
TXN-003451,2024-01-08,154,5004,1049,5,1076.04,0,Mobile Pay,EMP-006
TXN-003452,2024-05-05,141,,1125,5,327.27,20,Mobile Pay,EMP-075
TXN-003453,2024-04-25,149,5406,1043,1,106.57,5,Cash,EMP-065
TXN-003454,2024-05-18,132,5222,1153,3,202.62,25,Mobile Pay,EMP-023
TXN-003455,2024-11-11,119,5408,1105,3,60.54,15,Mobile Pay,EMP-041
TXN-003456,2024-08-14,118,5346,1035,1,395.4,0,Gift Card,EMP-014
TXN-003457,2024-08-16,101,5179,1151,1,624.11,5,Cash,EMP-043
TXN-003458,2024-03-08,112,5499,1194,4,625.02,5,Credit Card,EMP-028
TXN-003459,2024-03-05,117,5462,1217,3,281.46,0,Cash,EMP-057
TXN-003460,2024-04-24,103,5388,1062,4,535.53,10,Credit Card,EMP-049
TXN-003461,2024-04-26,142,5075,1086,2,47.45,10,Mobile Pay,EMP-052
TXN-003462,2024-09-02,113,5285,1095,4,614.82,0,Credit Card,EMP-046
TXN-003463,2024-04-17,114,5307,1103,2,83.32,0,Mobile Pay,EMP-056
TXN-003464,2024-04-28,135,,1056,3,309.06,20,Debit Card,EMP-067
TXN-003465,2024-04-28,153,5437,1120,2,197.82,25,Debit Card,EMP-024
TXN-003466,2024-06-21,115,,1193,2,283.13,25,Credit Card,EMP-001
TXN-003467,2024-10-05,114,,1178,3,629.09,0,Debit Card,EMP-058
TXN-003468,2024-01-06,113,5389,1069,1,556.74,5,Gift Card,EMP-036
TXN-003469,2024-07-06,124,5065,1103,4,78.0,0,Cash,EMP-060
TXN-003470,2024-04-22,142,5363,1113,3,146.63,0,Mobile Pay,EMP-054
TXN-003471,2024-10-19,142,,1169,4,248.3,10,Cash,EMP-046
TXN-003472,2024-06-06,124,5049,1078,4,358.59,5,Mobile Pay,EMP-080
TXN-003473,2024-12-08,114,,1041,2,510.1,25,Debit Card,EMP-078
TXN-003474,2024-08-07,147,5134,1134,2,686.67,5,Gift Card,EMP-005
TXN-003475,2024-04-23,144,5239,1155,5,232.76,5,Debit Card,EMP-011
TXN-003476,2024-12-21,133,5304,1096,3,239.03,20,Cash,EMP-047
TXN-003477,2024-02-11,122,,1175,1,878.96,20,Mobile Pay,EMP-056
TXN-003478,2024-11-28,126,5018,1135,4,13.04,5,Cash,EMP-064
TXN-003479,2024-08-01,137,5290,1121,5,602.48,20,Debit Card,EMP-019
TXN-003480,2024-10-13,147,5455,1150,1,814.23,5,Gift Card,EMP-043
TXN-003481,2024-04-04,110,5086,1080,1,349.84,15,Cash,EMP-073
TXN-003482,2024-07-24,137,5105,1062,4,1245.67,5,Gift Card,EMP-078
TXN-003483,2024-05-11,113,5003,1158,5,302.53,15,Cash,EMP-037
TXN-003484,2024-07-31,113,5188,1093,1,961.48,25,Credit Card,EMP-066
TXN-003485,2024-09-08,155,,1056,1,129.98,0,Debit Card,EMP-060
TXN-003486,2024-04-14,111,5380,1098,3,352.15,20,Mobile Pay,EMP-027
TXN-003487,2024-12-26,119,5104,1212,5,216.27,25,Cash,EMP-073
TXN-003488,2024-04-19,101,5200,1154,1,1294.19,0,Credit Card,EMP-078
TXN-003489,2024-01-06,147,5368,1078,1,312.51,25,Debit Card,EMP-020
TXN-003490,2024-07-30,150,5396,1080,5,417.62,5,Mobile Pay,EMP-066
TXN-003491,2024-07-01,131,5046,1158,4,310.45,0,Gift Card,EMP-003
TXN-003492,2024-11-02,150,5149,1051,3,125.99,0,Credit Card,EMP-037
TXN-003493,2024-06-28,127,5139,1193,4,262.94,10,Cash,EMP-064
TXN-003494,2024-04-19,150,5225,1177,5,598.02,0,Cash,EMP-017
TXN-003495,2024-09-13,128,5199,1242,3,32.55,0,Gift Card,EMP-025
TXN-003496,2024-08-14,129,5230,1139,1,159.28,5,Mobile Pay,EMP-036
TXN-003497,2024-05-05,153,,1209,4,381.59,15,Gift Card,EMP-028
TXN-003498,2024-09-14,110,5029,1011,2,670.0,0,Gift Card,EMP-074
TXN-003499,2024-11-26,152,5201,1152,5,1082.34,0,Cash,EMP-029
TXN-003500,2024-06-01,126,5270,1199,5,1083.04,15,Debit Card,EMP-015
TXN-003501,2024-04-05,153,5016,1210,2,196.88,25,Credit Card,EMP-001
TXN-003502,2024-09-23,127,5158,1140,5,29.25,10,Mobile Pay,EMP-055
TXN-003503,2024-01-01,131,5108,1232,4,800.41,10,Mobile Pay,EMP-036
TXN-003504,2024-08-23,148,5336,1111,1,741.38,20,Credit Card,EMP-024
TXN-003505,2024-03-31,149,,1030,2,915.57,20,Cash,EMP-045
TXN-003506,2024-10-09,145,5474,1202,1,888.82,0,Credit Card,EMP-039
TXN-003507,2024-03-03,124,5110,1081,2,865.29,20,Mobile Pay,EMP-001
TXN-003508,2024-02-21,101,5383,1209,1,364.94,0,Gift Card,EMP-044
TXN-003509,2024-09-03,102,,1050,1,1010.55,0,Cash,EMP-046
TXN-003510,2024-08-26,124,,1025,5,987.86,0,Mobile Pay,EMP-012
TXN-003511,2024-11-02,113,5059,1076,4,271.41,15,Credit Card,EMP-046
TXN-003512,2024-06-21,152,5378,1031,5,264.7,5,Gift Card,EMP-053
TXN-003513,2024-09-29,132,5338,1113,1,142.9,25,Credit Card,EMP-069
TXN-003514,2024-01-06,155,5305,1165,2,103.25,0,Gift Card,EMP-047
TXN-003515,2024-01-09,128,5307,1126,1,1340.32,0,Gift Card,EMP-029
TXN-003516,2024-04-16,137,5143,1209,3,330.94,0,Debit Card,EMP-006
TXN-003517,2024-10-15,103,5135,1224,1,442.48,5,Mobile Pay,EMP-010
TXN-003518,2024-08-29,110,5197,1127,4,115.19,10,Gift Card,EMP-001
TXN-003519,2024-07-17,112,5458,1103,4,46.33,0,Credit Card,EMP-030
TXN-003520,2024-01-31,105,5482,1100,4,224.28,15,Mobile Pay,EMP-012
TXN-003521,2024-03-27,142,5425,1029,1,488.11,0,Credit Card,EMP-017
TXN-003522,2024-12-08,140,5347,1182,5,652.21,5,Debit Card,EMP-008
TXN-003523,2024-04-03,150,5260,1084,4,797.25,0,Credit Card,EMP-055
TXN-003524,2024-03-18,122,5339,1057,5,538.11,20,Gift Card,EMP-065
TXN-003525,2024-12-24,102,5433,1155,5,344.56,20,Credit Card,EMP-074
TXN-003526,2024-07-26,102,5183,1221,3,1034.46,0,Credit Card,EMP-009
TXN-003527,2024-03-13,101,5216,1194,5,548.25,0,Mobile Pay,EMP-036
TXN-003528,2024-02-22,117,5006,1242,3,35.6,20,Credit Card,EMP-070
TXN-003529,2024-12-25,117,5052,1020,1,67.68,5,Cash,EMP-055
TXN-003530,2024-10-15,102,5180,1084,4,724.39,0,Gift Card,EMP-043
TXN-003531,2024-09-13,130,,1009,3,277.57,15,Mobile Pay,EMP-056
TXN-003532,2024-10-31,154,5279,1143,3,296.2,0,Mobile Pay,EMP-034
TXN-003533,2024-03-13,110,,1156,5,463.38,0,Cash,EMP-080
TXN-003534,2024-07-02,128,5226,1117,2,27.62,15,Debit Card,EMP-069
TXN-003535,2024-05-27,139,5043,1117,3,18.56,5,Credit Card,EMP-013
TXN-003536,2024-07-19,134,5071,1241,4,356.11,0,Mobile Pay,EMP-038
TXN-003537,2024-12-10,101,5298,1183,2,291.5,20,Debit Card,EMP-078
TXN-003538,2024-08-16,125,,1246,4,593.41,0,Gift Card,EMP-052
TXN-003539,2024-08-10,109,5267,1003,3,954.32,20,Gift Card,EMP-077
TXN-003540,2024-11-19,108,5023,1202,4,1108.95,15,Mobile Pay,EMP-021
TXN-003541,2024-09-11,111,5022,1191,1,330.64,15,Mobile Pay,EMP-017
TXN-003542,2024-04-15,110,,1023,3,571.36,0,Debit Card,EMP-044
TXN-003543,2024-03-18,101,5017,1088,5,268.57,15,Gift Card,EMP-080
TXN-003544,2024-06-07,112,,1154,1,831.02,15,Credit Card,EMP-044
TXN-003545,2024-03-17,115,5459,1003,3,859.83,5,Credit Card,EMP-025
TXN-003546,2024-03-01,122,5008,1132,5,431.24,5,Cash,EMP-020
TXN-003547,2024-05-04,101,5063,1039,5,641.94,0,Debit Card,EMP-075
TXN-003548,2024-05-18,107,5371,1235,3,77.49,0,Cash,EMP-004
TXN-003549,2024-10-02,145,5135,1238,2,287.82,25,Mobile Pay,EMP-076
TXN-003550,2024-10-05,110,5387,1039,1,1096.82,0,Mobile Pay,EMP-068
TXN-003551,2024-03-16,137,5481,1059,5,412.1,0,Gift Card,EMP-014
TXN-003552,2024-11-30,125,5290,1004,2,870.53,10,Debit Card,EMP-053
TXN-003553,2024-06-25,128,5412,1119,2,578.8,15,Cash,EMP-065
TXN-003554,2024-08-30,123,5445,1116,2,476.51,20,Debit Card,EMP-039
TXN-003555,2024-09-14,148,,1134,4,928.4,0,Cash,EMP-040
TXN-003556,2024-05-31,121,5103,1192,1,119.58,0,Mobile Pay,EMP-068
TXN-003557,2024-12-13,103,5169,1143,2,475.44,10,Cash,EMP-047
TXN-003558,2024-04-27,131,5492,1142,2,549.83,0,Cash,EMP-057
TXN-003559,2024-07-22,103,5362,1122,5,164.77,0,Gift Card,EMP-070
TXN-003560,2024-09-10,129,5256,1077,1,71.23,0,Credit Card,EMP-061
TXN-003561,2024-06-09,146,5110,1054,4,607.5,15,Gift Card,EMP-025
TXN-003562,2024-02-22,109,5202,1096,1,500.51,0,Mobile Pay,EMP-038
TXN-003563,2024-12-30,117,5488,1231,2,250.83,0,Credit Card,EMP-002
TXN-003564,2024-07-17,138,5072,1021,5,837.19,20,Cash,EMP-046
TXN-003565,2024-12-28,105,5109,1119,5,477.57,25,Credit Card,EMP-016
TXN-003566,2024-12-15,118,5124,1218,5,382.99,25,Debit Card,EMP-080
TXN-003567,2024-08-09,102,,1216,1,449.03,5,Cash,EMP-029
TXN-003568,2024-05-30,146,5378,1078,5,325.64,15,Gift Card,EMP-053
TXN-003569,2024-11-16,154,5047,1018,4,701.38,20,Credit Card,EMP-017
TXN-003570,2024-02-29,117,5310,1094,2,459.93,25,Mobile Pay,EMP-029
TXN-003571,2024-09-20,103,5444,1033,2,228.06,5,Credit Card,EMP-021
TXN-003572,2024-03-26,136,5135,1048,1,551.02,25,Credit Card,EMP-038
TXN-003573,2024-08-18,148,5374,1053,5,930.34,5,Mobile Pay,EMP-072
TXN-003574,2024-08-25,117,5254,1080,1,484.56,25,Credit Card,EMP-029
TXN-003575,2024-07-25,123,5390,1099,4,699.6,0,Credit Card,EMP-058
TXN-003576,2024-07-12,155,5281,1247,2,596.3,0,Debit Card,EMP-069
TXN-003577,2024-03-06,155,5439,1031,5,265.86,20,Gift Card,EMP-022
TXN-003578,2024-09-03,128,5068,1143,3,486.43,5,Gift Card,EMP-027
TXN-003579,2024-04-11,124,5398,1218,5,252.24,20,Gift Card,EMP-022
TXN-003580,2024-12-05,126,5337,1195,1,291.73,10,Gift Card,EMP-046
TXN-003581,2024-04-28,117,5468,1025,2,514.22,15,Gift Card,EMP-036
TXN-003582,2024-10-23,134,,1225,3,1282.12,20,Cash,EMP-013
TXN-003583,2024-03-19,125,,1248,2,792.05,25,Gift Card,EMP-012
TXN-003584,2024-08-30,147,5363,1194,2,1052.79,20,Cash,EMP-068
TXN-003585,2024-02-18,123,5296,1022,3,1059.06,15,Gift Card,EMP-034
TXN-003586,2024-03-26,113,5386,1019,1,674.86,5,Mobile Pay,EMP-025
TXN-003587,2024-12-18,126,5250,1101,4,874.84,20,Gift Card,EMP-064
TXN-003588,2024-08-31,136,5403,1125,4,284.78,0,Debit Card,EMP-040
TXN-003589,2024-02-15,123,5299,1125,2,254.65,0,Gift Card,EMP-070
TXN-003590,2024-06-01,113,5066,1046,2,256.08,0,Mobile Pay,EMP-052
TXN-003591,2024-02-28,105,,1094,1,568.74,5,Gift Card,EMP-014
TXN-003592,2024-06-20,119,,1079,2,583.61,5,Mobile Pay,EMP-033
TXN-003593,2024-09-12,138,,1159,5,716.38,0,Credit Card,EMP-001
TXN-003594,2024-09-25,150,5196,1244,3,623.84,25,Gift Card,EMP-003
TXN-003595,2024-06-08,137,5308,1215,1,104.68,15,Mobile Pay,EMP-029
TXN-003596,2024-09-28,137,5313,1170,4,750.31,25,Debit Card,EMP-050
TXN-003597,2024-08-19,108,5201,1047,1,1276.05,0,Debit Card,EMP-059
TXN-003598,2024-04-02,124,5029,1111,5,514.36,20,Gift Card,EMP-073
TXN-003599,2024-08-12,140,5185,1252,4,716.48,0,Cash,EMP-047
TXN-003600,2024-12-15,132,5448,1114,4,315.61,0,Credit Card,EMP-015
TXN-003601,2024-12-14,130,5426,1086,4,61.42,5,Debit Card,EMP-053
TXN-003602,2024-01-03,127,5174,1210,5,418.21,20,Credit Card,EMP-005
TXN-003603,2024-09-25,123,5482,1088,5,240.85,20,Mobile Pay,EMP-076
TXN-003604,2024-05-30,155,5099,1213,4,231.75,10,Cash,EMP-064
TXN-003605,2024-01-27,154,5202,1044,4,567.06,20,Cash,EMP-077
TXN-003606,2024-07-20,134,5171,1207,4,598.85,20,Mobile Pay,EMP-080
TXN-003607,2024-05-12,148,5226,1210,1,320.12,15,Cash,EMP-031
TXN-003608,2024-05-20,142,5163,1219,1,470.8,0,Cash,EMP-004
TXN-003609,2024-07-05,101,5331,1062,5,877.83,10,Gift Card,EMP-079
TXN-003610,2024-07-22,122,5132,1081,1,1125.62,5,Mobile Pay,EMP-045
TXN-003611,2024-05-23,131,,1142,5,601.05,0,Cash,EMP-030
TXN-003612,2024-09-29,126,5473,1056,5,161.16,5,Debit Card,EMP-078
TXN-003613,2024-03-02,148,5499,1064,5,742.35,0,Cash,EMP-004
TXN-003614,2024-08-31,152,,1057,3,774.62,0,Cash,EMP-001
TXN-003615,2024-07-16,154,5131,1056,1,157.05,15,Credit Card,EMP-006
TXN-003616,2024-03-13,129,5272,1105,5,61.34,20,Debit Card,EMP-026
TXN-003617,2024-05-29,118,5218,1237,4,57.1,20,Credit Card,EMP-032
TXN-003618,2024-04-21,132,,1218,2,567.1,25,Cash,EMP-015
TXN-003619,2024-06-20,149,,1153,5,200.66,10,Credit Card,EMP-007
TXN-003620,2024-02-15,131,5022,1006,5,461.25,0,Gift Card,EMP-042
TXN-003621,2024-02-28,130,5303,1101,4,842.2,25,Debit Card,EMP-067
TXN-003622,2024-04-10,106,,1061,3,340.14,10,Debit Card,EMP-042
TXN-003623,2024-08-16,131,5484,1221,5,1126.24,5,Cash,EMP-003
TXN-003624,2024-06-25,127,5093,1172,1,474.96,0,Mobile Pay,EMP-004
TXN-003625,2024-07-25,131,5387,1221,1,1017.66,25,Credit Card,EMP-070
TXN-003626,2024-12-14,116,5093,1242,4,20.65,0,Debit Card,EMP-073
TXN-003627,2024-02-26,139,5186,1033,5,168.28,10,Credit Card,EMP-027
TXN-003628,2024-05-07,122,5004,1128,5,722.73,0,Mobile Pay,EMP-075
TXN-003629,2024-02-03,155,5207,1195,3,295.13,0,Credit Card,EMP-055
TXN-003630,2024-05-16,114,5270,1011,5,733.67,10,Mobile Pay,EMP-068
TXN-003631,2024-05-17,117,5116,1132,5,751.29,15,Mobile Pay,EMP-028
TXN-003632,2024-08-09,144,5353,1239,1,474.7,10,Cash,EMP-080
TXN-003633,2024-03-07,101,,1123,2,541.34,0,Mobile Pay,EMP-071
TXN-003634,2024-09-16,117,5411,1063,2,964.26,0,Mobile Pay,EMP-064
TXN-003635,2024-09-22,117,5136,1084,3,1100.1,0,Gift Card,EMP-072
TXN-003636,2024-12-03,114,5300,1147,1,1249.07,5,Debit Card,EMP-005
TXN-003637,2024-08-24,146,5432,1161,3,954.93,0,Mobile Pay,EMP-080
TXN-003638,2024-11-15,114,5081,1200,1,522.87,0,Gift Card,EMP-077
TXN-003639,2024-12-03,139,5010,1160,2,620.54,5,Cash,EMP-052
TXN-003640,2024-06-29,129,5015,1068,5,1368.54,0,Cash,EMP-036
TXN-003641,2024-01-31,111,5473,1206,1,469.79,0,Debit Card,EMP-078
TXN-003642,2024-07-01,101,5167,1056,1,141.55,10,Debit Card,EMP-026
TXN-003643,2024-02-10,103,,1171,4,1049.15,0,Credit Card,EMP-039
TXN-003644,2024-09-27,116,5290,1224,1,217.6,15,Cash,EMP-068
TXN-003645,2024-05-27,129,5183,1182,4,554.37,25,Debit Card,EMP-076
TXN-003646,2024-09-26,122,5366,1241,3,330.81,5,Gift Card,EMP-014
TXN-003647,2024-07-10,144,5074,1220,2,564.31,0,Mobile Pay,EMP-036
TXN-003648,2024-03-08,122,5258,1151,2,679.72,15,Cash,EMP-060
TXN-003649,2024-12-17,147,5338,1108,1,531.27,15,Cash,EMP-076
TXN-003650,2024-01-22,128,5294,1063,5,476.21,15,Cash,EMP-034
TXN-003651,2024-09-13,101,5173,1117,3,18.24,10,Gift Card,EMP-015
TXN-003652,2024-12-31,137,,1217,2,198.04,10,Cash,EMP-053
TXN-003653,2024-12-30,129,5013,1075,4,10.9,15,Cash,EMP-046
TXN-003654,2024-11-03,122,5188,1179,5,882.08,0,Credit Card,EMP-065
TXN-003655,2024-12-30,122,5397,1035,3,481.07,25,Mobile Pay,EMP-064
TXN-003656,2024-09-09,119,5189,1070,1,610.84,0,Debit Card,EMP-066
TXN-003657,2024-08-17,152,5415,1038,2,1024.15,25,Gift Card,EMP-061
TXN-003658,2024-11-11,119,,1010,3,468.4,15,Gift Card,EMP-037
TXN-003659,2024-10-07,130,5213,1214,3,301.21,0,Mobile Pay,EMP-055
TXN-003660,2024-03-08,143,5215,1051,4,145.73,0,Debit Card,EMP-043
TXN-003661,2024-07-05,111,5476,1151,4,590.54,20,Mobile Pay,EMP-034
TXN-003662,2024-11-15,151,5063,1188,2,123.26,0,Mobile Pay,EMP-019
TXN-003663,2024-12-13,119,5032,1124,3,511.02,0,Debit Card,EMP-036
TXN-003664,2024-02-22,104,5025,1128,3,1054.74,10,Cash,EMP-044
TXN-003665,2024-10-11,122,5318,1062,3,1152.9,20,Debit Card,EMP-016
TXN-003666,2024-08-05,124,5104,1143,4,541.91,20,Mobile Pay,EMP-066
TXN-003667,2024-01-28,101,5388,1144,3,1204.42,0,Credit Card,EMP-065
TXN-003668,2024-08-01,131,5040,1195,1,574.13,15,Cash,EMP-061
TXN-003669,2024-10-13,146,,1083,5,553.58,25,Gift Card,EMP-030
TXN-003670,2024-04-24,140,5398,1101,2,1066.3,0,Mobile Pay,EMP-005
TXN-003671,2024-09-25,135,5259,1148,3,1097.96,0,Credit Card,EMP-005
TXN-003672,2024-07-07,106,5305,1096,1,504.99,0,Cash,EMP-027
TXN-003673,2024-03-29,140,5016,1012,2,122.22,5,Debit Card,EMP-074
TXN-003674,2024-08-09,101,,1063,2,771.16,25,Gift Card,EMP-022
TXN-003675,2024-12-01,134,5108,1244,3,429.12,10,Mobile Pay,EMP-067
TXN-003676,2024-02-20,126,5221,1193,2,323.16,10,Debit Card,EMP-002
TXN-003677,2024-10-05,119,5095,1060,2,104.93,20,Mobile Pay,EMP-038
TXN-003678,2024-09-03,118,5157,1072,1,95.27,10,Mobile Pay,EMP-072
TXN-003679,2024-04-09,139,5253,1197,4,493.2,20,Debit Card,EMP-057
TXN-003680,2024-10-31,145,5349,1201,5,70.83,25,Mobile Pay,EMP-039
TXN-003681,2024-05-19,129,5269,1157,1,256.04,10,Cash,EMP-050
TXN-003682,2024-11-08,122,5360,1056,2,307.17,0,Cash,EMP-043
TXN-003683,2024-08-11,140,,1104,3,424.11,0,Debit Card,EMP-049
TXN-003684,2024-10-25,152,5289,1195,4,281.12,10,Gift Card,EMP-050
TXN-003685,2024-07-18,108,5032,1108,5,492.06,0,Debit Card,EMP-074
TXN-003686,2024-03-15,142,5499,1063,2,880.39,10,Mobile Pay,EMP-072
TXN-003687,2024-09-08,130,,1036,2,116.18,5,Mobile Pay,EMP-072
TXN-003688,2024-05-18,114,5032,1014,5,541.9,20,Mobile Pay,EMP-039
TXN-003689,2024-12-27,133,5253,1227,2,1195.11,0,Cash,EMP-043
TXN-003690,2024-06-16,121,5455,1150,4,835.41,20,Cash,EMP-059
TXN-003691,2024-09-14,123,,1099,3,797.28,0,Debit Card,EMP-051
TXN-003692,2024-11-22,117,5327,1192,5,160.72,10,Debit Card,EMP-054
TXN-003693,2024-04-24,117,5054,1043,4,171.78,15,Debit Card,EMP-033
TXN-003694,2024-05-09,144,5044,1046,5,165.2,20,Mobile Pay,EMP-033
TXN-003695,2024-08-21,116,5025,1184,3,543.48,0,Gift Card,EMP-012
TXN-003696,2024-10-19,102,5336,1249,3,755.1,20,Cash,EMP-013
TXN-003697,2024-04-30,104,5163,1058,5,844.2,0,Cash,EMP-025
TXN-003698,2024-04-05,131,5444,1214,4,262.76,20,Debit Card,EMP-024
TXN-003699,2024-09-07,118,5399,1172,2,419.47,5,Debit Card,EMP-071
TXN-003700,2024-02-19,152,5380,1001,5,115.65,0,Mobile Pay,EMP-006
TXN-003701,2024-01-20,118,5270,1094,3,303.48,25,Cash,EMP-075
TXN-003702,2024-07-27,155,,1093,2,1120.82,25,Credit Card,EMP-024
TXN-003703,2024-06-28,108,,1158,3,388.04,5,Cash,EMP-065
TXN-003704,2024-04-09,131,5321,1012,4,144.4,15,Credit Card,EMP-029
TXN-003705,2024-01-21,109,5078,1110,1,416.99,20,Gift Card,EMP-076
TXN-003706,2024-08-21,130,5421,1074,1,215.28,10,Mobile Pay,EMP-031
TXN-003707,2024-03-20,109,,1012,4,140.16,10,Debit Card,EMP-012
TXN-003708,2024-04-01,103,5438,1106,2,837.88,5,Debit Card,EMP-052
TXN-003709,2024-02-14,102,5261,1232,4,894.98,0,Cash,EMP-059
TXN-003710,2024-06-15,109,5481,1085,1,594.21,5,Mobile Pay,EMP-061
TXN-003711,2024-01-30,101,5003,1037,3,754.44,20,Gift Card,EMP-063
TXN-003712,2024-01-22,105,5489,1110,1,698.67,0,Credit Card,EMP-067
TXN-003713,2024-02-16,113,5306,1218,2,390.68,5,Cash,EMP-025
TXN-003714,2024-10-21,102,5118,1206,3,497.33,10,Gift Card,EMP-037
TXN-003715,2024-10-25,127,,1180,3,604.12,25,Credit Card,EMP-057
TXN-003716,2024-10-24,134,5361,1076,2,182.11,0,Debit Card,EMP-035
TXN-003717,2024-03-31,151,5270,1102,3,664.37,15,Credit Card,EMP-074
TXN-003718,2024-01-13,150,5438,1037,1,933.43,15,Cash,EMP-070
TXN-003719,2024-09-15,139,,1009,2,371.35,5,Cash,EMP-051
TXN-003720,2024-07-05,149,5103,1186,2,368.5,0,Cash,EMP-062
TXN-003721,2024-12-28,145,5238,1198,1,614.31,0,Gift Card,EMP-070
TXN-003722,2024-05-24,129,5119,1031,4,228.49,0,Debit Card,EMP-013
TXN-003723,2024-08-24,104,5225,1003,1,994.54,0,Cash,EMP-080
TXN-003724,2024-03-27,114,5114,1142,5,613.45,25,Credit Card,EMP-058
TXN-003725,2024-11-24,107,5270,1216,4,530.15,20,Gift Card,EMP-057
TXN-003726,2024-07-10,148,,1010,2,699.67,5,Credit Card,EMP-009
TXN-003727,2024-01-30,138,5422,1176,1,467.23,20,Gift Card,EMP-071
TXN-003728,2024-04-06,138,,1064,2,956.94,20,Cash,EMP-064
TXN-003729,2024-01-15,120,5370,1133,1,1034.92,20,Cash,EMP-038
TXN-003730,2024-06-30,113,5292,1212,3,206.97,25,Credit Card,EMP-064
TXN-003731,2024-07-14,112,5200,1222,1,799.64,25,Gift Card,EMP-042
TXN-003732,2024-08-05,108,5230,1038,5,889.93,0,Mobile Pay,EMP-004
TXN-003733,2024-03-06,151,5196,1251,1,1037.84,0,Gift Card,EMP-056
TXN-003734,2024-09-19,139,5013,1221,2,1304.98,20,Credit Card,EMP-076
TXN-003735,2024-11-28,153,5001,1018,5,629.21,0,Mobile Pay,EMP-007
TXN-003736,2024-01-26,145,,1224,4,237.37,0,Gift Card,EMP-004
TXN-003737,2024-06-25,134,5353,1238,4,298.49,25,Mobile Pay,EMP-064
TXN-003738,2024-01-26,145,5068,1022,4,737.45,0,Credit Card,EMP-014
TXN-003739,2024-10-15,139,5376,1086,4,68.89,10,Mobile Pay,EMP-004
TXN-003740,2024-09-08,124,5304,1116,4,252.62,0,Gift Card,EMP-022
TXN-003741,2024-03-17,108,5432,1010,2,699.33,15,Mobile Pay,EMP-031
TXN-003742,2024-10-18,147,5144,1240,5,954.17,0,Cash,EMP-006
TXN-003743,2024-01-25,118,5382,1127,5,114.49,20,Mobile Pay,EMP-025
TXN-003744,2024-07-04,108,,1139,4,85.57,25,Cash,EMP-066
TXN-003745,2024-08-18,116,5310,1242,3,43.25,15,Gift Card,EMP-040
TXN-003746,2024-04-20,138,5296,1138,4,575.17,0,Debit Card,EMP-045
TXN-003747,2024-03-15,113,,1198,1,417.13,20,Cash,EMP-055
TXN-003748,2024-11-23,108,5251,1148,5,534.49,0,Gift Card,EMP-054
TXN-003749,2024-10-26,103,5347,1148,2,579.2,0,Debit Card,EMP-072
TXN-003750,2024-09-01,134,5201,1143,2,294.97,25,Cash,EMP-030
TXN-003751,2024-04-30,111,5353,1085,1,892.62,0,Gift Card,EMP-036
TXN-003752,2024-10-08,108,5063,1245,2,989.9,0,Mobile Pay,EMP-076
TXN-003753,2024-12-06,129,5062,1151,2,574.56,0,Debit Card,EMP-018
TXN-003754,2024-10-23,128,5261,1057,3,515.86,0,Debit Card,EMP-073
TXN-003755,2024-11-29,124,5224,1071,1,1096.14,15,Cash,EMP-062
TXN-003756,2024-12-20,137,5432,1170,1,548.57,25,Cash,EMP-027
TXN-003757,2024-02-07,142,5154,1235,3,66.38,5,Cash,EMP-032
TXN-003758,2024-09-14,122,,1237,4,73.3,15,Credit Card,EMP-076
TXN-003759,2024-03-13,118,5316,1231,5,255.21,0,Debit Card,EMP-049
TXN-003760,2024-10-29,127,5180,1180,2,931.78,10,Debit Card,EMP-026
TXN-003761,2024-10-22,151,5423,1026,4,617.06,0,Gift Card,EMP-069
TXN-003762,2024-06-10,115,5139,1084,5,532.02,10,Cash,EMP-014
TXN-003763,2024-01-31,110,,1202,4,1143.44,25,Cash,EMP-080
TXN-003764,2024-04-08,101,5058,1090,1,243.06,0,Gift Card,EMP-070
TXN-003765,2024-11-23,142,5318,1158,1,326.3,5,Debit Card,EMP-076
TXN-003766,2024-05-05,134,5107,1095,3,869.0,0,Credit Card,EMP-012
TXN-003767,2024-06-15,130,5153,1184,3,826.93,20,Credit Card,EMP-012
TXN-003768,2024-07-29,125,5082,1074,2,322.82,10,Cash,EMP-042
TXN-003769,2024-05-25,112,,1107,1,115.16,5,Cash,EMP-033
TXN-003770,2024-07-18,116,5339,1160,5,798.76,10,Credit Card,EMP-063
TXN-003771,2024-02-12,118,5117,1193,4,252.49,20,Credit Card,EMP-080
TXN-003772,2024-06-23,147,5025,1214,1,490.97,20,Credit Card,EMP-032
TXN-003773,2024-10-19,129,,1135,5,18.49,15,Credit Card,EMP-051
TXN-003774,2024-04-07,148,5390,1087,1,577.95,0,Credit Card,EMP-022
TXN-003775,2024-03-25,105,5204,1075,4,20.03,0,Gift Card,EMP-044
TXN-003776,2024-08-11,147,,1065,3,794.47,10,Credit Card,EMP-025
TXN-003777,2024-04-21,152,5374,1173,1,738.0,0,Gift Card,EMP-044
TXN-003778,2024-11-01,145,5220,1205,3,463.14,0,Mobile Pay,EMP-079
TXN-003779,2024-02-20,137,5087,1171,1,675.94,15,Debit Card,EMP-039
TXN-003780,2024-10-30,108,5441,1046,1,194.99,10,Debit Card,EMP-074
TXN-003781,2024-10-25,108,5148,1234,3,652.26,0,Credit Card,EMP-028
TXN-003782,2024-09-19,137,5461,1247,5,443.21,5,Gift Card,EMP-016
TXN-003783,2024-05-25,108,5002,1219,2,354.18,0,Credit Card,EMP-058
TXN-003784,2024-06-03,133,,1228,3,315.08,10,Mobile Pay,EMP-080
TXN-003785,2024-09-14,140,5186,1132,3,747.33,0,Gift Card,EMP-019
TXN-003786,2024-08-25,143,5126,1048,4,988.0,25,Cash,EMP-078
TXN-003787,2024-02-22,141,5355,1234,5,554.36,0,Cash,EMP-025
TXN-003788,2024-03-17,107,5456,1185,1,462.23,5,Credit Card,EMP-067
TXN-003789,2024-06-10,126,,1226,5,542.77,0,Debit Card,EMP-038
TXN-003790,2024-04-03,147,5006,1140,2,37.7,0,Cash,EMP-051
TXN-003791,2024-03-30,116,5322,1242,2,27.83,0,Debit Card,EMP-041
TXN-003792,2024-05-06,111,5129,1240,2,1019.7,20,Mobile Pay,EMP-006
TXN-003793,2024-08-17,140,5068,1122,2,157.25,25,Mobile Pay,EMP-051
TXN-003794,2024-08-28,132,5448,1078,4,184.74,0,Credit Card,EMP-006
TXN-003795,2024-08-17,145,5431,1167,1,399.69,0,Debit Card,EMP-028
TXN-003796,2024-12-23,102,5037,1010,5,1061.31,25,Debit Card,EMP-037
TXN-003797,2024-08-24,128,5093,1206,3,910.7,10,Credit Card,EMP-056
TXN-003798,2024-12-07,132,5091,1137,4,843.01,5,Gift Card,EMP-071
TXN-003799,2024-06-12,152,5052,1180,5,521.81,0,Gift Card,EMP-074
TXN-003800,2024-04-07,141,5343,1233,2,508.17,25,Gift Card,EMP-055
TXN-003801,2024-09-21,103,5470,1006,3,624.36,0,Debit Card,EMP-046
TXN-003802,2024-08-21,140,,1198,5,781.77,15,Gift Card,EMP-031
TXN-003803,2024-02-06,138,5296,1211,2,329.4,0,Debit Card,EMP-041
TXN-003804,2024-05-07,101,5177,1080,4,590.92,0,Mobile Pay,EMP-062
TXN-003805,2024-07-10,120,5396,1002,5,315.78,10,Gift Card,EMP-079
TXN-003806,2024-11-09,130,5177,1203,4,201.87,20,Mobile Pay,EMP-017
TXN-003807,2024-02-06,121,,1061,5,269.83,15,Credit Card,EMP-079
TXN-003808,2024-05-11,111,5383,1142,2,370.82,15,Gift Card,EMP-043
TXN-003809,2024-06-21,146,5096,1026,1,495.91,15,Gift Card,EMP-009
TXN-003810,2024-06-28,145,5337,1076,3,162.5,0,Credit Card,EMP-004
TXN-003811,2024-11-01,115,5344,1106,4,893.84,5,Mobile Pay,EMP-046
TXN-003812,2024-11-05,117,5015,1003,1,1070.59,25,Debit Card,EMP-064
TXN-003813,2024-03-13,145,,1037,4,608.15,25,Credit Card,EMP-026
TXN-003814,2024-12-13,109,5057,1045,5,308.24,0,Mobile Pay,EMP-009
TXN-003815,2024-09-26,115,5384,1209,3,528.39,10,Mobile Pay,EMP-041
TXN-003816,2024-03-12,111,,1245,4,1272.2,15,Gift Card,EMP-055
TXN-003817,2024-05-05,105,5111,1194,1,1167.02,10,Gift Card,EMP-027
TXN-003818,2024-05-02,135,,1253,5,404.91,20,Debit Card,EMP-031
TXN-003819,2024-01-28,138,5400,1210,3,281.35,0,Credit Card,EMP-031
TXN-003820,2024-09-29,146,,1025,4,712.87,10,Gift Card,EMP-048
TXN-003821,2024-02-17,105,,1174,5,203.28,0,Cash,EMP-010
TXN-003822,2024-12-27,103,,1065,2,412.06,10,Mobile Pay,EMP-009
TXN-003823,2024-08-05,151,5328,1163,2,961.82,0,Credit Card,EMP-037
TXN-003824,2024-10-17,101,5437,1156,2,348.52,0,Credit Card,EMP-036
TXN-003825,2024-04-06,147,5109,1165,2,103.27,10,Cash,EMP-017
TXN-003826,2024-02-23,103,,1012,1,159.04,10,Mobile Pay,EMP-001
TXN-003827,2024-02-03,108,,1004,2,693.34,15,Cash,EMP-043
TXN-003828,2024-08-21,131,,1147,2,772.97,0,Debit Card,EMP-077
TXN-003829,2024-07-01,109,5237,1109,1,324.69,25,Mobile Pay,EMP-010
TXN-003830,2024-12-29,136,5388,1134,5,842.5,25,Gift Card,EMP-059
TXN-003831,2024-09-08,105,5189,1109,2,260.99,25,Mobile Pay,EMP-010
TXN-003832,2024-03-06,137,5272,1203,2,112.43,25,Debit Card,EMP-006
TXN-003833,2024-05-22,124,,1130,1,741.26,10,Cash,EMP-044
TXN-003834,2024-09-13,142,5043,1105,4,95.27,5,Cash,EMP-015
TXN-003835,2024-10-02,138,,1143,4,522.72,10,Credit Card,EMP-032
TXN-003836,2024-11-16,152,5248,1163,3,1155.63,15,Gift Card,EMP-025
TXN-003837,2024-10-18,116,5166,1028,4,603.49,0,Credit Card,EMP-047
TXN-003838,2024-05-22,138,5120,1212,2,246.66,25,Credit Card,EMP-073
TXN-003839,2024-06-10,121,5264,1065,4,416.46,25,Credit Card,EMP-018
TXN-003840,2024-01-28,123,5393,1190,2,349.17,25,Gift Card,EMP-036
TXN-003841,2024-04-05,142,5349,1015,3,331.18,15,Debit Card,EMP-041
TXN-003842,2024-05-16,149,5230,1073,5,497.5,20,Mobile Pay,EMP-060
TXN-003843,2024-12-23,152,5497,1248,5,998.54,0,Debit Card,EMP-014
TXN-003844,2024-01-17,143,5347,1190,1,217.01,10,Credit Card,EMP-080
TXN-003845,2024-06-07,108,,1127,2,159.55,10,Mobile Pay,EMP-014
TXN-003846,2024-12-18,101,5354,1114,3,253.95,0,Credit Card,EMP-040
TXN-003847,2024-10-09,127,,1110,3,603.22,10,Debit Card,EMP-056
TXN-003848,2024-03-05,132,5492,1198,1,569.22,10,Gift Card,EMP-071
TXN-003849,2024-07-31,133,5060,1121,4,593.4,25,Credit Card,EMP-030
TXN-003850,2024-05-04,119,5354,1041,3,459.74,5,Credit Card,EMP-060
TXN-003851,2024-05-05,150,5216,1035,5,352.34,25,Cash,EMP-077
TXN-003852,2024-12-13,117,5029,1016,2,937.0,0,Mobile Pay,EMP-057
TXN-003853,2024-11-15,137,5302,1153,2,381.2,10,Mobile Pay,EMP-074
TXN-003854,2024-03-23,108,5270,1073,1,351.73,5,Credit Card,EMP-012
TXN-003855,2024-09-18,116,5069,1110,1,804.54,10,Cash,EMP-049
TXN-003856,2024-07-09,130,,1025,3,713.28,0,Mobile Pay,EMP-008
TXN-003857,2024-01-12,118,5235,1063,2,620.06,0,Cash,EMP-049
TXN-003858,2024-12-15,151,5406,1121,3,762.86,5,Mobile Pay,EMP-018
TXN-003859,2024-06-10,108,5105,1024,1,237.34,15,Cash,EMP-014
TXN-003860,2024-11-22,102,5461,1018,2,390.78,0,Mobile Pay,EMP-002
TXN-003861,2024-09-07,114,5298,1027,1,602.35,0,Cash,EMP-017
TXN-003862,2024-03-31,142,5083,1020,4,81.93,25,Debit Card,EMP-047
TXN-003863,2024-04-12,150,,1144,4,755.02,0,Credit Card,EMP-053
TXN-003864,2024-02-25,137,5318,1247,5,582.67,10,Cash,EMP-019
TXN-003865,2024-07-30,153,5435,1203,3,174.89,15,Debit Card,EMP-057
TXN-003866,2024-06-11,147,5065,1138,5,1044.58,15,Credit Card,EMP-069
TXN-003867,2024-02-24,143,5436,1070,3,892.75,0,Debit Card,EMP-025
TXN-003868,2024-03-09,153,5117,1050,3,703.54,0,Debit Card,EMP-043
TXN-003869,2024-11-26,102,,1044,4,634.78,15,Credit Card,EMP-064
TXN-003870,2024-12-06,141,5456,1131,4,433.28,5,Cash,EMP-034
TXN-003871,2024-05-30,145,5360,1234,4,408.56,25,Mobile Pay,EMP-062
TXN-003872,2024-05-09,117,5199,1074,5,309.34,5,Credit Card,EMP-040
TXN-003873,2024-08-06,101,,1073,4,457.09,0,Mobile Pay,EMP-039
TXN-003874,2024-10-06,124,5234,1112,3,230.54,5,Mobile Pay,EMP-060
TXN-003875,2024-10-30,123,5287,1059,3,787.85,20,Credit Card,EMP-075
TXN-003876,2024-02-21,102,5130,1036,4,107.39,0,Cash,EMP-033
TXN-003877,2024-06-30,149,5047,1188,4,73.11,0,Gift Card,EMP-079
TXN-003878,2024-04-23,102,5239,1037,4,1015.28,0,Mobile Pay,EMP-018
TXN-003879,2024-07-03,131,5361,1172,3,535.22,5,Credit Card,EMP-051
TXN-003880,2024-01-30,153,,1056,2,148.68,10,Debit Card,EMP-077
TXN-003881,2024-09-17,110,5480,1240,4,813.37,15,Debit Card,EMP-032
TXN-003882,2024-08-06,117,5466,1024,5,223.65,20,Cash,EMP-044
TXN-003883,2024-06-05,140,5364,1155,3,282.87,25,Gift Card,EMP-015
TXN-003884,2024-03-29,146,5252,1115,3,813.0,0,Mobile Pay,EMP-014
TXN-003885,2024-09-27,144,,1059,3,433.8,0,Debit Card,EMP-028
TXN-003886,2024-11-03,109,5468,1248,4,747.06,20,Credit Card,EMP-060
TXN-003887,2024-07-28,143,5392,1236,3,192.57,0,Cash,EMP-050
TXN-003888,2024-06-21,136,,1170,4,487.95,5,Gift Card,EMP-011
TXN-003889,2024-03-03,109,,1247,2,294.15,0,Credit Card,EMP-062
TXN-003890,2024-11-28,111,5182,1075,5,20.74,0,Mobile Pay,EMP-054
TXN-003891,2024-09-08,114,5319,1124,3,701.83,10,Debit Card,EMP-030
TXN-003892,2024-11-23,146,5068,1226,4,758.38,5,Gift Card,EMP-054
TXN-003893,2024-10-23,103,5061,1048,1,459.18,0,Mobile Pay,EMP-001
TXN-003894,2024-09-07,113,,1113,3,271.84,20,Gift Card,EMP-049
TXN-003895,2024-06-24,123,,1056,4,287.02,5,Credit Card,EMP-004
TXN-003896,2024-07-01,105,5099,1047,5,520.65,25,Debit Card,EMP-004
TXN-003897,2024-12-06,140,5243,1208,2,998.4,5,Mobile Pay,EMP-058
TXN-003898,2024-04-26,118,5098,1027,1,1086.17,10,Gift Card,EMP-044
TXN-003899,2024-01-27,130,5353,1229,3,726.76,0,Gift Card,EMP-020
TXN-003900,2024-07-29,104,,1140,4,56.83,0,Debit Card,EMP-004
TXN-003901,2024-10-14,111,,1168,1,456.08,10,Cash,EMP-024
TXN-003902,2024-05-05,127,5291,1153,1,410.21,0,Debit Card,EMP-027
TXN-003903,2024-02-08,140,5399,1209,5,407.76,25,Cash,EMP-015
TXN-003904,2024-08-23,111,5101,1093,2,970.2,0,Gift Card,EMP-068
TXN-003905,2024-10-02,139,5453,1015,3,357.5,0,Mobile Pay,EMP-044
TXN-003906,2024-01-07,115,5062,1044,1,876.2,0,Mobile Pay,EMP-066
TXN-003907,2024-11-16,145,5264,1140,4,44.79,15,Cash,EMP-070
TXN-003908,2024-06-22,149,5294,1244,1,975.1,10,Cash,EMP-006
TXN-003909,2024-05-31,116,5461,1159,4,1301.84,20,Gift Card,EMP-038
TXN-003910,2024-12-12,122,5219,1101,1,692.99,0,Cash,EMP-018
TXN-003911,2024-01-21,136,5333,1079,3,714.56,15,Credit Card,EMP-034
TXN-003912,2024-07-24,143,5133,1038,2,521.26,10,Gift Card,EMP-026
TXN-003913,2024-10-20,146,5449,1232,4,789.54,25,Cash,EMP-005
TXN-003914,2024-08-14,145,5449,1143,4,521.24,15,Gift Card,EMP-041
TXN-003915,2024-08-16,104,5044,1070,4,756.96,20,Mobile Pay,EMP-020
TXN-003916,2024-08-07,116,5319,1075,5,24.9,25,Gift Card,EMP-079
TXN-003917,2024-06-11,111,,1056,3,208.8,5,Credit Card,EMP-056
TXN-003918,2024-05-16,117,5075,1092,2,72.59,25,Gift Card,EMP-002
TXN-003919,2024-05-18,141,,1113,5,127.86,5,Mobile Pay,EMP-045
TXN-003920,2024-02-04,151,5201,1206,5,652.32,0,Mobile Pay,EMP-076
TXN-003921,2024-03-12,115,5398,1194,2,549.18,25,Debit Card,EMP-044
TXN-003922,2024-09-11,112,5247,1031,1,172.1,0,Debit Card,EMP-001
TXN-003923,2024-01-14,137,5259,1142,3,567.16,0,Cash,EMP-030
TXN-003924,2024-03-13,125,5198,1181,1,501.42,0,Gift Card,EMP-070
TXN-003925,2024-01-01,135,5415,1225,2,1184.14,20,Gift Card,EMP-006
TXN-003926,2024-12-23,118,5465,1245,1,745.83,5,Mobile Pay,EMP-044
TXN-003927,2024-11-30,147,5222,1049,5,631.24,10,Gift Card,EMP-078
TXN-003928,2024-08-15,102,5494,1222,4,1071.08,0,Mobile Pay,EMP-006
TXN-003929,2024-01-13,118,5425,1128,2,629.61,5,Mobile Pay,EMP-005
TXN-003930,2024-01-27,143,5373,1201,4,50.76,10,Cash,EMP-026
TXN-003931,2024-07-17,153,5326,1144,4,894.46,5,Gift Card,EMP-059
TXN-003932,2024-08-11,131,5456,1048,4,948.32,10,Credit Card,EMP-042
TXN-003933,2024-05-10,108,5219,1249,5,658.36,0,Cash,EMP-070
TXN-003934,2024-09-12,124,5259,1079,2,359.13,0,Cash,EMP-014
TXN-003935,2024-11-05,146,5106,1129,3,303.54,0,Credit Card,EMP-021
TXN-003936,2024-03-10,154,5299,1053,5,949.6,0,Credit Card,EMP-041
TXN-003937,2024-10-15,108,5420,1202,2,570.66,0,Credit Card,EMP-038
TXN-003938,2024-05-19,127,5179,1243,4,65.27,25,Credit Card,EMP-047
TXN-003939,2024-12-07,145,5332,1069,4,500.66,20,Credit Card,EMP-038
TXN-003940,2024-06-10,106,5295,1107,1,84.49,20,Cash,EMP-048
TXN-003941,2024-08-13,143,5419,1168,4,375.92,20,Cash,EMP-061
TXN-003942,2024-08-09,126,5498,1099,1,692.94,15,Debit Card,EMP-002
TXN-003943,2024-09-13,109,5328,1172,5,468.28,20,Cash,EMP-043
TXN-003944,2024-06-13,119,5031,1238,5,168.29,25,Gift Card,EMP-018
TXN-003945,2024-10-30,124,5239,1143,3,389.98,10,Debit Card,EMP-022
TXN-003946,2024-01-03,145,5185,1111,1,393.44,20,Gift Card,EMP-022
TXN-003947,2024-10-31,142,5118,1212,5,305.14,20,Cash,EMP-005
TXN-003948,2024-02-01,127,,1098,4,386.07,5,Gift Card,EMP-005
TXN-003949,2024-05-05,116,,1042,1,1138.58,5,Credit Card,EMP-070
TXN-003950,2024-12-22,116,5122,1049,1,1328.77,0,Credit Card,EMP-015
TXN-003951,2024-09-17,133,5128,1068,5,1117.15,15,Cash,EMP-067
TXN-003952,2024-09-12,110,5182,1082,5,96.6,20,Credit Card,EMP-044
TXN-003953,2024-02-08,117,5479,1071,3,696.69,25,Gift Card,EMP-028
TXN-003954,2024-06-11,135,5450,1019,2,839.63,25,Credit Card,EMP-031
TXN-003955,2024-06-17,140,5467,1090,4,420.64,5,Debit Card,EMP-070
TXN-003956,2024-12-30,135,5381,1207,4,483.36,10,Credit Card,EMP-060
TXN-003957,2024-11-30,125,5349,1137,1,1064.47,0,Gift Card,EMP-079
TXN-003958,2024-10-25,109,5221,1029,3,896.88,20,Gift Card,EMP-040
TXN-003959,2024-11-20,113,5303,1121,4,861.83,10,Debit Card,EMP-056
TXN-003960,2024-09-25,138,,1221,4,876.27,5,Mobile Pay,EMP-062
TXN-003961,2024-10-16,106,5024,1187,1,699.06,0,Mobile Pay,EMP-010
TXN-003962,2024-11-06,121,5317,1195,2,300.63,0,Debit Card,EMP-070
TXN-003963,2024-12-04,150,5063,1117,3,14.28,0,Gift Card,EMP-006
TXN-003964,2024-11-20,111,5195,1071,3,1269.09,10,Mobile Pay,EMP-024
TXN-003965,2024-03-18,114,5208,1010,2,521.03,5,Cash,EMP-005
TXN-003966,2024-09-24,109,5196,1040,3,195.13,5,Gift Card,EMP-012
TXN-003967,2024-05-21,121,5160,1004,5,482.51,10,Credit Card,EMP-036
TXN-003968,2024-03-22,113,5152,1016,3,532.51,0,Mobile Pay,EMP-036
TXN-003969,2024-07-07,148,5108,1004,2,763.42,0,Gift Card,EMP-007
TXN-003970,2024-10-26,130,5405,1164,1,845.73,0,Cash,EMP-035
TXN-003971,2024-01-03,140,5012,1078,1,410.0,25,Mobile Pay,EMP-013
TXN-003972,2024-12-08,145,5359,1143,2,280.66,0,Mobile Pay,EMP-061
TXN-003973,2024-11-18,117,5175,1165,4,93.69,20,Credit Card,EMP-057
TXN-003974,2024-03-06,121,5172,1114,3,251.47,0,Cash,EMP-060
TXN-003975,2024-02-19,122,5054,1047,2,1222.76,5,Gift Card,EMP-017
TXN-003976,2024-11-06,109,5426,1069,1,544.96,15,Credit Card,EMP-013
TXN-003977,2024-04-16,116,5325,1227,5,664.91,0,Mobile Pay,EMP-021
TXN-003978,2024-08-29,142,5313,1159,3,1324.33,0,Cash,EMP-058
TXN-003979,2024-08-30,105,5289,1049,2,703.17,0,Debit Card,EMP-058
TXN-003980,2024-02-27,129,,1177,3,465.74,5,Gift Card,EMP-047
TXN-003981,2024-06-10,119,,1119,2,651.34,0,Credit Card,EMP-054
TXN-003982,2024-12-10,146,,1048,4,1014.78,15,Gift Card,EMP-012
TXN-003983,2024-01-24,126,5097,1001,3,149.73,5,Mobile Pay,EMP-035
TXN-003984,2024-05-28,137,5398,1065,4,523.39,0,Cash,EMP-019
TXN-003985,2024-03-21,141,5003,1177,1,524.41,25,Debit Card,EMP-022
TXN-003986,2024-08-14,130,5080,1102,5,681.3,0,Gift Card,EMP-058
TXN-003987,2024-10-06,139,,1082,2,124.24,5,Gift Card,EMP-048
TXN-003988,2024-04-21,104,5460,1011,4,429.7,5,Debit Card,EMP-044
TXN-003989,2024-09-20,129,5243,1188,3,129.11,10,Mobile Pay,EMP-048
TXN-003990,2024-10-09,120,5336,1106,4,604.25,0,Debit Card,EMP-038
TXN-003991,2024-05-20,146,5094,1206,3,603.6,20,Cash,EMP-053
TXN-003992,2024-09-27,119,5171,1073,4,497.9,5,Cash,EMP-016
TXN-003993,2024-08-26,105,5387,1081,5,846.31,15,Credit Card,EMP-064
TXN-003994,2024-07-21,137,5418,1146,3,434.75,20,Cash,EMP-053
TXN-003995,2024-01-07,115,5393,1011,2,916.47,25,Cash,EMP-020
TXN-003996,2024-04-03,117,5264,1146,2,489.32,0,Credit Card,EMP-073
TXN-003997,2024-03-22,106,,1048,3,1007.23,15,Cash,EMP-062
TXN-003998,2024-10-27,142,5232,1163,2,818.05,5,Mobile Pay,EMP-051
TXN-003999,2024-07-30,128,5479,1012,3,138.63,5,Credit Card,EMP-024
TXN-004000,2024-11-12,151,5112,1217,4,227.29,0,Debit Card,EMP-076
TXN-004001,2024-10-13,124,5102,1037,2,530.51,10,Debit Card,EMP-078
TXN-004002,2024-03-19,146,5044,1043,3,193.07,20,Debit Card,EMP-072
TXN-004003,2024-05-13,143,5330,1007,5,209.9,15,Debit Card,EMP-078
TXN-004004,2024-01-28,143,5108,1236,3,157.5,25,Mobile Pay,EMP-059
TXN-004005,2024-12-17,133,5224,1160,2,401.0,10,Cash,EMP-052
TXN-004006,2024-08-08,136,5352,1252,2,919.64,20,Credit Card,EMP-073
TXN-004007,2024-11-20,144,5081,1080,3,377.25,0,Gift Card,EMP-042
TXN-004008,2024-06-20,111,5218,1149,5,660.46,25,Debit Card,EMP-049
TXN-004009,2024-07-13,152,,1145,2,327.91,15,Mobile Pay,EMP-021
TXN-004010,2024-09-06,127,5423,1063,5,858.58,0,Mobile Pay,EMP-008
TXN-004011,2024-12-15,144,5344,1070,2,666.95,10,Cash,EMP-056
TXN-004012,2024-08-01,120,5479,1102,5,379.91,20,Credit Card,EMP-070
TXN-004013,2024-01-25,133,5086,1251,5,678.33,20,Gift Card,EMP-067
TXN-004014,2024-08-29,117,5139,1242,5,43.24,10,Credit Card,EMP-032
TXN-004015,2024-12-14,140,5465,1240,3,993.41,0,Gift Card,EMP-055
TXN-004016,2024-11-14,143,5117,1182,3,492.58,10,Credit Card,EMP-072
TXN-004017,2024-10-03,135,5051,1059,2,739.15,0,Credit Card,EMP-051
TXN-004018,2024-10-23,105,5299,1190,2,263.75,5,Mobile Pay,EMP-064
TXN-004019,2024-11-04,136,5312,1249,1,917.82,0,Debit Card,EMP-021
TXN-004020,2024-01-15,149,,1020,3,52.43,0,Credit Card,EMP-001
TXN-004021,2024-11-17,110,,1040,2,185.42,0,Debit Card,EMP-032
TXN-004022,2024-07-21,119,5034,1164,1,750.78,0,Credit Card,EMP-022
TXN-004023,2024-09-05,139,,1012,4,125.44,25,Debit Card,EMP-005
TXN-004024,2024-02-27,155,5459,1047,2,1000.29,0,Mobile Pay,EMP-063
TXN-004025,2024-11-21,101,5352,1082,1,99.14,0,Credit Card,EMP-075
TXN-004026,2024-11-23,122,5192,1193,2,321.51,0,Cash,EMP-040
TXN-004027,2024-09-28,133,5442,1062,4,731.04,0,Cash,EMP-010
TXN-004028,2024-06-09,108,5316,1073,1,429.81,25,Credit Card,EMP-071
TXN-004029,2024-08-19,112,,1003,1,532.18,10,Credit Card,EMP-006
TXN-004030,2024-11-15,101,5266,1061,5,294.28,5,Cash,EMP-073
TXN-004031,2024-11-24,125,5057,1030,1,523.28,0,Cash,EMP-077
TXN-004032,2024-12-29,115,5279,1055,2,641.01,15,Debit Card,EMP-058
TXN-004033,2024-07-15,111,5021,1042,1,797.68,5,Credit Card,EMP-013
TXN-004034,2024-08-11,134,5084,1120,2,301.87,0,Mobile Pay,EMP-064
TXN-004035,2024-12-13,129,5205,1007,5,143.0,0,Credit Card,EMP-056
TXN-004036,2024-08-27,109,5377,1204,5,903.3,0,Debit Card,EMP-041
TXN-004037,2024-02-19,149,5131,1086,2,53.89,20,Mobile Pay,EMP-030
TXN-004038,2024-01-09,106,5153,1044,4,452.73,15,Debit Card,EMP-003
TXN-004039,2024-05-24,105,5101,1243,5,74.26,10,Credit Card,EMP-008
TXN-004040,2024-12-06,101,5163,1088,5,124.74,10,Gift Card,EMP-041
TXN-004041,2024-03-24,104,5228,1141,2,505.77,25,Gift Card,EMP-033
TXN-004042,2024-08-11,101,,1116,5,371.14,5,Credit Card,EMP-058
TXN-004043,2024-07-20,133,5173,1070,2,780.06,15,Cash,EMP-001
TXN-004044,2024-02-13,142,5232,1128,5,1052.31,25,Debit Card,EMP-018
TXN-004045,2024-10-07,145,,1048,5,757.46,5,Debit Card,EMP-002
TXN-004046,2024-07-03,113,5423,1028,3,318.46,0,Mobile Pay,EMP-026
TXN-004047,2024-07-15,103,5305,1137,3,467.07,0,Debit Card,EMP-039
TXN-004048,2024-01-22,131,,1103,3,58.83,25,Credit Card,EMP-012
TXN-004049,2024-08-23,152,5180,1013,4,133.58,20,Gift Card,EMP-072
TXN-004050,2024-07-26,151,5083,1244,3,507.04,0,Mobile Pay,EMP-078
TXN-004051,2024-01-13,116,5041,1079,5,636.97,0,Gift Card,EMP-008
TXN-004052,2024-03-04,153,5140,1026,3,956.09,20,Mobile Pay,EMP-052
TXN-004053,2024-08-25,122,,1113,2,206.8,10,Gift Card,EMP-052
TXN-004054,2024-01-15,107,5404,1025,4,697.42,20,Cash,EMP-043
TXN-004055,2024-02-08,149,5238,1239,1,485.05,0,Debit Card,EMP-027
TXN-004056,2024-10-11,115,5490,1002,3,208.62,25,Gift Card,EMP-021
TXN-004057,2024-08-13,147,5097,1118,2,1186.81,0,Gift Card,EMP-046
TXN-004058,2024-11-21,134,5137,1151,5,872.18,25,Debit Card,EMP-047
TXN-004059,2024-12-28,111,5490,1129,5,303.09,5,Debit Card,EMP-044
TXN-004060,2024-12-24,145,5083,1121,3,1234.94,0,Gift Card,EMP-032
TXN-004061,2024-10-21,139,5365,1129,5,277.61,10,Mobile Pay,EMP-037
TXN-004062,2024-09-30,138,5127,1074,5,199.75,5,Cash,EMP-051
TXN-004063,2024-12-12,136,5039,1089,5,106.79,20,Mobile Pay,EMP-052
TXN-004064,2024-03-26,115,5170,1202,2,1353.66,10,Credit Card,EMP-050
TXN-004065,2024-11-18,128,,1041,2,334.83,5,Cash,EMP-008
TXN-004066,2024-02-29,124,,1068,4,1136.03,5,Cash,EMP-044
TXN-004067,2024-03-31,152,5087,1249,5,973.85,20,Debit Card,EMP-028
TXN-004068,2024-04-09,124,5136,1094,3,417.88,0,Cash,EMP-027
TXN-004069,2024-05-18,105,,1224,1,263.27,25,Cash,EMP-034
TXN-004070,2024-10-21,142,5244,1068,3,802.94,0,Credit Card,EMP-071
TXN-004071,2024-09-29,120,5393,1184,4,684.96,5,Gift Card,EMP-015
TXN-004072,2024-07-06,127,,1020,3,41.26,25,Gift Card,EMP-023
TXN-004073,2024-05-08,133,5305,1170,4,497.78,0,Cash,EMP-057
TXN-004074,2024-04-14,134,5316,1083,4,340.45,15,Gift Card,EMP-016
TXN-004075,2024-07-03,121,,1062,1,1203.35,10,Cash,EMP-010
TXN-004076,2024-09-27,112,5291,1057,2,1048.63,0,Cash,EMP-060
TXN-004077,2024-10-12,102,5039,1044,5,500.81,0,Debit Card,EMP-033
TXN-004078,2024-07-26,131,5380,1251,5,627.34,20,Debit Card,EMP-040
TXN-004079,2024-04-15,118,5036,1191,4,203.94,0,Mobile Pay,EMP-054
TXN-004080,2024-10-29,152,,1100,5,139.16,20,Debit Card,EMP-058
TXN-004081,2024-06-07,155,5409,1156,1,216.06,25,Gift Card,EMP-005
TXN-004082,2024-07-16,150,,1087,3,488.02,25,Credit Card,EMP-045
TXN-004083,2024-10-24,101,5163,1003,2,511.56,5,Credit Card,EMP-054
TXN-004084,2024-01-23,131,5095,1001,2,170.57,20,Gift Card,EMP-030
TXN-004085,2024-11-23,126,5283,1035,1,281.79,10,Gift Card,EMP-071
TXN-004086,2024-05-31,126,5316,1037,4,698.75,25,Gift Card,EMP-034
TXN-004087,2024-03-24,106,5146,1009,3,410.49,10,Debit Card,EMP-033
TXN-004088,2024-07-19,111,5250,1004,2,700.1,20,Credit Card,EMP-046
TXN-004089,2024-10-23,121,5431,1095,5,651.83,10,Mobile Pay,EMP-042
TXN-004090,2024-12-03,132,5385,1121,5,1081.03,0,Gift Card,EMP-030
TXN-004091,2024-01-15,143,5240,1088,5,176.31,5,Mobile Pay,EMP-057
TXN-004092,2024-08-10,103,5051,1005,3,105.04,5,Gift Card,EMP-035
TXN-004093,2024-12-10,118,,1138,2,491.1,0,Debit Card,EMP-044
TXN-004094,2024-08-10,123,,1190,5,212.92,20,Gift Card,EMP-050
TXN-004095,2024-08-05,123,5108,1184,3,483.43,25,Mobile Pay,EMP-003
TXN-004096,2024-09-05,104,5044,1084,1,1177.31,10,Debit Card,EMP-050
TXN-004097,2024-03-25,119,5335,1170,1,379.43,0,Debit Card,EMP-036
TXN-004098,2024-06-25,139,5402,1150,2,762.62,15,Mobile Pay,EMP-048
TXN-004099,2024-05-03,131,5125,1087,4,595.3,15,Credit Card,EMP-058
TXN-004100,2024-08-01,121,5396,1236,4,175.17,5,Mobile Pay,EMP-033
TXN-004101,2024-10-13,148,5372,1208,2,1144.84,15,Credit Card,EMP-022
TXN-004102,2024-03-28,154,5282,1242,3,26.2,20,Mobile Pay,EMP-076
TXN-004103,2024-11-23,150,5166,1014,2,246.29,0,Mobile Pay,EMP-076
TXN-004104,2024-11-20,149,5351,1233,4,408.2,15,Debit Card,EMP-027
TXN-004105,2024-11-15,137,5299,1102,5,572.32,0,Debit Card,EMP-008
TXN-004106,2024-04-24,101,5224,1171,1,769.41,10,Credit Card,EMP-044
TXN-004107,2024-10-19,110,,1183,4,209.49,15,Mobile Pay,EMP-041
TXN-004108,2024-04-23,113,5362,1215,5,110.0,25,Mobile Pay,EMP-032
TXN-004109,2024-06-19,109,5159,1042,4,994.91,0,Credit Card,EMP-035
TXN-004110,2024-01-31,151,,1131,2,586.07,5,Cash,EMP-053
TXN-004111,2024-02-09,113,5253,1018,4,597.97,0,Gift Card,EMP-023
TXN-004112,2024-11-29,154,5457,1098,2,412.79,5,Gift Card,EMP-006
TXN-004113,2024-05-26,106,5246,1027,4,908.0,0,Debit Card,EMP-026
TXN-004114,2024-12-12,119,5149,1060,1,79.09,10,Debit Card,EMP-054
TXN-004115,2024-11-30,112,,1206,1,849.88,5,Credit Card,EMP-029
TXN-004116,2024-08-29,111,,1234,1,624.47,0,Gift Card,EMP-031
TXN-004117,2024-07-31,132,5211,1125,4,383.7,25,Mobile Pay,EMP-031
TXN-004118,2024-08-01,123,5159,1088,3,257.33,10,Cash,EMP-080
TXN-004119,2024-01-30,140,5056,1054,3,753.8,10,Debit Card,EMP-046
TXN-004120,2024-02-26,140,,1028,2,660.11,15,Cash,EMP-027
TXN-004121,2024-04-30,109,5384,1211,2,315.59,5,Debit Card,EMP-011
TXN-004122,2024-04-15,142,5159,1094,5,499.28,15,Cash,EMP-004
TXN-004123,2024-08-25,109,5221,1006,4,441.73,0,Mobile Pay,EMP-057
TXN-004124,2024-05-24,148,5063,1184,3,547.99,10,Gift Card,EMP-062
TXN-004125,2024-08-11,119,5215,1041,5,358.37,5,Cash,EMP-018
TXN-004126,2024-08-20,116,5232,1179,1,929.49,0,Gift Card,EMP-037
TXN-004127,2024-01-28,111,5470,1112,3,358.79,0,Credit Card,EMP-021
TXN-004128,2024-04-27,140,5259,1190,2,450.49,25,Mobile Pay,EMP-015
TXN-004129,2024-03-23,150,5271,1096,5,420.45,0,Gift Card,EMP-076
TXN-004130,2024-06-02,144,5196,1213,3,334.77,0,Gift Card,EMP-036
TXN-004131,2024-06-09,120,5150,1215,4,119.84,10,Cash,EMP-019
TXN-004132,2024-05-01,105,,1212,3,317.31,0,Cash,EMP-020
TXN-004133,2024-09-26,132,5130,1097,1,969.88,0,Gift Card,EMP-076
TXN-004134,2024-08-28,103,5391,1196,1,210.45,10,Mobile Pay,EMP-058
TXN-004135,2024-01-23,128,5116,1192,4,224.47,0,Cash,EMP-006
TXN-004136,2024-03-06,152,,1233,3,567.42,0,Mobile Pay,EMP-062
TXN-004137,2024-12-30,145,5138,1009,4,384.09,0,Debit Card,EMP-014
TXN-004138,2024-07-30,132,5382,1026,5,510.52,0,Credit Card,EMP-050
TXN-004139,2024-05-17,123,5249,1090,3,295.27,0,Gift Card,EMP-026
TXN-004140,2024-03-05,133,5351,1195,3,509.43,0,Cash,EMP-007
TXN-004141,2024-08-04,105,5260,1233,3,752.17,15,Mobile Pay,EMP-015
TXN-004142,2024-12-20,106,5213,1084,4,803.19,20,Gift Card,EMP-075
TXN-004143,2024-06-03,148,5478,1251,2,460.71,20,Cash,EMP-053
TXN-004144,2024-11-23,108,5160,1004,4,539.56,0,Credit Card,EMP-029
TXN-004145,2024-04-16,109,5095,1151,3,665.87,15,Credit Card,EMP-066
TXN-004146,2024-03-17,109,5303,1096,1,368.01,0,Mobile Pay,EMP-073
TXN-004147,2024-08-18,149,5429,1217,4,280.64,25,Gift Card,EMP-039
TXN-004148,2024-09-26,139,5321,1124,4,594.48,5,Credit Card,EMP-074
TXN-004149,2024-08-05,141,5253,1239,1,275.99,10,Debit Card,EMP-050
TXN-004150,2024-10-19,123,5390,1225,5,1152.18,0,Mobile Pay,EMP-033
TXN-004151,2024-03-09,131,,1061,3,149.2,20,Gift Card,EMP-002
TXN-004152,2024-02-26,139,5385,1125,1,291.49,20,Debit Card,EMP-060
TXN-004153,2024-12-15,123,5341,1167,2,271.97,20,Credit Card,EMP-054
TXN-004154,2024-03-17,127,5178,1045,4,299.92,5,Cash,EMP-063
TXN-004155,2024-08-20,150,5085,1096,5,366.86,10,Credit Card,EMP-001
TXN-004156,2024-06-01,114,5018,1226,2,455.69,25,Debit Card,EMP-003
TXN-004157,2024-04-21,146,5089,1193,4,180.39,10,Mobile Pay,EMP-027
TXN-004158,2024-06-15,154,5174,1033,4,265.97,0,Credit Card,EMP-072
TXN-004159,2024-09-20,116,,1177,5,521.71,0,Mobile Pay,EMP-075
TXN-004160,2024-06-17,143,5071,1130,1,864.22,15,Debit Card,EMP-009
TXN-004161,2024-12-29,149,5257,1027,1,500.94,25,Mobile Pay,EMP-078
TXN-004162,2024-01-16,125,5217,1208,4,1298.25,5,Mobile Pay,EMP-079
TXN-004163,2024-06-04,116,,1123,2,535.29,20,Cash,EMP-075
TXN-004164,2024-09-20,132,5350,1072,5,117.17,0,Debit Card,EMP-077
TXN-004165,2024-05-22,124,5251,1253,2,870.77,15,Debit Card,EMP-014
TXN-004166,2024-12-03,109,5175,1052,4,339.69,15,Mobile Pay,EMP-058
TXN-004167,2024-02-20,152,,1150,2,1031.07,0,Cash,EMP-052
TXN-004168,2024-09-13,109,5034,1117,4,21.14,15,Debit Card,EMP-037
TXN-004169,2024-11-14,123,5256,1075,2,22.53,5,Gift Card,EMP-065
TXN-004170,2024-03-27,108,5167,1233,3,325.2,25,Mobile Pay,EMP-064
TXN-004171,2024-07-30,106,5371,1069,4,799.51,15,Mobile Pay,EMP-053
TXN-004172,2024-06-26,109,5490,1036,4,160.12,0,Gift Card,EMP-042
TXN-004173,2024-12-02,102,5417,1069,2,885.89,10,Gift Card,EMP-034
TXN-004174,2024-10-24,153,5381,1200,3,698.73,15,Mobile Pay,EMP-062
TXN-004175,2024-07-28,135,5121,1222,5,820.04,20,Cash,EMP-044
TXN-004176,2024-01-09,146,5017,1199,5,986.04,0,Cash,EMP-077
TXN-004177,2024-06-26,110,5096,1185,2,632.0,15,Gift Card,EMP-025
TXN-004178,2024-07-15,150,,1207,3,265.43,0,Debit Card,EMP-059
TXN-004179,2024-01-16,143,5167,1107,2,73.0,20,Credit Card,EMP-068
TXN-004180,2024-09-09,101,5069,1137,2,474.13,0,Debit Card,EMP-028
TXN-004181,2024-10-08,101,5080,1241,5,284.21,20,Mobile Pay,EMP-062
TXN-004182,2024-08-07,113,5008,1251,4,575.4,5,Cash,EMP-033
TXN-004183,2024-09-14,131,5215,1058,1,1419.72,25,Credit Card,EMP-075
TXN-004184,2024-11-18,121,5438,1179,4,402.48,10,Debit Card,EMP-076
TXN-004185,2024-07-27,153,5200,1126,4,968.18,5,Gift Card,EMP-032
TXN-004186,2024-02-08,148,5302,1101,3,800.54,10,Mobile Pay,EMP-071
TXN-004187,2024-11-30,143,5367,1137,1,777.77,15,Gift Card,EMP-065
TXN-004188,2024-08-07,114,5169,1137,1,529.65,0,Gift Card,EMP-023
TXN-004189,2024-08-04,118,,1215,4,125.15,0,Credit Card,EMP-073
TXN-004190,2024-06-16,106,,1133,3,585.98,20,Credit Card,EMP-041
TXN-004191,2024-11-07,102,5020,1202,1,936.81,0,Credit Card,EMP-058
TXN-004192,2024-04-17,129,5200,1133,2,956.87,10,Mobile Pay,EMP-037
TXN-004193,2024-05-04,137,5419,1217,1,213.32,10,Credit Card,EMP-027
TXN-004194,2024-02-24,132,5193,1148,1,810.65,5,Debit Card,EMP-014
TXN-004195,2024-04-12,143,5477,1246,5,382.54,10,Debit Card,EMP-046
TXN-004196,2024-11-18,142,5298,1018,1,385.78,5,Cash,EMP-077
TXN-004197,2024-06-02,143,5085,1221,5,1205.2,10,Credit Card,EMP-024
TXN-004198,2024-06-09,138,5420,1145,1,257.97,5,Debit Card,EMP-032
TXN-004199,2024-10-12,125,5239,1139,4,149.59,0,Mobile Pay,EMP-022
TXN-004200,2024-09-25,105,5428,1148,2,1085.95,10,Credit Card,EMP-028
TXN-004201,2024-10-15,135,5111,1157,4,308.28,10,Cash,EMP-025
TXN-004202,2024-01-11,111,5122,1136,5,676.13,5,Gift Card,EMP-058
TXN-004203,2024-12-27,133,5124,1003,2,563.43,0,Mobile Pay,EMP-016
TXN-004204,2024-06-27,121,,1239,1,302.15,5,Debit Card,EMP-014
TXN-004205,2024-02-09,129,5174,1209,4,466.0,20,Mobile Pay,EMP-064
TXN-004206,2024-02-06,153,5447,1152,5,581.4,0,Credit Card,EMP-030
TXN-004207,2024-01-31,121,5227,1236,4,106.88,10,Credit Card,EMP-046
TXN-004208,2024-09-14,154,5347,1160,1,823.85,5,Mobile Pay,EMP-002
TXN-004209,2024-07-12,142,5304,1113,2,220.69,10,Gift Card,EMP-061
TXN-004210,2024-12-05,130,5384,1238,1,166.3,5,Mobile Pay,EMP-037
TXN-004211,2024-10-22,124,5357,1216,1,378.61,10,Cash,EMP-030
TXN-004212,2024-08-19,120,5368,1092,3,77.44,0,Cash,EMP-018
TXN-004213,2024-08-02,104,5495,1168,1,531.94,15,Credit Card,EMP-014
TXN-004214,2024-02-27,151,5127,1081,2,1021.68,15,Credit Card,EMP-041
TXN-004215,2024-08-23,142,5018,1110,3,534.79,0,Mobile Pay,EMP-069
TXN-004216,2024-01-05,114,5376,1249,1,806.21,5,Cash,EMP-056
TXN-004217,2024-06-14,133,5163,1180,4,445.4,0,Debit Card,EMP-039
TXN-004218,2024-06-25,150,5105,1097,5,725.56,0,Debit Card,EMP-039
TXN-004219,2024-11-15,150,,1249,3,981.48,25,Credit Card,EMP-044
TXN-004220,2024-02-09,131,5369,1082,5,142.38,0,Mobile Pay,EMP-025
TXN-004221,2024-10-01,111,5411,1140,3,27.71,0,Mobile Pay,EMP-012
TXN-004222,2024-07-12,150,5199,1029,2,828.56,20,Gift Card,EMP-060
TXN-004223,2024-05-08,114,5487,1124,4,520.94,0,Debit Card,EMP-072
TXN-004224,2024-06-25,129,5387,1167,2,660.47,20,Gift Card,EMP-013
TXN-004225,2024-10-19,140,,1223,2,297.78,0,Gift Card,EMP-036
TXN-004226,2024-02-16,145,5477,1198,2,867.09,0,Gift Card,EMP-001
TXN-004227,2024-07-19,147,5128,1048,1,624.47,15,Cash,EMP-044
TXN-004228,2024-07-07,121,5084,1072,5,85.41,5,Credit Card,EMP-034
TXN-004229,2024-01-02,102,5115,1014,2,512.08,0,Gift Card,EMP-020
TXN-004230,2024-08-08,140,5445,1122,1,128.23,10,Mobile Pay,EMP-075
TXN-004231,2024-10-06,154,5218,1244,5,615.91,20,Debit Card,EMP-012
TXN-004232,2024-04-09,134,5030,1038,4,975.54,0,Gift Card,EMP-053
TXN-004233,2024-10-01,120,5107,1081,4,766.8,20,Credit Card,EMP-068
TXN-004234,2024-10-02,124,5435,1045,5,306.29,25,Debit Card,EMP-067
TXN-004235,2024-11-02,143,5239,1203,2,168.41,20,Debit Card,EMP-010
TXN-004236,2024-07-22,125,5150,1052,1,376.38,0,Mobile Pay,EMP-021
TXN-004237,2024-07-20,116,5007,1248,2,1330.38,20,Cash,EMP-078
TXN-004238,2024-01-26,143,5453,1132,4,685.33,10,Gift Card,EMP-011
TXN-004239,2024-11-19,155,5130,1024,2,169.27,0,Debit Card,EMP-013
TXN-004240,2024-02-01,127,,1183,2,452.48,20,Mobile Pay,EMP-023
TXN-004241,2024-03-14,105,5156,1135,3,11.45,0,Gift Card,EMP-043
TXN-004242,2024-08-20,110,5193,1158,2,476.48,15,Credit Card,EMP-014
TXN-004243,2024-11-20,103,5040,1001,4,127.47,20,Credit Card,EMP-008
TXN-004244,2024-04-03,127,,1222,5,815.7,0,Credit Card,EMP-057
TXN-004245,2024-05-14,141,5424,1157,5,275.48,0,Mobile Pay,EMP-018
TXN-004246,2024-06-08,125,,1072,4,86.36,10,Cash,EMP-061
TXN-004247,2024-04-23,123,5220,1218,1,556.16,0,Cash,EMP-020
TXN-004248,2024-04-18,148,5136,1199,3,837.12,0,Mobile Pay,EMP-010
TXN-004249,2024-02-04,111,5387,1165,5,168.06,15,Credit Card,EMP-022
TXN-004250,2024-05-04,148,5327,1170,1,625.94,20,Mobile Pay,EMP-057
TXN-004251,2024-02-18,143,5113,1065,2,720.72,0,Mobile Pay,EMP-011
TXN-004252,2024-05-10,148,5130,1117,1,21.48,0,Gift Card,EMP-071
TXN-004253,2024-12-21,111,5091,1043,1,145.39,0,Gift Card,EMP-071
TXN-004254,2024-02-06,138,5260,1092,3,78.56,0,Credit Card,EMP-057
TXN-004255,2024-07-19,127,5080,1141,5,353.9,20,Debit Card,EMP-043
TXN-004256,2024-01-24,148,,1218,2,370.04,0,Cash,EMP-077
TXN-004257,2024-02-02,116,5027,1060,2,168.87,15,Credit Card,EMP-022
TXN-004258,2024-09-06,116,5403,1065,5,756.21,5,Gift Card,EMP-037
TXN-004259,2024-05-31,144,5498,1013,2,142.62,25,Mobile Pay,EMP-046
TXN-004260,2024-05-11,154,5079,1054,5,1038.2,15,Gift Card,EMP-003
TXN-004261,2024-04-07,117,5327,1058,1,1418.35,10,Gift Card,EMP-053
TXN-004262,2024-12-01,133,5023,1063,3,989.14,0,Cash,EMP-008
TXN-004263,2024-05-19,107,5338,1240,3,908.37,0,Cash,EMP-016
TXN-004264,2024-10-12,107,5087,1033,1,310.85,0,Mobile Pay,EMP-033
TXN-004265,2024-05-27,107,5290,1066,1,177.55,25,Credit Card,EMP-063
TXN-004266,2024-05-08,146,,1219,3,585.7,15,Mobile Pay,EMP-068
TXN-004267,2024-12-13,134,5485,1228,4,519.84,15,Mobile Pay,EMP-027
TXN-004268,2024-09-02,125,5207,1076,1,308.29,25,Debit Card,EMP-029
TXN-004269,2024-07-20,151,5435,1097,4,1165.24,10,Credit Card,EMP-019
TXN-004270,2024-01-04,128,,1143,5,257.87,5,Gift Card,EMP-020
TXN-004271,2024-07-01,138,5347,1216,3,533.92,0,Cash,EMP-028
TXN-004272,2024-10-24,102,,1064,2,995.83,20,Gift Card,EMP-043
TXN-004273,2024-09-04,128,,1250,4,175.6,10,Gift Card,EMP-007
TXN-004274,2024-04-21,131,5204,1171,5,914.72,0,Mobile Pay,EMP-041
TXN-004275,2024-03-17,122,5127,1067,2,579.36,25,Mobile Pay,EMP-035
TXN-004276,2024-03-21,149,5117,1157,5,310.75,5,Credit Card,EMP-027
TXN-004277,2024-11-15,109,5187,1196,4,299.75,0,Gift Card,EMP-069
TXN-004278,2024-06-26,130,5428,1049,2,675.76,10,Credit Card,EMP-012
TXN-004279,2024-02-13,147,5427,1066,3,200.8,25,Cash,EMP-035
TXN-004280,2024-09-07,130,5438,1052,1,553.2,10,Gift Card,EMP-079
TXN-004281,2024-01-21,139,5034,1148,3,1116.42,15,Mobile Pay,EMP-044
TXN-004282,2024-10-21,107,5197,1123,1,1025.29,5,Cash,EMP-003
TXN-004283,2024-06-24,155,5277,1121,5,691.21,0,Credit Card,EMP-067
TXN-004284,2024-01-11,121,5254,1076,4,314.6,10,Debit Card,EMP-005
TXN-004285,2024-08-30,144,5053,1220,5,1036.58,25,Mobile Pay,EMP-009
TXN-004286,2024-12-12,107,5301,1185,4,646.25,15,Gift Card,EMP-060
TXN-004287,2024-04-02,108,5035,1060,1,117.02,10,Gift Card,EMP-043
TXN-004288,2024-08-13,108,5477,1143,2,528.85,20,Cash,EMP-062
TXN-004289,2024-12-21,110,,1041,5,562.95,0,Debit Card,EMP-063
TXN-004290,2024-10-14,142,5187,1160,2,759.37,10,Gift Card,EMP-075
TXN-004291,2024-02-02,134,,1160,3,897.45,0,Cash,EMP-072
TXN-004292,2024-06-20,104,5116,1225,3,796.03,5,Mobile Pay,EMP-054
TXN-004293,2024-04-14,132,5206,1032,1,438.37,25,Credit Card,EMP-056
TXN-004294,2024-11-14,155,5472,1214,1,284.23,10,Cash,EMP-001
TXN-004295,2024-01-03,129,5401,1016,3,931.45,20,Credit Card,EMP-020
TXN-004296,2024-05-02,147,,1199,4,1073.62,10,Credit Card,EMP-057
TXN-004297,2024-11-06,111,5379,1125,2,227.65,15,Cash,EMP-020
TXN-004298,2024-08-20,146,5301,1237,4,46.96,0,Cash,EMP-015
TXN-004299,2024-11-24,127,5415,1236,4,164.1,15,Cash,EMP-058
TXN-004300,2024-07-06,145,5286,1131,2,900.21,25,Credit Card,EMP-008
TXN-004301,2024-12-24,110,5356,1083,3,330.06,0,Mobile Pay,EMP-064
TXN-004302,2024-08-23,101,5205,1031,1,261.01,25,Cash,EMP-029
TXN-004303,2024-12-24,123,5080,1006,4,503.87,0,Credit Card,EMP-038
TXN-004304,2024-03-02,155,5203,1052,4,647.6,25,Cash,EMP-019
TXN-004305,2024-09-02,129,5079,1199,5,1170.72,25,Credit Card,EMP-057
TXN-004306,2024-08-08,151,5210,1055,3,1068.55,0,Mobile Pay,EMP-021
TXN-004307,2024-10-18,119,,1185,2,754.74,0,Mobile Pay,EMP-053
TXN-004308,2024-08-24,129,5434,1102,1,394.74,0,Cash,EMP-040
TXN-004309,2024-05-06,137,5118,1244,1,434.46,15,Gift Card,EMP-040
TXN-004310,2024-08-03,127,,1070,1,912.91,10,Mobile Pay,EMP-060
TXN-004311,2024-09-19,114,,1041,4,762.9,0,Mobile Pay,EMP-014
TXN-004312,2024-06-12,153,5339,1182,2,727.03,20,Credit Card,EMP-031
TXN-004313,2024-05-11,115,5241,1008,1,523.75,0,Debit Card,EMP-008
TXN-004314,2024-12-30,121,5496,1111,3,555.8,0,Cash,EMP-030
TXN-004315,2024-11-21,108,5333,1046,4,220.05,10,Debit Card,EMP-043
TXN-004316,2024-04-24,128,5381,1180,1,510.4,25,Gift Card,EMP-002
TXN-004317,2024-07-06,134,5495,1142,1,609.9,15,Mobile Pay,EMP-029
TXN-004318,2024-04-05,155,5227,1030,5,551.05,20,Cash,EMP-046
TXN-004319,2024-06-19,108,5161,1214,1,320.24,25,Credit Card,EMP-045
TXN-004320,2024-12-06,111,,1094,5,611.75,15,Credit Card,EMP-072
TXN-004321,2024-07-23,106,5148,1137,2,776.13,5,Cash,EMP-076
TXN-004322,2024-10-25,128,5301,1215,2,122.62,15,Gift Card,EMP-051
TXN-004323,2024-11-01,102,5220,1039,1,1246.54,20,Debit Card,EMP-043
TXN-004324,2024-12-06,152,,1089,5,97.69,25,Cash,EMP-010
TXN-004325,2024-10-26,122,5301,1052,2,471.65,0,Debit Card,EMP-059
TXN-004326,2024-04-11,122,5444,1069,5,922.48,0,Credit Card,EMP-080
TXN-004327,2024-09-09,118,,1109,4,309.32,0,Mobile Pay,EMP-036
TXN-004328,2024-12-15,145,,1097,4,620.57,15,Debit Card,EMP-020
TXN-004329,2024-03-13,150,5462,1033,4,298.15,0,Gift Card,EMP-013
TXN-004330,2024-01-02,138,5085,1028,4,394.12,0,Gift Card,EMP-072
TXN-004331,2024-10-01,143,5307,1070,3,417.64,5,Mobile Pay,EMP-039
TXN-004332,2024-10-10,153,5372,1171,1,930.16,0,Mobile Pay,EMP-066
TXN-004333,2024-02-26,147,5004,1125,1,391.76,0,Cash,EMP-066
TXN-004334,2024-10-04,155,5168,1207,5,490.21,0,Gift Card,EMP-016
TXN-004335,2024-05-17,102,5429,1005,3,79.47,0,Gift Card,EMP-015
TXN-004336,2024-12-21,146,5485,1185,2,923.97,15,Gift Card,EMP-056
TXN-004337,2024-10-29,150,5054,1152,2,510.06,0,Credit Card,EMP-053
TXN-004338,2024-12-25,109,5455,1107,1,85.9,0,Cash,EMP-056
TXN-004339,2024-08-17,108,5258,1213,2,286.97,15,Gift Card,EMP-068
TXN-004340,2024-04-07,153,,1102,3,710.59,10,Gift Card,EMP-042
TXN-004341,2024-11-02,138,5441,1020,2,75.43,0,Debit Card,EMP-029
TXN-004342,2024-02-10,127,5189,1186,3,608.52,25,Credit Card,EMP-054
TXN-004343,2024-07-19,141,5262,1091,1,467.49,5,Credit Card,EMP-037
TXN-004344,2024-10-21,116,,1160,5,587.54,20,Cash,EMP-013
TXN-004345,2024-07-22,147,5073,1070,5,598.85,15,Debit Card,EMP-017
TXN-004346,2024-03-06,118,5075,1217,5,178.23,25,Mobile Pay,EMP-033
TXN-004347,2024-02-18,114,,1235,5,71.47,15,Cash,EMP-063
TXN-004348,2024-05-08,148,,1083,1,467.84,15,Gift Card,EMP-026
TXN-004349,2024-10-22,115,5265,1063,3,647.21,10,Cash,EMP-019
TXN-004350,2024-12-11,135,5289,1164,5,600.24,0,Gift Card,EMP-023
TXN-004351,2024-01-08,113,5313,1111,2,676.44,15,Gift Card,EMP-054
TXN-004352,2024-03-13,116,5071,1244,4,661.9,5,Credit Card,EMP-023
TXN-004353,2024-08-28,114,5272,1088,5,161.27,15,Cash,EMP-061
TXN-004354,2024-10-14,151,5082,1211,2,623.74,0,Credit Card,EMP-059
TXN-004355,2024-09-11,109,,1021,5,1192.43,10,Cash,EMP-003
TXN-004356,2024-03-09,118,5146,1192,4,147.76,5,Cash,EMP-028
TXN-004357,2024-05-22,145,5144,1025,2,1006.57,0,Credit Card,EMP-028
TXN-004358,2024-04-05,134,5423,1244,4,532.39,20,Mobile Pay,EMP-074
TXN-004359,2024-11-22,148,5249,1013,3,155.61,25,Mobile Pay,EMP-018
TXN-004360,2024-01-27,104,,1183,3,445.76,0,Gift Card,EMP-030
TXN-004361,2024-09-17,112,5285,1065,4,545.26,0,Credit Card,EMP-070
TXN-004362,2024-08-16,123,5385,1121,2,1092.16,5,Cash,EMP-019
TXN-004363,2024-03-09,109,5315,1084,2,684.0,10,Debit Card,EMP-047
TXN-004364,2024-09-09,117,5233,1123,3,710.68,25,Cash,EMP-007
TXN-004365,2024-03-25,123,5449,1028,2,557.68,0,Credit Card,EMP-037
TXN-004366,2024-09-26,146,,1080,4,472.58,5,Gift Card,EMP-030
TXN-004367,2024-10-25,135,5250,1212,5,269.63,10,Debit Card,EMP-003
TXN-004368,2024-12-07,145,5320,1074,5,241.6,5,Cash,EMP-065
TXN-004369,2024-10-31,125,5450,1080,5,479.07,5,Gift Card,EMP-023
TXN-004370,2024-09-26,110,5027,1088,3,163.18,10,Mobile Pay,EMP-011
TXN-004371,2024-08-02,119,5303,1183,4,372.59,25,Mobile Pay,EMP-068
TXN-004372,2024-12-06,134,5291,1204,4,443.75,5,Mobile Pay,EMP-011
TXN-004373,2024-04-25,150,5148,1223,3,431.72,0,Credit Card,EMP-015
TXN-004374,2024-12-30,141,5117,1144,3,811.55,0,Credit Card,EMP-080
TXN-004375,2024-05-23,109,5216,1118,4,789.33,5,Gift Card,EMP-075
TXN-004376,2024-07-13,137,5491,1227,5,1080.56,25,Mobile Pay,EMP-073
TXN-004377,2024-02-13,152,5078,1182,2,569.49,0,Credit Card,EMP-071
TXN-004378,2024-11-26,148,,1032,3,252.81,0,Gift Card,EMP-053
TXN-004379,2024-12-07,106,5163,1107,3,87.83,25,Cash,EMP-076
TXN-004380,2024-06-23,149,5386,1028,1,387.22,20,Mobile Pay,EMP-013
TXN-004381,2024-11-19,143,5007,1179,5,872.81,0,Credit Card,EMP-034
TXN-004382,2024-11-19,112,5460,1241,3,238.37,0,Debit Card,EMP-062
TXN-004383,2024-12-10,145,5368,1231,5,204.09,20,Mobile Pay,EMP-045
TXN-004384,2024-12-26,113,5264,1169,1,187.63,15,Credit Card,EMP-059
TXN-004385,2024-03-04,112,5032,1151,2,752.71,10,Debit Card,EMP-031
TXN-004386,2024-06-16,129,5345,1060,4,175.08,25,Mobile Pay,EMP-028
TXN-004387,2024-05-08,152,5198,1232,3,1150.39,25,Cash,EMP-007
TXN-004388,2024-04-15,138,5331,1171,4,478.58,0,Cash,EMP-001
TXN-004389,2024-08-28,141,5351,1234,2,585.6,0,Mobile Pay,EMP-011
TXN-004390,2024-12-04,126,5135,1148,4,854.77,20,Gift Card,EMP-064
TXN-004391,2024-12-08,148,5459,1070,1,671.09,25,Credit Card,EMP-022
TXN-004392,2024-05-28,143,5256,1197,2,327.46,0,Debit Card,EMP-020
TXN-004393,2024-06-27,137,5433,1194,3,661.84,0,Cash,EMP-042
TXN-004394,2024-09-29,114,5250,1115,3,814.47,0,Mobile Pay,EMP-072
TXN-004395,2024-02-17,145,5267,1192,2,101.3,10,Mobile Pay,EMP-050
TXN-004396,2024-05-17,105,5494,1243,2,77.16,20,Credit Card,EMP-034
TXN-004397,2024-11-08,126,5336,1179,2,785.3,0,Gift Card,EMP-051
TXN-004398,2024-03-31,145,5201,1221,3,1387.59,10,Debit Card,EMP-075
TXN-004399,2024-01-20,122,5428,1150,4,782.45,20,Debit Card,EMP-003
TXN-004400,2024-02-01,108,5364,1167,1,421.9,15,Credit Card,EMP-050
TXN-004401,2024-05-12,152,5379,1015,1,272.1,10,Gift Card,EMP-014
TXN-004402,2024-02-16,149,5442,1053,2,968.27,25,Debit Card,EMP-078
TXN-004403,2024-07-31,111,5321,1094,5,592.91,15,Gift Card,EMP-070
TXN-004404,2024-07-19,124,5171,1113,3,215.35,0,Mobile Pay,EMP-012
TXN-004405,2024-04-03,149,5311,1178,5,630.97,0,Cash,EMP-038
TXN-004406,2024-12-26,101,5244,1141,1,448.68,0,Gift Card,EMP-032
TXN-004407,2024-04-21,109,,1199,4,956.97,5,Mobile Pay,EMP-034
TXN-004408,2024-08-03,135,5388,1006,5,449.01,10,Credit Card,EMP-047
TXN-004409,2024-09-12,139,,1124,1,360.34,10,Debit Card,EMP-048
TXN-004410,2024-02-02,106,5385,1185,4,744.64,20,Cash,EMP-044
TXN-004411,2024-10-12,124,5188,1154,2,647.1,15,Gift Card,EMP-063
TXN-004412,2024-12-08,101,5099,1007,2,285.99,0,Gift Card,EMP-023
TXN-004413,2024-11-07,110,5486,1238,5,175.75,25,Gift Card,EMP-079
TXN-004414,2024-09-11,152,5179,1027,5,685.81,20,Cash,EMP-063
TXN-004415,2024-03-21,132,5377,1106,3,915.61,20,Cash,EMP-047
TXN-004416,2024-06-13,116,5266,1009,1,288.07,0,Credit Card,EMP-071
TXN-004417,2024-06-29,135,5025,1186,4,544.39,15,Mobile Pay,EMP-040
TXN-004418,2024-06-28,108,5277,1193,1,157.25,15,Gift Card,EMP-002
TXN-004419,2024-02-25,144,5455,1001,4,132.94,25,Gift Card,EMP-063
TXN-004420,2024-05-13,114,,1065,4,696.05,20,Mobile Pay,EMP-025
TXN-004421,2024-07-15,116,5169,1202,2,1074.96,5,Cash,EMP-057
TXN-004422,2024-08-14,113,5117,1071,4,1143.23,0,Debit Card,EMP-056
TXN-004423,2024-03-28,101,5176,1129,2,203.12,5,Mobile Pay,EMP-038
TXN-004424,2024-04-15,121,5147,1141,1,819.86,15,Debit Card,EMP-015
TXN-004425,2024-11-03,117,5001,1075,4,10.41,0,Mobile Pay,EMP-004
TXN-004426,2024-11-15,111,5218,1123,5,973.46,0,Cash,EMP-046
TXN-004427,2024-10-27,125,5209,1125,1,308.16,15,Gift Card,EMP-015
TXN-004428,2024-11-06,147,5248,1143,2,253.7,20,Mobile Pay,EMP-047
TXN-004429,2024-04-14,134,5179,1158,4,334.01,10,Gift Card,EMP-077
TXN-004430,2024-12-15,129,5185,1175,1,658.77,5,Credit Card,EMP-079
TXN-004431,2024-10-01,147,5405,1065,5,970.38,20,Credit Card,EMP-056
TXN-004432,2024-05-04,117,5245,1217,4,245.79,25,Mobile Pay,EMP-036
TXN-004433,2024-05-01,115,,1113,5,249.61,10,Gift Card,EMP-059
TXN-004434,2024-08-15,155,5402,1095,5,818.49,0,Gift Card,EMP-073
TXN-004435,2024-09-22,143,5445,1121,5,791.46,5,Debit Card,EMP-024
TXN-004436,2024-10-31,104,,1011,3,824.09,0,Cash,EMP-037
TXN-004437,2024-06-28,136,5164,1190,3,239.96,10,Credit Card,EMP-042
TXN-004438,2024-10-17,112,5473,1018,3,620.23,20,Debit Card,EMP-061
TXN-004439,2024-02-22,104,5126,1252,4,696.07,15,Debit Card,EMP-026
TXN-004440,2024-07-09,140,5188,1225,4,1121.9,15,Gift Card,EMP-070
TXN-004441,2024-01-11,112,5257,1147,1,846.66,20,Credit Card,EMP-068
TXN-004442,2024-09-07,131,5324,1144,5,935.86,0,Mobile Pay,EMP-025
TXN-004443,2024-08-26,131,5301,1219,4,681.21,5,Gift Card,EMP-066
TXN-004444,2024-05-06,137,5013,1223,4,384.11,25,Gift Card,EMP-042
TXN-004445,2024-06-20,144,5028,1250,3,107.44,10,Cash,EMP-006
TXN-004446,2024-08-15,140,5483,1181,1,416.56,0,Credit Card,EMP-057
TXN-004447,2024-11-09,126,5075,1060,3,149.67,0,Mobile Pay,EMP-067
TXN-004448,2024-03-22,140,5170,1089,3,128.05,0,Cash,EMP-055
TXN-004449,2024-09-12,138,5104,1031,5,156.48,25,Debit Card,EMP-036
TXN-004450,2024-11-22,151,5302,1081,5,888.95,25,Credit Card,EMP-065
TXN-004451,2024-12-09,121,5364,1129,2,252.46,0,Cash,EMP-026
TXN-004452,2024-07-19,134,5223,1087,2,928.37,15,Credit Card,EMP-059
TXN-004453,2024-12-23,113,,1250,1,109.48,20,Gift Card,EMP-054
TXN-004454,2024-08-17,107,,1047,3,567.61,20,Gift Card,EMP-032
TXN-004455,2024-10-10,131,5093,1116,5,420.98,15,Debit Card,EMP-058
TXN-004456,2024-10-18,119,5057,1225,5,1139.44,0,Cash,EMP-011
TXN-004457,2024-04-24,128,5445,1122,2,115.16,0,Gift Card,EMP-048
TXN-004458,2024-09-28,133,5349,1056,2,130.36,20,Gift Card,EMP-016
TXN-004459,2024-08-04,122,5217,1114,4,203.54,0,Mobile Pay,EMP-061
TXN-004460,2024-09-03,129,5182,1096,2,576.27,15,Cash,EMP-013
TXN-004461,2024-01-02,129,5342,1082,4,149.81,0,Cash,EMP-002
TXN-004462,2024-05-30,148,5411,1011,5,533.55,0,Credit Card,EMP-070
TXN-004463,2024-06-12,122,5108,1207,4,386.12,10,Cash,EMP-061
TXN-004464,2024-11-18,119,,1039,1,576.89,0,Cash,EMP-011
TXN-004465,2024-07-08,149,5479,1016,3,959.71,5,Credit Card,EMP-052
TXN-004466,2024-07-13,150,,1004,1,636.62,0,Cash,EMP-047
TXN-004467,2024-11-18,142,,1098,3,430.5,0,Cash,EMP-057
TXN-004468,2024-12-05,154,,1168,3,360.29,15,Gift Card,EMP-039
TXN-004469,2024-01-18,141,5066,1243,4,72.43,0,Mobile Pay,EMP-074
TXN-004470,2024-11-14,139,5158,1175,3,457.69,5,Cash,EMP-056
TXN-004471,2024-11-28,153,5332,1090,5,361.54,0,Debit Card,EMP-051
TXN-004472,2024-04-18,111,5071,1144,3,716.16,15,Cash,EMP-066
TXN-004473,2024-02-19,123,5120,1125,1,194.41,10,Debit Card,EMP-034
TXN-004474,2024-05-19,154,5322,1166,4,857.36,20,Debit Card,EMP-078
TXN-004475,2024-01-19,123,,1198,2,419.81,0,Cash,EMP-071
TXN-004476,2024-10-05,154,5084,1205,3,409.36,0,Cash,EMP-002
TXN-004477,2024-12-17,137,5026,1148,5,705.98,25,Debit Card,EMP-010
TXN-004478,2024-09-11,108,5495,1212,4,172.65,20,Gift Card,EMP-072
TXN-004479,2024-02-22,135,5320,1058,3,1339.35,20,Gift Card,EMP-014
TXN-004480,2024-12-13,125,5051,1047,3,943.71,15,Cash,EMP-053
TXN-004481,2024-07-16,123,5079,1040,2,211.84,20,Credit Card,EMP-017
TXN-004482,2024-08-13,150,5088,1104,2,546.68,15,Mobile Pay,EMP-075
TXN-004483,2024-06-07,104,,1126,5,800.57,25,Credit Card,EMP-060
TXN-004484,2024-04-28,132,5396,1167,1,352.92,20,Credit Card,EMP-036
TXN-004485,2024-03-29,154,5135,1098,3,422.24,25,Credit Card,EMP-054
TXN-004486,2024-06-19,124,5053,1010,2,1037.81,20,Cash,EMP-037
TXN-004487,2024-06-25,139,5073,1175,4,862.48,10,Cash,EMP-033
TXN-004488,2024-02-14,108,5452,1169,2,316.15,25,Gift Card,EMP-006
TXN-004489,2024-05-10,102,5069,1153,5,289.32,5,Gift Card,EMP-025
TXN-004490,2024-08-15,111,5376,1064,3,871.74,0,Mobile Pay,EMP-054
TXN-004491,2024-01-02,108,5346,1181,3,757.76,20,Cash,EMP-035
TXN-004492,2024-01-02,123,5097,1204,2,505.4,10,Debit Card,EMP-042
TXN-004493,2024-06-29,153,5073,1088,4,189.07,0,Credit Card,EMP-027
TXN-004494,2024-09-30,123,5184,1066,1,250.67,0,Gift Card,EMP-046
TXN-004495,2024-05-19,150,5185,1239,2,247.52,25,Cash,EMP-001
TXN-004496,2024-07-07,133,5031,1103,3,94.06,0,Credit Card,EMP-057
TXN-004497,2024-03-21,120,5105,1121,1,585.2,0,Gift Card,EMP-028
TXN-004498,2024-09-07,110,5127,1136,4,1413.81,25,Debit Card,EMP-058
TXN-004499,2024-05-06,129,5229,1063,4,542.99,25,Cash,EMP-056
TXN-004500,2024-11-10,108,5440,1086,5,99.43,10,Mobile Pay,EMP-069
TXN-004501,2024-08-16,144,5298,1164,2,722.64,10,Cash,EMP-078
TXN-004502,2024-11-08,123,5250,1050,4,1008.85,0,Mobile Pay,EMP-053
TXN-004503,2024-09-15,101,5448,1067,3,531.14,5,Mobile Pay,EMP-055
TXN-004504,2024-08-12,113,5016,1166,1,768.74,20,Credit Card,EMP-027
TXN-004505,2024-02-24,116,,1124,3,536.42,0,Debit Card,EMP-071
TXN-004506,2024-12-14,121,5334,1137,1,594.64,0,Credit Card,EMP-051
TXN-004507,2024-07-25,116,,1072,4,141.03,0,Gift Card,EMP-008
TXN-004508,2024-03-02,145,5428,1224,5,347.58,15,Debit Card,EMP-010
TXN-004509,2024-02-26,116,5457,1091,5,380.69,25,Gift Card,EMP-013
TXN-004510,2024-07-03,121,5440,1125,5,251.68,0,Credit Card,EMP-049
TXN-004511,2024-08-06,146,5120,1004,4,624.37,15,Credit Card,EMP-038
TXN-004512,2024-07-22,112,5334,1010,2,1107.97,10,Mobile Pay,EMP-071
TXN-004513,2024-11-23,122,5491,1155,1,165.43,0,Mobile Pay,EMP-013
TXN-004514,2024-05-05,104,5033,1087,5,512.69,10,Credit Card,EMP-010
TXN-004515,2024-06-14,132,5297,1222,1,885.67,20,Debit Card,EMP-079
TXN-004516,2024-09-25,142,5244,1017,3,84.62,0,Mobile Pay,EMP-068
TXN-004517,2024-07-21,135,,1108,2,589.82,20,Gift Card,EMP-012
TXN-004518,2024-07-19,108,5083,1143,3,533.12,0,Mobile Pay,EMP-029
TXN-004519,2024-08-29,130,5498,1253,1,452.55,10,Debit Card,EMP-075
TXN-004520,2024-01-10,110,5488,1050,1,892.12,0,Cash,EMP-051
TXN-004521,2024-03-31,112,5323,1102,3,719.83,25,Cash,EMP-066
TXN-004522,2024-06-16,135,5366,1229,5,583.02,0,Credit Card,EMP-030
TXN-004523,2024-03-27,122,,1119,2,436.83,0,Gift Card,EMP-027
TXN-004524,2024-03-29,150,5089,1035,3,448.84,10,Credit Card,EMP-015
TXN-004525,2024-05-31,144,5281,1152,3,968.03,25,Cash,EMP-038
TXN-004526,2024-04-30,120,5403,1165,3,79.4,10,Mobile Pay,EMP-070
TXN-004527,2024-01-27,137,5425,1015,2,279.49,10,Mobile Pay,EMP-028
TXN-004528,2024-07-23,131,5123,1106,3,1269.24,15,Cash,EMP-003
TXN-004529,2024-05-23,132,5276,1213,3,417.74,0,Credit Card,EMP-064
TXN-004530,2024-08-25,113,5374,1249,1,441.31,25,Debit Card,EMP-013
TXN-004531,2024-11-18,138,5185,1225,5,572.82,0,Cash,EMP-025
TXN-004532,2024-04-17,127,5344,1061,5,172.69,20,Cash,EMP-003
TXN-004533,2024-02-29,140,5046,1013,2,75.05,5,Cash,EMP-024
TXN-004534,2024-01-04,152,5089,1218,4,596.44,0,Gift Card,EMP-027
TXN-004535,2024-02-09,125,,1100,4,251.25,5,Debit Card,EMP-015
TXN-004536,2024-07-13,110,5488,1025,2,581.58,0,Credit Card,EMP-009
TXN-004537,2024-08-31,151,,1022,5,1060.47,10,Cash,EMP-060
TXN-004538,2024-05-08,143,,1012,5,147.69,15,Credit Card,EMP-071
TXN-004539,2024-02-07,154,,1154,3,1228.4,20,Mobile Pay,EMP-030
TXN-004540,2024-11-22,124,5115,1092,5,44.55,15,Credit Card,EMP-061
TXN-004541,2024-08-09,142,5122,1062,1,813.6,0,Debit Card,EMP-068
TXN-004542,2024-07-11,127,,1123,3,1056.09,20,Credit Card,EMP-022
TXN-004543,2024-05-30,129,5452,1149,4,650.2,25,Cash,EMP-011
TXN-004544,2024-12-06,132,5043,1078,3,320.55,5,Debit Card,EMP-017
TXN-004545,2024-12-31,155,5316,1127,4,171.18,15,Debit Card,EMP-051
TXN-004546,2024-03-03,140,5267,1081,5,869.5,0,Mobile Pay,EMP-071
TXN-004547,2024-05-07,108,,1026,1,657.53,0,Cash,EMP-021
TXN-004548,2024-05-14,120,5256,1030,3,509.97,10,Mobile Pay,EMP-057
TXN-004549,2024-04-21,105,5227,1020,4,78.82,10,Credit Card,EMP-074
TXN-004550,2024-01-01,121,5158,1175,1,700.07,15,Mobile Pay,EMP-001
TXN-004551,2024-04-08,151,,1066,1,105.25,25,Mobile Pay,EMP-012
TXN-004552,2024-08-24,103,5448,1008,1,403.31,0,Debit Card,EMP-058
TXN-004553,2024-04-19,134,,1137,1,594.68,25,Debit Card,EMP-004
TXN-004554,2024-05-05,154,5183,1247,4,424.29,10,Credit Card,EMP-004
TXN-004555,2024-02-02,148,5332,1146,3,236.77,10,Debit Card,EMP-052
TXN-004556,2024-01-30,110,5419,1182,3,776.16,0,Credit Card,EMP-054
TXN-004557,2024-05-23,143,5155,1053,1,645.19,0,Cash,EMP-061
TXN-004558,2024-06-11,110,5223,1225,3,737.35,0,Debit Card,EMP-030
TXN-004559,2024-02-01,109,5150,1165,1,115.31,0,Mobile Pay,EMP-066
TXN-004560,2024-05-13,139,5486,1103,3,43.25,0,Cash,EMP-079
TXN-004561,2024-03-17,121,5200,1061,2,210.29,0,Mobile Pay,EMP-037
TXN-004562,2024-08-05,107,5119,1066,4,154.79,10,Gift Card,EMP-041
TXN-004563,2024-01-05,119,5420,1111,1,370.55,0,Debit Card,EMP-061
TXN-004564,2024-11-30,142,5148,1027,4,1052.54,5,Credit Card,EMP-002
TXN-004565,2024-09-11,131,5327,1140,5,52.0,20,Gift Card,EMP-042
TXN-004566,2024-08-19,152,,1192,5,146.24,5,Credit Card,EMP-036
TXN-004567,2024-02-24,118,5495,1179,3,806.15,25,Cash,EMP-064
TXN-004568,2024-05-03,154,5335,1061,5,207.71,25,Debit Card,EMP-056
TXN-004569,2024-11-04,150,5257,1123,3,445.79,0,Cash,EMP-031
TXN-004570,2024-02-09,121,5408,1171,1,958.98,10,Credit Card,EMP-073
TXN-004571,2024-04-19,134,5059,1122,3,102.47,20,Gift Card,EMP-074
TXN-004572,2024-12-22,140,,1115,3,546.36,0,Gift Card,EMP-003
TXN-004573,2024-06-16,139,5016,1186,3,586.12,25,Gift Card,EMP-020
TXN-004574,2024-09-14,125,5078,1018,4,599.69,0,Mobile Pay,EMP-027
TXN-004575,2024-11-06,128,5039,1156,1,365.7,0,Gift Card,EMP-045
TXN-004576,2024-05-17,141,5472,1010,4,1013.37,0,Mobile Pay,EMP-066
TXN-004577,2024-11-26,135,,1229,1,688.67,20,Gift Card,EMP-026
TXN-004578,2024-02-15,108,5420,1196,4,143.87,15,Gift Card,EMP-018
TXN-004579,2024-10-10,116,5107,1039,1,1169.08,0,Cash,EMP-050
TXN-004580,2024-09-05,145,,1128,2,538.86,15,Mobile Pay,EMP-016
TXN-004581,2024-08-05,117,5490,1045,1,473.18,5,Cash,EMP-023
TXN-004582,2024-09-11,121,5103,1168,4,484.3,5,Mobile Pay,EMP-033
TXN-004583,2024-04-02,147,5158,1233,2,703.61,0,Gift Card,EMP-033
TXN-004584,2024-04-04,117,5246,1009,1,284.08,15,Gift Card,EMP-059
TXN-004585,2024-02-03,104,5175,1159,3,1197.44,0,Cash,EMP-029
TXN-004586,2024-11-24,124,5294,1207,3,612.51,25,Mobile Pay,EMP-078
TXN-004587,2024-12-27,112,5401,1156,4,250.14,5,Mobile Pay,EMP-075
TXN-004588,2024-06-27,107,5320,1117,4,14.11,0,Debit Card,EMP-075
TXN-004589,2024-03-17,143,,1022,1,707.64,5,Debit Card,EMP-007
TXN-004590,2024-02-24,149,5484,1008,1,437.18,0,Cash,EMP-052
TXN-004591,2024-10-22,119,5416,1072,1,189.41,0,Debit Card,EMP-018
TXN-004592,2024-03-05,136,5017,1047,4,694.34,5,Gift Card,EMP-042
TXN-004593,2024-12-26,150,,1221,5,1254.05,10,Debit Card,EMP-075
TXN-004594,2024-02-23,123,5499,1064,5,792.79,25,Gift Card,EMP-027
TXN-004595,2024-09-02,128,5057,1159,5,727.84,0,Debit Card,EMP-049
TXN-004596,2024-11-28,139,5414,1014,2,388.87,25,Credit Card,EMP-048
TXN-004597,2024-02-24,135,5431,1160,3,521.66,10,Gift Card,EMP-070
TXN-004598,2024-10-13,113,5001,1202,4,1189.52,10,Mobile Pay,EMP-030
TXN-004599,2024-10-05,104,5228,1032,3,279.37,10,Mobile Pay,EMP-022
TXN-004600,2024-06-05,155,5225,1216,4,361.81,0,Credit Card,EMP-042
TXN-004601,2024-04-29,134,5259,1236,2,132.86,5,Cash,EMP-071
TXN-004602,2024-02-21,136,5341,1171,2,514.15,5,Gift Card,EMP-042
TXN-004603,2024-01-30,118,5273,1207,4,621.66,25,Gift Card,EMP-071
TXN-004604,2024-03-25,115,5181,1247,4,434.07,0,Cash,EMP-055
TXN-004605,2024-05-30,116,5484,1026,2,567.74,0,Mobile Pay,EMP-003
TXN-004606,2024-07-14,142,5031,1106,4,831.06,5,Debit Card,EMP-012
TXN-004607,2024-02-21,128,,1147,1,1159.65,0,Gift Card,EMP-043
TXN-004608,2024-06-21,114,5250,1191,1,253.28,5,Cash,EMP-008
TXN-004609,2024-04-27,130,,1125,1,319.74,5,Mobile Pay,EMP-074
TXN-004610,2024-11-19,135,5415,1167,5,349.23,0,Credit Card,EMP-002
TXN-004611,2024-05-26,131,5023,1253,2,832.14,0,Mobile Pay,EMP-024
TXN-004612,2024-05-18,128,5152,1115,5,958.24,10,Mobile Pay,EMP-032
TXN-004613,2024-03-16,150,5031,1093,4,1348.46,15,Debit Card,EMP-074
TXN-004614,2024-12-04,125,5112,1156,4,194.05,0,Debit Card,EMP-004
TXN-004615,2024-08-18,103,5372,1253,5,433.1,15,Mobile Pay,EMP-071
TXN-004616,2024-12-04,145,5160,1249,3,804.2,0,Gift Card,EMP-013
TXN-004617,2024-10-18,127,5435,1155,5,294.24,10,Cash,EMP-042
TXN-004618,2024-08-10,145,5380,1084,5,1260.0,0,Mobile Pay,EMP-034
TXN-004619,2024-05-30,141,5028,1048,3,430.77,0,Cash,EMP-042
TXN-004620,2024-08-02,151,5288,1124,2,703.26,0,Credit Card,EMP-051
TXN-004621,2024-11-26,144,5305,1128,2,982.66,0,Credit Card,EMP-010
TXN-004622,2024-04-24,103,5155,1227,3,666.94,0,Mobile Pay,EMP-062
TXN-004623,2024-01-10,118,5402,1147,4,588.68,15,Cash,EMP-067
TXN-004624,2024-05-11,119,,1002,1,373.27,0,Cash,EMP-053
TXN-004625,2024-05-10,134,5197,1218,2,381.64,10,Gift Card,EMP-057
TXN-004626,2024-06-28,136,,1044,5,555.5,0,Cash,EMP-051
TXN-004627,2024-08-05,113,5042,1035,5,355.34,0,Mobile Pay,EMP-078
TXN-004628,2024-06-18,111,5057,1190,1,229.45,20,Cash,EMP-023
TXN-004629,2024-12-14,124,5060,1169,5,245.29,15,Gift Card,EMP-003
TXN-004630,2024-06-06,154,5224,1062,1,613.66,25,Cash,EMP-010
TXN-004631,2024-11-19,131,5411,1111,4,714.45,5,Credit Card,EMP-006
TXN-004632,2024-12-19,145,5080,1247,2,672.0,0,Gift Card,EMP-059
TXN-004633,2024-07-24,125,5493,1121,1,574.18,20,Gift Card,EMP-033
TXN-004634,2024-05-29,149,5187,1072,5,122.24,0,Cash,EMP-040
TXN-004635,2024-02-13,150,5260,1242,1,34.95,0,Debit Card,EMP-057
TXN-004636,2024-11-19,118,5348,1033,4,184.88,0,Gift Card,EMP-059
TXN-004637,2024-06-15,154,5136,1251,3,805.72,10,Credit Card,EMP-001
TXN-004638,2024-10-21,135,5389,1170,3,461.01,20,Debit Card,EMP-075
TXN-004639,2024-03-20,152,5431,1165,5,149.45,25,Gift Card,EMP-003
TXN-004640,2024-11-25,143,5203,1246,4,643.21,20,Cash,EMP-074
TXN-004641,2024-08-28,116,5164,1237,3,46.94,0,Cash,EMP-015
TXN-004642,2024-10-15,109,5216,1026,5,874.59,25,Cash,EMP-057
TXN-004643,2024-08-10,126,5486,1207,1,437.65,0,Gift Card,EMP-016
TXN-004644,2024-11-03,117,5429,1049,2,1244.49,15,Gift Card,EMP-079
TXN-004645,2024-04-17,155,5254,1029,1,693.69,15,Mobile Pay,EMP-058
TXN-004646,2024-06-12,142,5433,1148,4,530.22,5,Gift Card,EMP-054
TXN-004647,2024-09-05,129,5401,1012,4,195.95,25,Credit Card,EMP-035
TXN-004648,2024-01-18,104,5239,1091,2,594.29,15,Credit Card,EMP-011
TXN-004649,2024-07-03,103,5144,1095,5,1269.94,15,Mobile Pay,EMP-042
TXN-004650,2024-03-08,117,5251,1095,3,823.13,10,Cash,EMP-044
TXN-004651,2024-06-21,154,5482,1182,4,664.16,5,Debit Card,EMP-044
TXN-004652,2024-12-19,122,,1070,1,963.35,15,Debit Card,EMP-002
TXN-004653,2024-12-17,109,5240,1116,5,240.49,0,Mobile Pay,EMP-050
TXN-004654,2024-10-19,104,5254,1084,5,1042.59,10,Debit Card,EMP-055
TXN-004655,2024-07-25,140,5415,1006,5,491.64,0,Debit Card,EMP-060
TXN-004656,2024-08-10,142,5088,1175,5,1002.64,10,Debit Card,EMP-047
TXN-004657,2024-01-24,152,5203,1015,1,398.16,20,Cash,EMP-029
TXN-004658,2024-09-01,117,5269,1127,2,171.95,10,Mobile Pay,EMP-014
TXN-004659,2024-08-03,108,,1074,4,263.46,5,Mobile Pay,EMP-075
TXN-004660,2024-06-19,112,5411,1006,3,829.66,0,Cash,EMP-005
TXN-004661,2024-02-20,131,5313,1100,5,226.87,0,Mobile Pay,EMP-080
TXN-004662,2024-09-17,102,5023,1037,5,588.57,0,Debit Card,EMP-028
TXN-004663,2024-06-06,114,,1212,4,356.06,10,Debit Card,EMP-023
TXN-004664,2024-08-09,118,5399,1147,5,1216.77,10,Credit Card,EMP-071
TXN-004665,2024-01-02,123,5327,1024,5,209.85,0,Credit Card,EMP-023
TXN-004666,2024-10-20,116,5020,1217,1,193.09,0,Gift Card,EMP-020
TXN-004667,2024-10-10,128,5134,1119,3,810.22,15,Credit Card,EMP-011
TXN-004668,2024-11-30,137,5118,1038,1,468.27,15,Gift Card,EMP-050
TXN-004669,2024-08-09,114,5078,1175,5,714.93,10,Debit Card,EMP-072
TXN-004670,2024-12-11,144,5441,1054,3,1140.88,0,Gift Card,EMP-065
TXN-004671,2024-06-02,120,5123,1099,5,590.03,15,Credit Card,EMP-032
TXN-004672,2024-01-05,131,5229,1209,2,675.6,0,Mobile Pay,EMP-074
TXN-004673,2024-04-14,154,5023,1209,3,303.93,15,Debit Card,EMP-021
TXN-004674,2024-08-05,154,,1114,3,315.45,5,Mobile Pay,EMP-019
TXN-004675,2024-07-21,132,5362,1245,5,1047.52,5,Gift Card,EMP-068
TXN-004676,2024-10-18,111,5410,1214,5,288.22,20,Mobile Pay,EMP-022
TXN-004677,2024-09-16,125,5275,1125,5,316.22,0,Credit Card,EMP-038
TXN-004678,2024-01-10,111,5401,1114,5,256.98,20,Gift Card,EMP-049
TXN-004679,2024-06-09,121,5380,1047,4,1165.12,5,Credit Card,EMP-066
TXN-004680,2024-01-26,105,,1037,1,460.8,25,Credit Card,EMP-073
TXN-004681,2024-02-05,151,5127,1035,2,456.16,25,Credit Card,EMP-024
TXN-004682,2024-08-04,140,5149,1094,4,409.88,5,Cash,EMP-041
TXN-004683,2024-01-16,105,5462,1021,1,1107.74,0,Credit Card,EMP-042
TXN-004684,2024-09-18,106,5115,1078,2,266.4,25,Credit Card,EMP-006
TXN-004685,2024-12-23,118,5236,1184,5,519.26,5,Credit Card,EMP-058
TXN-004686,2024-07-03,101,5119,1107,2,112.55,0,Mobile Pay,EMP-028
TXN-004687,2024-08-20,141,5415,1055,1,685.1,0,Credit Card,EMP-013
TXN-004688,2024-12-04,111,5211,1226,1,1087.32,0,Debit Card,EMP-034
TXN-004689,2024-01-08,134,,1252,4,579.12,15,Cash,EMP-076
TXN-004690,2024-08-06,121,5332,1238,1,211.32,10,Debit Card,EMP-044
TXN-004691,2024-10-04,106,5241,1185,1,419.43,0,Credit Card,EMP-039
TXN-004692,2024-06-22,105,5124,1014,1,246.49,15,Gift Card,EMP-053
TXN-004693,2024-01-30,150,5307,1213,2,429.86,10,Mobile Pay,EMP-063
TXN-004694,2024-11-06,133,5131,1112,3,315.26,20,Debit Card,EMP-041
TXN-004695,2024-08-29,120,5091,1090,4,173.57,10,Credit Card,EMP-050
TXN-004696,2024-10-29,127,5256,1225,1,715.66,25,Cash,EMP-034
TXN-004697,2024-02-24,107,5255,1190,1,364.54,10,Gift Card,EMP-072
TXN-004698,2024-02-19,105,5010,1098,5,190.05,25,Cash,EMP-046
TXN-004699,2024-09-07,136,5377,1011,4,771.97,15,Credit Card,EMP-034
TXN-004700,2024-05-18,118,5463,1188,2,80.86,10,Debit Card,EMP-052
TXN-004701,2024-09-09,145,5031,1203,3,165.61,0,Credit Card,EMP-043
TXN-004702,2024-03-04,150,5212,1059,2,599.6,20,Gift Card,EMP-033
TXN-004703,2024-11-12,110,,1243,3,92.0,0,Mobile Pay,EMP-073
TXN-004704,2024-12-06,101,,1130,4,507.74,20,Gift Card,EMP-011
TXN-004705,2024-08-12,117,5039,1168,2,238.54,20,Cash,EMP-074
TXN-004706,2024-08-29,142,5383,1040,4,273.57,20,Mobile Pay,EMP-014
TXN-004707,2024-12-15,130,,1013,1,98.02,15,Credit Card,EMP-004
TXN-004708,2024-09-10,130,5445,1111,3,360.06,0,Gift Card,EMP-001
TXN-004709,2024-01-03,112,5128,1231,5,174.08,10,Cash,EMP-047
TXN-004710,2024-08-21,131,5471,1112,4,223.78,0,Mobile Pay,EMP-055
TXN-004711,2024-09-06,152,5081,1034,2,392.04,5,Cash,EMP-076
TXN-004712,2024-03-01,151,5303,1067,2,336.59,0,Cash,EMP-021
TXN-004713,2024-08-19,135,5248,1244,2,496.14,5,Mobile Pay,EMP-060
TXN-004714,2024-05-23,137,5347,1201,1,72.82,0,Credit Card,EMP-045
TXN-004715,2024-10-30,130,5352,1150,4,1171.71,0,Credit Card,EMP-023
TXN-004716,2024-12-09,109,5408,1199,1,584.43,5,Mobile Pay,EMP-013
TXN-004717,2024-01-08,123,,1221,4,1044.49,0,Credit Card,EMP-052
TXN-004718,2024-11-28,146,5203,1044,2,748.1,25,Credit Card,EMP-029
TXN-004719,2024-07-09,140,5452,1238,1,198.32,15,Credit Card,EMP-051
TXN-004720,2024-08-12,146,,1231,4,163.15,0,Gift Card,EMP-052
TXN-004721,2024-06-26,113,5382,1139,4,165.89,0,Debit Card,EMP-047
TXN-004722,2024-05-04,110,5096,1252,1,1327.52,0,Debit Card,EMP-042
TXN-004723,2024-05-21,102,5483,1093,4,621.71,10,Credit Card,EMP-079
TXN-004724,2024-08-12,153,5104,1144,5,1188.53,25,Credit Card,EMP-069
TXN-004725,2024-04-12,104,5386,1163,1,1229.48,0,Mobile Pay,EMP-050
TXN-004726,2024-06-14,116,5491,1139,5,104.29,5,Credit Card,EMP-001
TXN-004727,2024-05-21,154,5160,1111,4,385.49,0,Gift Card,EMP-078
TXN-004728,2024-12-22,125,5019,1219,3,686.42,5,Mobile Pay,EMP-048
TXN-004729,2024-11-15,140,5452,1204,1,405.75,15,Gift Card,EMP-032
TXN-004730,2024-01-30,142,,1068,5,950.91,0,Debit Card,EMP-059
TXN-004731,2024-08-05,144,5002,1068,1,865.94,15,Credit Card,EMP-016
TXN-004732,2024-11-15,122,5251,1140,3,65.52,25,Debit Card,EMP-070
TXN-004733,2024-09-17,120,5248,1199,1,468.55,20,Debit Card,EMP-066
TXN-004734,2024-03-25,111,,1129,3,258.01,15,Debit Card,EMP-024
TXN-004735,2024-01-07,105,5184,1095,3,1060.09,15,Credit Card,EMP-015
TXN-004736,2024-04-06,152,5047,1085,4,486.98,25,Cash,EMP-002
TXN-004737,2024-07-04,145,5382,1032,1,320.61,10,Credit Card,EMP-066
TXN-004738,2024-01-13,109,5052,1092,1,76.53,0,Mobile Pay,EMP-034
TXN-004739,2024-11-19,105,5191,1237,3,38.11,20,Gift Card,EMP-078
TXN-004740,2024-04-18,145,5208,1056,5,273.55,0,Mobile Pay,EMP-072
TXN-004741,2024-10-19,133,5115,1229,4,699.67,5,Credit Card,EMP-073
TXN-004742,2024-03-18,104,5308,1173,4,885.46,0,Cash,EMP-053
TXN-004743,2024-04-11,120,5076,1106,1,1134.32,5,Mobile Pay,EMP-027
TXN-004744,2024-11-08,142,,1217,3,192.4,0,Gift Card,EMP-029
TXN-004745,2024-08-08,120,5220,1100,2,221.91,20,Cash,EMP-025
TXN-004746,2024-02-13,145,5161,1169,5,229.57,10,Cash,EMP-054
TXN-004747,2024-10-09,135,,1195,5,325.19,15,Credit Card,EMP-038
TXN-004748,2024-07-14,135,5055,1180,4,550.86,25,Mobile Pay,EMP-030
TXN-004749,2024-05-02,113,,1250,1,212.47,10,Debit Card,EMP-027
TXN-004750,2024-05-03,149,5323,1209,2,364.36,0,Gift Card,EMP-050
TXN-004751,2024-01-03,147,,1197,2,296.4,25,Credit Card,EMP-034
TXN-004752,2024-01-03,135,5427,1007,4,268.97,20,Mobile Pay,EMP-066
TXN-004753,2024-06-04,125,5078,1120,1,173.36,0,Mobile Pay,EMP-041
TXN-004754,2024-09-01,113,5218,1188,4,99.16,0,Cash,EMP-027
TXN-004755,2024-09-05,134,5396,1050,2,830.22,5,Debit Card,EMP-006
TXN-004756,2024-10-15,135,5297,1118,2,624.17,10,Mobile Pay,EMP-064
TXN-004757,2024-01-26,145,5268,1162,4,1145.36,0,Credit Card,EMP-001
TXN-004758,2024-10-15,154,5335,1130,4,860.35,5,Mobile Pay,EMP-059
TXN-004759,2024-09-27,142,5332,1240,1,1121.67,20,Gift Card,EMP-074
TXN-004760,2024-07-17,126,5460,1003,5,452.62,0,Debit Card,EMP-063
TXN-004761,2024-10-28,111,5189,1013,5,97.89,10,Mobile Pay,EMP-042
TXN-004762,2024-09-14,144,5038,1238,4,136.32,0,Debit Card,EMP-037
TXN-004763,2024-02-21,129,5309,1171,1,830.6,5,Credit Card,EMP-006
TXN-004764,2024-10-12,101,5371,1016,5,789.61,15,Cash,EMP-033
TXN-004765,2024-09-28,153,5483,1253,3,588.99,5,Debit Card,EMP-033
TXN-004766,2024-08-01,145,5469,1231,4,228.25,0,Mobile Pay,EMP-008
TXN-004767,2024-04-03,145,5258,1026,1,507.64,20,Mobile Pay,EMP-054
TXN-004768,2024-06-01,137,5452,1015,4,241.47,10,Debit Card,EMP-004
TXN-004769,2024-09-28,145,,1128,2,932.98,25,Gift Card,EMP-023
TXN-004770,2024-11-24,129,5123,1199,1,703.35,0,Mobile Pay,EMP-068
TXN-004771,2024-09-27,122,5041,1128,3,462.5,25,Gift Card,EMP-013
TXN-004772,2024-04-30,119,5039,1162,2,1184.76,0,Mobile Pay,EMP-044
TXN-004773,2024-07-17,118,5308,1252,3,698.5,5,Debit Card,EMP-015
TXN-004774,2024-09-11,152,5369,1250,1,192.0,15,Gift Card,EMP-062
TXN-004775,2024-07-28,101,5422,1112,4,233.15,10,Mobile Pay,EMP-033
TXN-004776,2024-01-07,127,5150,1196,4,142.45,0,Credit Card,EMP-077
TXN-004777,2024-11-10,128,5431,1179,3,693.14,0,Cash,EMP-044
TXN-004778,2024-12-05,151,5287,1219,4,410.29,20,Mobile Pay,EMP-023
TXN-004779,2024-11-08,130,,1046,2,288.75,0,Mobile Pay,EMP-061
TXN-004780,2024-11-11,121,5050,1070,3,417.71,0,Debit Card,EMP-067
TXN-004781,2024-03-24,127,5285,1113,5,264.33,5,Debit Card,EMP-079
TXN-004782,2024-03-10,139,5384,1206,5,482.49,20,Debit Card,EMP-020
TXN-004783,2024-07-02,148,5256,1166,4,1018.69,0,Gift Card,EMP-053
TXN-004784,2024-08-08,124,5205,1252,4,654.51,10,Gift Card,EMP-007
TXN-004785,2024-10-13,106,5474,1234,3,501.03,0,Mobile Pay,EMP-019
TXN-004786,2024-09-03,126,,1060,1,140.57,0,Credit Card,EMP-020
TXN-004787,2024-08-07,153,5325,1106,1,1173.14,20,Credit Card,EMP-037
TXN-004788,2024-11-05,101,5042,1201,1,37.78,0,Mobile Pay,EMP-051
TXN-004789,2024-07-01,122,5158,1214,3,410.77,5,Credit Card,EMP-007
TXN-004790,2024-02-19,126,5437,1122,2,232.06,25,Cash,EMP-021
TXN-004791,2024-01-03,109,5365,1234,3,672.27,25,Debit Card,EMP-008
TXN-004792,2024-09-12,126,5210,1199,3,1141.65,20,Gift Card,EMP-014
TXN-004793,2024-01-24,143,5347,1192,4,156.3,0,Credit Card,EMP-064
TXN-004794,2024-02-17,110,5327,1055,3,1013.64,0,Credit Card,EMP-053
TXN-004795,2024-05-18,151,5215,1046,3,189.75,5,Cash,EMP-074
TXN-004796,2024-11-26,128,5071,1079,3,699.65,0,Cash,EMP-025
TXN-004797,2024-05-25,106,5134,1128,1,1042.92,20,Credit Card,EMP-021
TXN-004798,2024-09-17,146,5098,1096,5,474.16,25,Cash,EMP-046
TXN-004799,2024-11-02,137,5162,1164,2,824.68,0,Cash,EMP-009
TXN-004800,2024-12-10,134,5404,1089,2,207.32,5,Credit Card,EMP-013
TXN-004801,2024-07-23,143,5010,1237,2,86.52,0,Gift Card,EMP-064
TXN-004802,2024-08-22,115,5147,1181,2,488.17,0,Gift Card,EMP-040
TXN-004803,2024-06-25,132,5470,1174,3,324.27,0,Cash,EMP-061
TXN-004804,2024-08-20,147,5201,1034,3,268.69,25,Debit Card,EMP-066
TXN-004805,2024-04-18,151,,1170,1,680.14,20,Mobile Pay,EMP-010
TXN-004806,2024-01-12,119,5149,1009,2,324.44,0,Gift Card,EMP-073
TXN-004807,2024-05-06,109,5062,1017,5,125.74,0,Mobile Pay,EMP-046
TXN-004808,2024-09-16,104,5396,1090,2,418.46,10,Gift Card,EMP-076
TXN-004809,2024-02-06,137,5288,1001,5,109.18,0,Cash,EMP-068
TXN-004810,2024-05-13,125,5456,1059,3,505.31,0,Debit Card,EMP-029
TXN-004811,2024-05-26,130,5366,1053,1,1090.88,0,Mobile Pay,EMP-028
TXN-004812,2024-02-06,142,5312,1241,3,327.37,5,Cash,EMP-058
TXN-004813,2024-10-03,121,5438,1192,5,203.44,0,Mobile Pay,EMP-027
TXN-004814,2024-12-19,105,5083,1187,1,696.41,0,Debit Card,EMP-051
TXN-004815,2024-06-06,106,5261,1164,3,430.97,10,Cash,EMP-064
TXN-004816,2024-10-10,130,5325,1130,1,810.68,25,Credit Card,EMP-048
TXN-004817,2024-01-15,147,5330,1114,1,169.95,20,Debit Card,EMP-050
TXN-004818,2024-12-08,117,5477,1056,2,158.7,0,Mobile Pay,EMP-043
TXN-004819,2024-08-19,134,5310,1040,1,136.95,10,Mobile Pay,EMP-006
TXN-004820,2024-09-03,142,5434,1132,2,591.69,25,Gift Card,EMP-067
TXN-004821,2024-09-12,142,5496,1127,2,148.79,20,Debit Card,EMP-050
TXN-004822,2024-10-16,118,5185,1207,3,301.85,0,Gift Card,EMP-070
TXN-004823,2024-12-10,146,5231,1058,5,1415.31,0,Gift Card,EMP-022
TXN-004824,2024-07-23,127,5051,1207,3,316.63,0,Cash,EMP-078
TXN-004825,2024-10-22,155,5228,1081,5,606.54,25,Credit Card,EMP-047
TXN-004826,2024-11-25,105,5104,1085,4,828.45,5,Credit Card,EMP-028
TXN-004827,2024-11-24,105,5196,1077,5,107.03,20,Credit Card,EMP-060
TXN-004828,2024-07-13,152,,1093,1,1131.56,0,Credit Card,EMP-022
TXN-004829,2024-09-12,137,5394,1136,3,962.1,25,Credit Card,EMP-001
TXN-004830,2024-06-28,133,5116,1031,1,277.68,20,Debit Card,EMP-013
TXN-004831,2024-11-10,132,5454,1180,4,410.04,5,Debit Card,EMP-072
TXN-004832,2024-08-27,146,5085,1163,4,981.89,10,Mobile Pay,EMP-024
TXN-004833,2024-04-01,121,5243,1102,2,776.29,0,Credit Card,EMP-045
TXN-004834,2024-03-24,132,5275,1172,2,309.11,0,Mobile Pay,EMP-042
TXN-004835,2024-08-16,142,,1155,3,178.07,10,Gift Card,EMP-035
TXN-004836,2024-02-28,121,5138,1152,5,993.88,20,Debit Card,EMP-034
TXN-004837,2024-12-08,137,,1052,2,503.99,25,Mobile Pay,EMP-010
TXN-004838,2024-06-30,127,5325,1116,5,442.0,15,Credit Card,EMP-057
TXN-004839,2024-01-31,123,5079,1083,1,518.01,0,Credit Card,EMP-025
TXN-004840,2024-02-15,131,5009,1168,3,421.91,0,Cash,EMP-036
TXN-004841,2024-07-10,127,5317,1107,4,76.25,25,Mobile Pay,EMP-002
TXN-004842,2024-02-17,118,5120,1185,1,592.08,0,Credit Card,EMP-024
TXN-004843,2024-07-19,120,5355,1168,4,365.84,15,Mobile Pay,EMP-051
TXN-004844,2024-07-04,138,5071,1191,4,321.19,25,Cash,EMP-011
TXN-004845,2024-01-31,102,5314,1087,2,483.51,5,Debit Card,EMP-007
TXN-004846,2024-11-09,145,5389,1201,2,51.79,0,Cash,EMP-063
TXN-004847,2024-11-21,125,5428,1006,3,834.72,5,Mobile Pay,EMP-029
TXN-004848,2024-01-07,111,5151,1083,5,336.37,0,Mobile Pay,EMP-068
TXN-004849,2024-02-05,113,5296,1163,1,1231.2,20,Credit Card,EMP-046
TXN-004850,2024-01-29,126,5221,1123,1,494.83,20,Gift Card,EMP-007
TXN-004851,2024-04-22,137,5169,1111,1,801.01,10,Credit Card,EMP-016
TXN-004852,2024-08-23,131,5348,1169,4,355.48,20,Debit Card,EMP-014
TXN-004853,2024-10-31,137,5016,1148,5,1113.59,20,Credit Card,EMP-071
TXN-004854,2024-08-24,110,5441,1070,2,754.2,5,Credit Card,EMP-066
TXN-004855,2024-12-08,131,5364,1193,4,262.77,0,Cash,EMP-028
TXN-004856,2024-08-21,126,5379,1090,5,331.35,20,Debit Card,EMP-058
TXN-004857,2024-05-09,101,5119,1236,1,151.85,25,Credit Card,EMP-042
TXN-004858,2024-05-11,102,5181,1125,1,408.38,5,Debit Card,EMP-050
TXN-004859,2024-08-19,154,5033,1220,3,614.44,20,Mobile Pay,EMP-067
TXN-004860,2024-02-03,112,5273,1071,3,554.77,20,Cash,EMP-078
TXN-004861,2024-11-24,142,5060,1213,2,395.17,25,Credit Card,EMP-054
TXN-004862,2024-06-15,143,5085,1015,2,302.09,0,Cash,EMP-073
TXN-004863,2024-07-28,151,5043,1164,2,474.98,0,Gift Card,EMP-009
TXN-004864,2024-07-05,116,,1028,4,496.35,0,Credit Card,EMP-036
TXN-004865,2024-08-13,119,5156,1153,5,176.37,10,Credit Card,EMP-045
TXN-004866,2024-12-15,149,5309,1207,2,472.14,10,Debit Card,EMP-064
TXN-004867,2024-10-13,141,5360,1145,1,359.33,0,Mobile Pay,EMP-069
TXN-004868,2024-11-01,144,5218,1014,1,226.17,20,Gift Card,EMP-010
TXN-004869,2024-05-29,128,5327,1079,4,747.3,0,Credit Card,EMP-062
TXN-004870,2024-08-26,101,5083,1176,4,377.34,25,Credit Card,EMP-072
TXN-004871,2024-01-16,136,5176,1088,2,252.86,10,Credit Card,EMP-033
TXN-004872,2024-11-15,145,5301,1166,3,754.41,25,Debit Card,EMP-037
TXN-004873,2024-01-04,105,5187,1009,5,230.44,20,Credit Card,EMP-058
TXN-004874,2024-06-26,110,5395,1151,3,815.0,10,Mobile Pay,EMP-054
TXN-004875,2024-05-15,154,5301,1166,3,1070.37,5,Debit Card,EMP-047
TXN-004876,2024-02-08,109,,1154,4,974.17,5,Debit Card,EMP-034
TXN-004877,2024-11-14,149,,1214,4,246.76,25,Credit Card,EMP-069
TXN-004878,2024-06-16,133,5216,1148,2,658.25,5,Gift Card,EMP-047
TXN-004879,2024-07-08,151,5275,1068,2,723.85,0,Debit Card,EMP-067
TXN-004880,2024-11-20,122,5439,1002,4,178.09,20,Gift Card,EMP-036
TXN-004881,2024-02-21,114,5052,1173,5,1394.69,15,Cash,EMP-032
TXN-004882,2024-03-21,133,5007,1232,2,1326.75,25,Debit Card,EMP-016
TXN-004883,2024-08-24,144,5076,1082,2,145.51,0,Cash,EMP-031
TXN-004884,2024-05-08,123,5291,1179,4,488.03,20,Cash,EMP-056
TXN-004885,2024-03-25,124,5114,1142,1,263.83,0,Mobile Pay,EMP-034
TXN-004886,2024-12-19,120,5022,1084,5,1119.71,0,Gift Card,EMP-038
TXN-004887,2024-01-22,125,5265,1122,2,227.99,15,Cash,EMP-067
TXN-004888,2024-08-13,148,5375,1192,4,118.74,0,Mobile Pay,EMP-021
TXN-004889,2024-11-18,147,5237,1164,2,540.97,20,Credit Card,EMP-068
TXN-004890,2024-01-31,144,,1095,2,794.0,20,Debit Card,EMP-026
TXN-004891,2024-12-27,124,5235,1171,1,487.1,0,Credit Card,EMP-048
TXN-004892,2024-04-11,102,5382,1218,2,298.61,10,Credit Card,EMP-037
TXN-004893,2024-08-15,145,5435,1123,5,1011.98,20,Debit Card,EMP-063
TXN-004894,2024-02-15,135,5300,1061,4,367.75,0,Gift Card,EMP-004
TXN-004895,2024-12-19,135,5094,1249,5,958.4,0,Debit Card,EMP-020
TXN-004896,2024-12-01,140,5444,1201,4,77.57,15,Mobile Pay,EMP-047
TXN-004897,2024-04-09,118,5199,1195,3,544.11,15,Credit Card,EMP-021
TXN-004898,2024-11-16,110,5086,1084,1,1240.77,5,Cash,EMP-053
TXN-004899,2024-05-11,137,5301,1174,4,270.08,0,Debit Card,EMP-067
TXN-004900,2024-01-30,125,5482,1115,1,433.33,20,Gift Card,EMP-076
TXN-004901,2024-11-29,103,5038,1052,4,525.62,5,Gift Card,EMP-020
TXN-004902,2024-11-11,138,,1037,5,496.02,20,Credit Card,EMP-040
TXN-004903,2024-12-21,151,5253,1048,1,708.27,0,Debit Card,EMP-054
TXN-004904,2024-11-29,122,5306,1049,4,1037.06,0,Cash,EMP-005
TXN-004905,2024-12-17,114,5071,1149,3,818.32,0,Gift Card,EMP-068
TXN-004906,2024-10-06,144,5000,1158,5,376.58,20,Credit Card,EMP-068
TXN-004907,2024-02-05,107,,1024,3,238.74,0,Debit Card,EMP-052
TXN-004908,2024-01-14,133,5015,1063,3,956.39,10,Cash,EMP-035
TXN-004909,2024-04-17,108,,1206,2,831.93,0,Mobile Pay,EMP-064
TXN-004910,2024-09-10,115,5400,1219,1,459.48,0,Gift Card,EMP-008
TXN-004911,2024-06-04,103,5123,1060,5,128.13,25,Gift Card,EMP-063
TXN-004912,2024-06-17,117,5402,1246,2,809.04,0,Gift Card,EMP-016
TXN-004913,2024-10-11,134,,1195,4,675.02,10,Mobile Pay,EMP-022
TXN-004914,2024-11-02,107,5116,1024,1,212.42,0,Mobile Pay,EMP-046
TXN-004915,2024-11-12,104,5111,1178,2,557.01,5,Credit Card,EMP-018
TXN-004916,2024-02-06,102,5384,1126,3,1010.04,0,Debit Card,EMP-018
TXN-004917,2024-09-09,106,5047,1220,5,737.12,15,Gift Card,EMP-022
TXN-004918,2024-01-13,125,5059,1107,3,61.58,0,Mobile Pay,EMP-022
TXN-004919,2024-07-21,137,5004,1023,3,503.81,5,Credit Card,EMP-006
TXN-004920,2024-01-10,139,,1250,2,248.15,15,Credit Card,EMP-029
TXN-004921,2024-07-22,142,5278,1223,1,453.66,0,Debit Card,EMP-058
TXN-004922,2024-01-17,136,5454,1046,1,162.31,10,Credit Card,EMP-010
TXN-004923,2024-05-21,146,,1100,2,228.59,20,Credit Card,EMP-060
TXN-004924,2024-09-10,148,5323,1037,3,1050.32,15,Credit Card,EMP-074
TXN-004925,2024-10-09,145,5104,1002,3,250.05,5,Debit Card,EMP-027
TXN-004926,2024-07-04,127,5095,1007,2,144.96,15,Credit Card,EMP-005
TXN-004927,2024-06-08,108,5480,1216,4,525.49,5,Credit Card,EMP-047
TXN-004928,2024-12-06,114,5051,1020,2,73.58,0,Credit Card,EMP-076
TXN-004929,2024-07-21,138,5478,1114,2,213.65,10,Credit Card,EMP-062
TXN-004930,2024-06-07,141,5290,1024,4,200.77,20,Cash,EMP-031
TXN-004931,2024-05-01,143,5115,1145,5,165.76,15,Mobile Pay,EMP-036
TXN-004932,2024-04-12,133,5447,1057,1,875.41,0,Credit Card,EMP-071
TXN-004933,2024-06-01,124,5249,1027,1,697.2,0,Cash,EMP-056
TXN-004934,2024-09-22,101,5185,1062,1,1040.6,5,Gift Card,EMP-033
TXN-004935,2024-11-20,133,5184,1232,3,1368.41,20,Cash,EMP-021
TXN-004936,2024-01-31,139,5468,1026,1,671.7,0,Debit Card,EMP-022
TXN-004937,2024-01-02,134,5307,1025,5,631.57,0,Mobile Pay,EMP-003
TXN-004938,2024-10-31,130,5016,1029,3,944.62,0,Gift Card,EMP-021
TXN-004939,2024-07-18,152,5181,1209,1,643.82,10,Mobile Pay,EMP-013
TXN-004940,2024-07-19,141,,1166,5,543.72,10,Debit Card,EMP-078
TXN-004941,2024-12-11,141,5380,1111,5,535.64,25,Debit Card,EMP-002
TXN-004942,2024-03-13,136,5484,1228,4,297.56,0,Credit Card,EMP-030
TXN-004943,2024-07-15,125,5249,1201,3,72.04,0,Cash,EMP-038
TXN-004944,2024-03-14,108,5240,1185,5,965.81,25,Cash,EMP-044
TXN-004945,2024-04-21,123,5188,1017,1,183.98,0,Credit Card,EMP-019
TXN-004946,2024-11-17,138,5368,1159,3,1361.81,10,Mobile Pay,EMP-026
TXN-004947,2024-06-10,129,5415,1109,2,360.38,10,Debit Card,EMP-053
TXN-004948,2024-11-18,137,5012,1024,5,108.46,0,Cash,EMP-042
TXN-004949,2024-01-30,143,5220,1166,3,781.98,25,Credit Card,EMP-020
TXN-004950,2024-04-11,104,5251,1108,4,248.07,0,Debit Card,EMP-023
TXN-004951,2024-07-04,143,5103,1044,1,541.64,5,Cash,EMP-012
TXN-004952,2024-08-18,137,5014,1108,3,314.61,10,Credit Card,EMP-063
TXN-004953,2024-07-08,116,,1069,4,866.91,0,Cash,EMP-071
TXN-004954,2024-05-17,113,,1142,5,325.85,5,Debit Card,EMP-079
TXN-004955,2024-07-26,149,,1159,5,1129.25,0,Gift Card,EMP-055
TXN-004956,2024-11-29,109,5055,1170,1,775.56,20,Cash,EMP-050
TXN-004957,2024-05-22,125,5245,1185,3,637.04,25,Gift Card,EMP-046
TXN-004958,2024-07-14,117,,1044,3,539.08,0,Credit Card,EMP-040
TXN-004959,2024-05-06,137,5297,1204,2,996.81,15,Mobile Pay,EMP-002
TXN-004960,2024-10-24,101,5061,1149,2,1208.65,15,Cash,EMP-014
TXN-004961,2024-05-08,144,5165,1062,3,945.9,0,Credit Card,EMP-032
TXN-004962,2024-04-05,149,5277,1241,4,372.19,15,Gift Card,EMP-016
TXN-004963,2024-10-01,151,5288,1196,5,297.28,0,Cash,EMP-024
TXN-004964,2024-09-28,103,5451,1220,3,654.83,5,Credit Card,EMP-056
TXN-004965,2024-09-07,115,5277,1057,1,1071.29,5,Gift Card,EMP-068
TXN-004966,2024-05-28,130,5243,1005,4,71.33,0,Credit Card,EMP-075
TXN-004967,2024-11-27,132,5432,1032,1,513.43,25,Credit Card,EMP-078
TXN-004968,2024-06-30,120,5388,1251,3,747.53,10,Credit Card,EMP-056
TXN-004969,2024-10-29,120,,1242,2,43.46,25,Mobile Pay,EMP-061
TXN-004970,2024-04-16,145,5395,1142,3,513.5,15,Mobile Pay,EMP-064
TXN-004971,2024-08-05,111,5319,1156,5,275.63,20,Debit Card,EMP-053
TXN-004972,2024-04-26,117,5493,1043,2,209.53,25,Credit Card,EMP-025
TXN-004973,2024-12-12,143,,1221,1,1108.69,15,Mobile Pay,EMP-052
TXN-004974,2024-06-13,117,,1175,1,957.52,5,Cash,EMP-025
TXN-004975,2024-01-11,115,5438,1229,2,492.5,25,Mobile Pay,EMP-071
TXN-004976,2024-02-13,123,5477,1165,1,137.24,0,Mobile Pay,EMP-001
TXN-004977,2024-03-22,148,5219,1175,2,607.83,25,Cash,EMP-028
TXN-004978,2024-08-24,105,,1064,5,830.17,10,Debit Card,EMP-037
TXN-004979,2024-02-08,108,5366,1049,4,806.22,0,Mobile Pay,EMP-016
TXN-004980,2024-02-03,111,5195,1028,1,592.22,25,Debit Card,EMP-033
TXN-004981,2024-08-24,147,5117,1138,3,732.24,10,Credit Card,EMP-036
TXN-004982,2024-06-14,120,5445,1239,4,314.56,5,Credit Card,EMP-013
TXN-004983,2024-07-21,126,5207,1132,2,551.4,25,Credit Card,EMP-002
TXN-004984,2024-10-06,115,5137,1223,5,457.1,5,Credit Card,EMP-016
TXN-004985,2024-06-01,107,5376,1141,4,704.66,15,Mobile Pay,EMP-002
TXN-004986,2024-09-22,117,5405,1136,1,1441.76,0,Debit Card,EMP-037
TXN-004987,2024-05-25,134,5284,1243,2,59.22,20,Credit Card,EMP-060
TXN-004988,2024-04-15,152,,1068,5,1137.14,25,Debit Card,EMP-056
TXN-004989,2024-04-13,134,5047,1021,1,823.48,5,Mobile Pay,EMP-018
TXN-004990,2024-03-18,120,5003,1151,3,934.59,0,Debit Card,EMP-001
TXN-004991,2024-11-24,108,5290,1135,1,17.69,20,Cash,EMP-063
TXN-004992,2024-07-30,136,5101,1066,4,194.74,0,Debit Card,EMP-030
TXN-004993,2024-08-31,132,5325,1167,5,317.52,0,Gift Card,EMP-010
TXN-004994,2024-07-05,124,5094,1089,5,209.52,5,Credit Card,EMP-023
TXN-004995,2024-02-15,104,,1052,2,439.79,5,Gift Card,EMP-040
TXN-004996,2024-02-07,126,5232,1234,1,712.84,0,Gift Card,EMP-064
TXN-004997,2024-06-07,145,5211,1154,3,1305.52,0,Credit Card,EMP-044
TXN-004998,2024-12-21,131,,1008,5,350.19,0,Debit Card,EMP-068
TXN-004999,2024-09-18,139,5113,1172,5,303.51,15,Gift Card,EMP-029
TXN-005000,2024-01-30,151,5491,1199,2,859.13,25,Gift Card,EMP-013
